shipment_id,order_date,dispatch_date,delivery_date,origin_city,destination_city,distance_km,carrier,vehicle_type,priority,weight_kg,freight_cost_inr,delivery_status,distance_imputed,weight_imputed,cost_imputed,delivery_imputed,weight_kg_outlier,cost_outlier,dispatch_lag_days,transit_days,expected_transit_days,delay_days,is_late,cost_per_km,order_month,severe_delay_flag,weight_kg_norm,distance_km_norm,freight_cost_inr_norm,transit_days_z,delay_days_z
SHP-000001,2024-11-21,2024-11-22,2024-11-23,Chennai,Bengaluru,387.7,BharatCargo,Truck,Standard,6003.8,13458.0,Delivered,False,False,False,False,False,False,1,1.0,1.0,0.0,0.0,34.71,11,False,0.7949,0.3483,0.4501,-1.6819,-0.4391
SHP-000002,2024-08-26,2024-08-26,2024-08-31,Bengaluru,Jaipur,1938.2,RapidFreight,Truck,Standard,6452.7,45479.0,Delivered,False,False,False,False,False,False,0,5.0,5.0,0.0,0.0,23.46,8,False,0.8045,0.9086,0.7528,0.7348,-0.4391
SHP-000003,2024-08-12,2024-08-13,2024-08-17,Hyderabad,Delhi,1430.9,TransIndia Logistics,Truck,Standard,2155.7,29785.0,Delivered,False,False,False,False,False,False,1,4.0,4.0,0.0,0.0,20.82,8,False,0.6584,0.8029,0.6475,0.1307,-0.4391
SHP-000004,2024-04-07,2024-04-08,2024-04-11,Chennai,Hyderabad,612.9,SafeHaul,Truck,Standard,5224.1,15846.0,Delivered,False,False,False,False,False,False,1,3.0,2.0,1.0,1.0,25.85,4,False,0.7763,0.5076,0.4907,-0.4735,1.2884
SHP-000005,2024-09-28,2024-10-01,2024-10-02,Delhi,Jaipur,318.0,TransIndia Logistics,Truck,Standard,9668.7,11433.0,Delivered,False,False,False,False,False,False,3,1.0,1.0,0.0,0.0,35.95,9,False,0.8583,0.2794,0.4096,-1.6819,-0.4391
SHP-000006,2024-06-02,2024-06-03,2024-06-08,Ahmedabad,Lucknow,1191.3,BharatCargo,Mini Truck,Standard,557.8,13667.0,Delivered,False,False,False,False,False,False,1,5.0,4.0,1.0,1.0,11.47,6,False,0.4785,0.739,0.4539,0.7348,1.2884
SHP-000007,2024-01-18,2024-01-18,2024-01-23,Chennai,Kolkata,1686.2,SafeHaul,Truck,Standard,5243.1,42177.0,Delivered,False,False,False,False,False,False,0,5.0,5.0,0.0,0.0,25.01,1,False,0.7768,0.8601,0.734,0.7348,-0.4391
SHP-000008,2024-11-07,2024-11-08,2024-11-12,Chennai,Pune,1247.1,BharatCargo,Mini Truck,Standard,771.6,14361.0,Delivered,False,False,False,False,False,False,1,4.0,4.0,0.0,0.0,11.52,11,False,0.5217,0.755,0.4662,0.1307,-0.4391
SHP-000009,2024-01-22,2024-01-24,2024-01-29,Delhi,Kolkata,1752.7,BharatCargo,Truck,Standard,5563.3,42823.0,Returned,False,False,False,False,False,False,2,5.0,5.0,0.0,0.0,24.43,1,False,0.7847,0.8735,0.7378,0.7348,-0.4391
SHP-000010,2024-09-26,2024-09-26,2024-10-02,Bengaluru,Mumbai,1083.1,RapidFreight,Mini Truck,Standard,377.2,13474.0,Delivered,False,False,False,False,False,False,0,6.0,4.0,2.0,1.0,12.44,9,True,0.4265,0.7059,0.4504,1.339,3.0159
SHP-000011,2024-03-05,2024-03-08,2024-03-11,Mumbai,Bengaluru,1069.4,TransIndia Logistics,Container,Standard,13476.0,41389.0,Returned,False,True,False,False,False,False,3,3.0,3.0,0.0,0.0,38.7,3,False,0.9026,0.7014,0.7293,-0.4735,-0.4391
SHP-000012,2024-06-25,2024-06-26,2024-06-28,Ahmedabad,Jaipur,688.5,BharatCargo,Truck,Express,10893.9,27539.0,Delivered,False,False,False,False,False,False,1,2.0,2.0,0.0,0.0,40.0,6,False,0.8742,0.5481,0.6281,-1.0777,-0.4391
SHP-000013,2024-11-19,2024-11-19,2024-11-24,Kolkata,Pune,2033.8,BharatCargo,Container,Standard,9690.5,70291.0,Delivered,False,False,False,False,False,False,0,5.0,5.0,0.0,0.0,34.56,11,False,0.8586,0.9254,0.861,0.7348,-0.4391
SHP-000014,2024-02-08,2024-02-08,2024-02-10,Hyderabad,Bengaluru,680.4,BharatCargo,Unknown,Standard,3849.1,18926.0,Delivered,False,True,False,False,False,False,0,2.0,2.0,0.0,0.0,27.82,2,False,0.7356,0.544,0.5348,-1.0777,-0.4391
SHP-000015,2024-09-24,2024-09-27,2024-10-03,Bengaluru,Kolkata,2031.4,BharatCargo,Truck,Standard,6030.4,44055.0,Delivered,False,True,False,False,False,False,3,6.0,6.0,0.0,0.0,21.69,9,False,0.7955,0.9249,0.7448,1.339,-0.4391
SHP-000016,2024-09-04,2024-09-07,2024-09-16,Mumbai,Kolkata,2178.7,SafeHaul,Container,Standard,19463.5,81797.0,Delivered,False,False,False,False,False,False,3,9.0,5.0,4.0,1.0,37.54,9,True,0.9515,0.9493,0.8987,3.1516,6.4709
SHP-000017,2024-11-21,2024-11-23,2024-11-28,Kolkata,Chennai,1819.8,SafeHaul,Truck,Standard,5676.6,41932.0,Delivered,False,False,False,True,False,False,2,5.0,5.0,0.0,0.0,23.04,11,False,0.7874,0.8866,0.7326,0.7348,-0.4391
SHP-000018,2024-03-11,2024-03-12,2024-03-17,Delhi,Kolkata,1590.3,SafeHaul,Truck,Standard,3602.5,38985.0,Delivered,False,False,False,False,False,False,1,5.0,4.0,1.0,1.0,24.51,3,False,0.7268,0.8397,0.7145,0.7348,1.2884
SHP-000019,2024-11-03,2024-11-05,2024-11-08,Hyderabad,Mumbai,818.7,BharatCargo,Truck,Standard,6341.5,22664.0,Delivered,False,False,False,False,False,False,2,3.0,3.0,0.0,0.0,27.68,11,False,0.8022,0.6084,0.5796,-0.4735,-0.4391
SHP-000020,2024-07-03,2024-07-03,2024-07-08,Kolkata,Pune,1991.7,BharatCargo,Container,Standard,9187.1,61080.0,Delivered,False,False,False,False,False,False,0,5.0,5.0,0.0,0.0,30.67,7,False,0.8515,0.9181,0.8261,0.7348,-0.4391
SHP-000021,2024-06-24,2024-06-25,2024-06-27,Chennai,Mumbai,1189.5,RapidFreight,Air Cargo,Express,53.4,46630.0,Delivered,False,False,False,False,False,False,1,2.0,1.0,1.0,1.0,39.2,6,False,0.1681,0.7385,0.759,-1.0777,1.2884
SHP-000022,2024-05-27,2024-05-28,2024-06-01,Mumbai,Delhi,1343.5,SafeHaul,Mini Truck,Standard,291.5,14578.0,Delivered,False,False,False,False,False,False,1,4.0,4.0,0.0,0.0,10.85,5,False,0.3923,0.7809,0.47,0.1307,-0.4391
SHP-000023,2024-06-06,2024-06-06,2024-06-09,Ahmedabad,Hyderabad,1079.7,TransIndia Logistics,Truck,Express,3163.5,31307.0,Delivered,False,False,False,False,False,False,0,3.0,3.0,0.0,0.0,29.0,6,False,0.7095,0.7048,0.6599,-0.4735,-0.4391
SHP-000024,2024-07-31,2024-08-01,2024-08-06,Hyderabad,Kolkata,1545.5,BharatCargo,Truck,Standard,13547.0,41811.0,Delivered,False,False,False,False,False,False,1,5.0,4.0,1.0,1.0,27.05,7,False,0.9033,0.8297,0.7319,0.7348,1.2884
SHP-000025,2024-02-13,2024-02-14,2024-02-16,Chennai,Hyderabad,662.5,GreenLine Carriers,Truck,Standard,3864.7,16483.0,Delivered,False,False,False,False,False,False,1,2.0,2.0,0.0,0.0,24.88,2,False,0.7362,0.5347,0.5005,-1.0777,-0.4391
SHP-000026,2024-06-22,2024-06-22,2024-06-26,Delhi,Kolkata,1680.6,RapidFreight,Container,Standard,16481.5,67747.0,Delivered,False,False,False,False,False,False,0,4.0,4.0,0.0,0.0,40.31,6,False,0.9294,0.8589,0.8518,0.1307,-0.4391
SHP-000027,2024-09-18,2024-09-19,2024-09-27,Bengaluru,Kolkata,2153.6,TransIndia Logistics,Truck,Standard,3632.7,52121.0,Delivered,False,False,False,False,False,False,1,8.0,6.0,2.0,1.0,24.2,9,True,0.7279,0.9453,0.7866,2.5474,3.0159
SHP-000028,2024-07-22,2024-07-22,2024-07-26,Delhi,Hyderabad,1525.4,SafeHaul,Unknown,Express,18263.3,71869.0,Delivered,False,False,False,False,False,False,0,4.0,4.0,0.0,0.0,47.11,7,False,0.9431,0.8251,0.8665,0.1307,-0.4391
SHP-000029,2024-03-08,2024-03-10,2024-03-14,Delhi,Pune,1499.2,SafeHaul,Truck,Standard,3241.7,33003.0,Delivered,False,False,False,False,False,False,2,4.0,4.0,0.0,0.0,22.01,3,False,0.7128,0.8191,0.6731,0.1307,-0.4391
SHP-000030,2024-05-28,2024-05-28,2024-05-30,Chennai,Hyderabad,657.8,SafeHaul,Mini Truck,Standard,716.7,8848.0,Delivered,True,False,False,False,False,False,0,2.0,2.0,0.0,0.0,13.45,5,False,0.5118,0.5322,0.3459,-1.0777,-0.4391
SHP-000031,2024-06-30,2024-07-01,2024-07-04,Chennai,Patna,1840.4,RapidFreight,Air Cargo,Standard,158.1,52111.0,Delivered,False,False,False,False,False,False,1,3.0,2.0,1.0,1.0,28.32,6,False,0.3111,0.8905,0.7866,-0.4735,1.2884
SHP-000032,2024-09-24,2024-09-25,2024-09-28,Ahmedabad,Hyderabad,1126.8,TransIndia Logistics,Truck,Express,18000.0,43026.0,Delivered,False,False,False,False,False,False,1,3.0,3.0,0.0,0.0,38.18,9,False,0.9411,0.7196,0.739,-0.4735,-0.4391
SHP-000033,2024-11-30,2024-12-01,2024-12-04,Mumbai,Chennai,1238.0,BharatCargo,Container,Standard,17456.4,55292.0,Delivered,False,False,False,False,False,False,1,3.0,3.0,0.0,0.0,44.66,11,False,0.9371,0.7524,0.8013,-0.4735,-0.4391
SHP-000034,2024-08-11,2024-08-11,2024-08-16,Mumbai,Chennai,1397.3,SafeHaul,Truck,Express,4203.9,37418.0,Delivered,False,False,False,False,False,False,0,5.0,4.0,1.0,1.0,26.78,8,False,0.7474,0.7946,0.7043,0.7348,1.2884
SHP-000035,2024-09-27,2024-09-28,2024-09-30,Bengaluru,Hyderabad,622.0,RapidFreight,Container,Express,13476.0,35260.0,Delivered,False,True,False,False,False,False,1,2.0,2.0,0.0,0.0,56.69,9,False,0.9026,0.5128,0.6895,-1.0777,-0.4391
SHP-000036,2024-02-01,2024-02-02,2024-02-06,Delhi,Mumbai,1587.8,RapidFreight,Truck,Standard,18000.0,43874.0,Delivered,False,False,False,False,False,False,1,4.0,4.0,0.0,0.0,27.63,2,False,0.9411,0.8391,0.7438,0.1307,-0.4391
SHP-000037,2024-12-17,2024-12-17,2024-12-21,Delhi,Pune,1498.9,GreenLine Carriers,Truck,Express,2256.9,49379.0,Delivered,False,False,False,True,False,False,0,4.0,4.0,0.0,0.0,32.94,12,False,0.6645,0.819,0.7732,0.1307,-0.4391
SHP-000038,2024-05-08,2024-05-09,2024-05-12,Bengaluru,Pune,979.3,BharatCargo,Container,Express,10424.8,46207.0,Delivered,False,False,True,False,False,False,1,3.0,3.0,0.0,0.0,47.18,5,False,0.8684,0.6708,0.7567,-0.4735,-0.4391
SHP-000039,2024-05-24,2024-05-25,2024-05-28,Mumbai,Bengaluru,1079.8,BharatCargo,Truck,Standard,5205.0,25991.0,Delivered,False,False,False,False,False,False,1,3.0,3.0,0.0,0.0,24.07,5,False,0.7758,0.7048,0.6137,-0.4735,-0.4391
SHP-000040,2024-04-01,2024-04-02,2024-04-08,Kolkata,Bengaluru,1995.2,RapidFreight,Truck,Standard,4671.6,43447.0,Delivered,False,False,False,False,False,False,1,6.0,5.0,1.0,1.0,21.78,4,False,0.7614,0.9187,0.7414,1.339,1.2884
SHP-000041,2024-02-04,2024-02-07,2024-02-08,Bengaluru,Chennai,371.6,SafeHaul,Container,Standard,12460.9,17711.0,Delivered,True,False,False,False,False,False,3,1.0,1.0,0.0,0.0,47.66,2,False,0.8921,0.3336,0.5183,-1.6819,-0.4391
SHP-000042,2024-10-31,2024-10-31,2024-11-02,Hyderabad,Pune,649.3,TransIndia Logistics,Truck,Standard,2743.5,16235.0,Delivered,False,False,False,False,False,False,0,2.0,2.0,0.0,0.0,25.0,10,False,0.6905,0.5277,0.4967,-1.0777,-0.4391
SHP-000043,2024-04-08,2024-04-10,2024-04-14,Chennai,Ahmedabad,1778.3,Unknown,Container,Standard,22884.1,67102.0,Delivered,False,False,False,False,False,False,2,4.0,4.0,0.0,0.0,37.73,4,False,0.9731,0.8786,0.8494,0.1307,-0.4391
SHP-000044,2024-04-25,2024-04-28,2024-05-03,Mumbai,Kolkata,2050.7,SafeHaul,Container,Standard,8509.2,80652.0,Delivered,False,False,True,False,False,False,3,5.0,5.0,0.0,0.0,39.33,4,False,0.8413,0.9282,0.8952,0.7348,-0.4391
SHP-000045,2024-03-15,2024-03-17,2024-03-19,Hyderabad,Bengaluru,636.3,RapidFreight,Container,Standard,13052.5,28018.0,Delivered,False,False,False,False,False,False,2,2.0,2.0,0.0,0.0,44.03,3,False,0.8983,0.5207,0.6323,-1.0777,-0.4391
SHP-000046,2024-12-24,2024-12-25,2024-12-27,Hyderabad,Delhi,1567.7,RapidFreight,Air Cargo,Standard,426.9,58077.0,Delivered,False,False,False,False,False,False,1,2.0,2.0,0.0,0.0,37.05,12,False,0.4429,0.8347,0.8135,-1.0777,-0.4391
SHP-000047,2024-10-28,2024-10-30,2024-11-02,Mumbai,Hyderabad,867.8,RapidFreight,Truck,Standard,5892.3,22113.0,Delivered,False,False,False,False,False,False,2,3.0,3.0,0.0,0.0,25.48,10,False,0.7924,0.6287,0.5735,-0.4735,-0.4391
SHP-000048,2024-12-09,2024-12-10,2024-12-14,Mumbai,Chennai,1317.9,SafeHaul,Truck,Standard,3333.8,31526.0,Delivered,False,False,False,False,False,False,1,4.0,4.0,0.0,0.0,23.92,12,False,0.7165,0.7742,0.6617,0.1307,-0.4391
SHP-000049,2024-11-20,2024-11-21,2024-11-23,Chennai,Bengaluru,394.9,Unknown,Mini Truck,Standard,311.6,5037.0,Delivered,False,False,False,False,False,False,1,2.0,2.0,0.0,0.0,12.76,11,False,0.4011,0.3547,0.2058,-1.0777,-0.4391
SHP-000050,2024-12-02,2024-12-05,2024-12-09,Delhi,Hyderabad,1594.4,RapidFreight,Container,Standard,12917.2,67521.0,Delivered,False,False,False,False,False,False,3,4.0,4.0,0.0,0.0,42.35,12,False,0.8969,0.8406,0.851,0.1307,-0.4391
SHP-000051,2024-07-14,2024-07-14,2024-07-17,Delhi,Bengaluru,2249.7,BharatCargo,Air Cargo,Standard,70.4,69320.0,Delivered,False,False,False,False,False,False,0,3.0,2.0,1.0,1.0,30.81,7,False,0.2044,0.9605,0.8575,-0.4735,1.2884
SHP-000052,2024-03-10,2024-03-12,2024-03-19,Delhi,Bengaluru,2108.9,SafeHaul,Container,Standard,15042.6,79877.0,Delivered,False,False,False,False,False,False,2,7.0,5.0,2.0,1.0,37.88,3,True,0.9172,0.938,0.8928,1.9432,3.0159
SHP-000053,2024-05-13,2024-05-14,2024-05-19,Chennai,Ahmedabad,1724.6,SafeHaul,Truck,Standard,2588.0,38247.0,Delivered,False,False,False,False,False,False,1,5.0,5.0,0.0,0.0,22.18,5,False,0.6828,0.8679,0.7097,0.7348,-0.4391
SHP-000054,2024-04-29,2024-04-29,2024-05-04,Kolkata,Jaipur,1751.8,SafeHaul,Truck,Express,9772.6,43774.0,Delivered,False,False,True,False,False,False,0,5.0,5.0,0.0,0.0,24.99,4,False,0.8598,0.8734,0.7433,0.7348,-0.4391
SHP-000055,2024-10-10,2024-10-11,2024-10-17,Chennai,Delhi,2389.8,BharatCargo,Container,Standard,14577.8,90975.0,Delivered,False,False,False,False,False,False,1,6.0,6.0,0.0,0.0,38.07,10,False,0.913,0.9816,0.9251,1.339,-0.4391
SHP-000056,2024-01-11,2024-01-13,2024-01-14,Chennai,Bengaluru,375.3,RapidFreight,Truck,Standard,6723.9,13017.0,Delivered,False,False,False,False,False,False,2,1.0,1.0,0.0,0.0,34.68,1,False,0.81,0.337,0.4418,-1.6819,-0.4391
SHP-000057,2024-02-28,2024-02-29,2024-03-06,Bengaluru,Jaipur,2109.2,BharatCargo,Truck,Standard,14245.0,52378.0,Returned,False,False,False,False,False,False,1,6.0,6.0,0.0,0.0,24.83,2,False,0.91,0.938,0.7879,1.339,-0.4391
SHP-000058,2024-09-30,2024-10-02,2024-10-04,Kolkata,Patna,615.2,BharatCargo,Truck,Standard,4613.9,16448.0,Delivered,False,False,False,False,False,False,2,2.0,2.0,0.0,0.0,26.74,9,False,0.7598,0.5089,0.5,-1.0777,-0.4391
SHP-000059,2024-02-20,2024-02-21,2024-02-27,Delhi,Chennai,2393.5,SafeHaul,Container,Standard,10859.3,90798.0,Delivered,False,False,False,False,False,True,1,6.0,6.0,0.0,0.0,37.94,2,False,0.8738,0.9821,0.9246,1.339,-0.4391
SHP-000060,2024-01-20,2024-01-23,2024-01-26,Delhi,Patna,1089.9,RapidFreight,Container,Standard,11557.6,44806.0,Delivered,False,False,True,False,False,False,3,3.0,3.0,0.0,0.0,41.11,1,False,0.8821,0.708,0.749,-0.4735,-0.4391
SHP-000061,2024-02-14,2024-02-15,2024-02-21,Kolkata,Mumbai,2319.6,BharatCargo,Truck,Standard,5345.4,48128.0,Delivered,False,False,False,False,False,False,1,6.0,6.0,0.0,0.0,20.75,2,False,0.7794,0.9712,0.7668,1.339,-0.4391
SHP-000062,2024-10-02,2024-10-04,2024-10-07,Bengaluru,Delhi,2183.4,GreenLine Carriers,Air Cargo,Standard,137.0,63708.0,Delivered,False,False,False,False,False,False,2,3.0,2.0,1.0,1.0,29.18,10,False,0.2922,0.9501,0.8365,-0.4735,1.2884
SHP-000063,2024-02-26,2024-02-26,2024-03-02,Kolkata,Pune,1953.7,Unknown,Container,Standard,10467.9,65950.0,Delivered,False,False,False,False,False,False,0,5.0,5.0,0.0,0.0,33.76,2,False,0.8689,0.9114,0.8451,0.7348,-0.4391
SHP-000064,2024-02-29,2024-03-01,2024-03-06,Chennai,Patna,1804.5,RapidFreight,Container,Standard,6896.2,66068.0,Delivered,False,False,False,False,False,False,1,5.0,5.0,0.0,0.0,36.61,2,False,0.8133,0.8837,0.8456,0.7348,-0.4391
SHP-000065,2024-04-04,2024-04-07,2024-04-13,Kolkata,Ahmedabad,2265.0,GreenLine Carriers,Truck,Standard,4285.3,49198.0,Delivered,False,False,False,False,False,False,3,6.0,6.0,0.0,0.0,21.72,4,False,0.7499,0.9629,0.7723,1.339,-0.4391
SHP-000066,2024-10-20,2024-10-20,2024-10-26,Kolkata,Bengaluru,2063.2,RapidFreight,Container,Express,15879.0,94852.0,Delivered,False,False,False,False,False,False,0,6.0,5.0,1.0,1.0,45.97,10,False,0.9244,0.9304,0.9355,1.339,1.2884
SHP-000067,2024-03-22,2024-03-23,2024-03-27,Kolkata,Jaipur,1714.0,TransIndia Logistics,Container,Standard,14683.8,60581.0,Delivered,False,False,False,False,False,False,1,4.0,4.0,0.0,0.0,35.34,3,False,0.914,0.8658,0.824,0.1307,-0.4391
SHP-000068,2024-01-15,2024-01-16,2024-01-19,Mumbai,Hyderabad,834.4,RapidFreight,Truck,Express,12323.3,31293.0,Delivered,False,False,False,False,False,False,1,3.0,3.0,0.0,0.0,37.5,1,False,0.8907,0.615,0.6598,-0.4735,-0.4391
SHP-000069,2024-12-02,2024-12-04,2024-12-07,Delhi,Ahmedabad,1020.3,TransIndia Logistics,Truck,Standard,18000.0,30731.0,Delivered,False,False,False,False,False,False,2,3.0,3.0,0.0,0.0,30.12,12,False,0.9411,0.6851,0.6553,-0.4735,-0.4391
SHP-000070,2024-11-24,2024-11-26,2024-12-01,Bengaluru,Mumbai,1167.2,RapidFreight,Truck,Standard,9462.7,33064.0,Delivered,False,False,False,False,False,False,2,5.0,3.0,2.0,1.0,28.33,11,True,0.8555,0.7319,0.6735,0.7348,3.0159
SHP-000071,2024-03-16,2024-03-18,2024-03-22,Mumbai,Delhi,1377.5,BharatCargo,Truck,Standard,13753.2,39872.0,Delivered,False,False,False,False,False,False,2,4.0,4.0,0.0,0.0,28.95,3,False,0.9053,0.7896,0.72,0.1307,-0.4391
SHP-000072,2024-04-18,2024-04-21,2024-04-26,Bengaluru,Ahmedabad,1566.3,GreenLine Carriers,Mini Truck,Standard,1108.9,20339.0,Delivered,False,False,False,False,False,False,3,5.0,5.0,0.0,0.0,12.99,4,False,0.5699,0.8344,0.5527,0.7348,-0.4391
SHP-000073,2024-03-18,2024-03-19,2024-03-23,Hyderabad,Jaipur,1375.9,SafeHaul,Truck,Standard,16738.3,39470.0,Delivered,False,False,False,False,False,False,1,4.0,4.0,0.0,0.0,28.69,3,False,0.9315,0.7892,0.7175,0.1307,-0.4391
SHP-000074,2024-10-11,2024-10-12,2024-10-17,Mumbai,Lucknow,1408.5,RapidFreight,Mini Truck,Express,2125.1,18778.0,Delivered,False,False,True,False,False,False,1,5.0,5.0,0.0,0.0,13.33,10,False,0.6565,0.7974,0.5329,0.7348,-0.4391
SHP-000075,2024-04-12,2024-04-14,2024-04-16,Delhi,Bengaluru,2321.0,RapidFreight,Air Cargo,Standard,388.3,74201.0,Delivered,False,False,False,False,False,False,2,2.0,2.0,0.0,0.0,31.97,4,False,0.4303,0.9714,0.8744,-1.0777,-0.4391
SHP-000076,2024-12-10,2024-12-12,2024-12-13,Mumbai,Delhi,1452.6,RapidFreight,Air Cargo,Standard,304.0,46504.0,Delivered,False,False,False,False,False,False,2,1.0,1.0,0.0,0.0,32.01,12,False,0.3978,0.8081,0.7583,-1.6819,-0.4391
SHP-000077,2024-11-10,2024-11-10,2024-11-15,Mumbai,Lucknow,1574.5,RapidFreight,Truck,Standard,6030.4,39343.0,Delivered,False,True,True,False,False,False,0,5.0,4.0,1.0,1.0,24.99,11,False,0.7955,0.8362,0.7167,0.7348,1.2884
SHP-000078,2024-08-26,2024-08-27,2024-09-02,Kolkata,Pune,2205.7,Unknown,Truck,Standard,5853.0,54344.0,Delivered,False,False,False,False,False,False,1,6.0,6.0,0.0,0.0,24.64,8,False,0.7915,0.9536,0.797,1.339,-0.4391
SHP-000079,2024-01-04,2024-01-05,2024-01-10,Kolkata,Chennai,1713.9,BharatCargo,Truck,Standard,4899.1,41579.0,Delivered,False,False,False,False,False,False,1,5.0,5.0,0.0,0.0,24.26,1,False,0.7678,0.8657,0.7305,0.7348,-0.4391
SHP-000080,2024-11-26,2024-11-28,2024-12-03,Chennai,Ahmedabad,1726.4,GreenLine Carriers,Container,Standard,13476.0,73613.0,Delivered,False,True,False,False,False,False,2,5.0,4.0,1.0,1.0,42.64,11,False,0.9026,0.8683,0.8725,0.7348,1.2884
SHP-000081,2024-10-13,2024-10-14,2024-10-17,Kolkata,Lucknow,1140.3,TransIndia Logistics,Container,Standard,10880.1,42536.0,Delivered,False,False,False,False,False,False,1,3.0,3.0,0.0,0.0,37.3,10,False,0.8741,0.7238,0.7361,-0.4735,-0.4391
SHP-000082,2024-10-30,2024-11-01,2024-11-06,Bengaluru,Kolkata,2076.6,GreenLine Carriers,Container,Standard,13094.2,74663.0,Delivered,False,False,False,False,False,False,2,5.0,5.0,0.0,0.0,35.95,10,False,0.8987,0.9326,0.876,0.7348,-0.4391
SHP-000083,2024-01-30,2024-02-01,2024-02-05,Hyderabad,Ahmedabad,1100.0,BharatCargo,Mini Truck,Standard,170.4,14415.0,Delivered,False,False,False,False,False,False,2,4.0,4.0,0.0,0.0,13.1,1,False,0.321,0.7113,0.4672,0.1307,-0.4391
SHP-000084,2024-10-07,2024-10-07,2024-10-10,Delhi,Ahmedabad,967.9,BharatCargo,Mini Truck,Standard,1968.3,14140.0,Delivered,False,False,False,False,False,False,0,3.0,3.0,0.0,0.0,14.61,10,False,0.6463,0.6667,0.4624,-0.4735,-0.4391
SHP-000085,2024-11-04,2024-11-05,2024-11-09,Delhi,Patna,1138.7,SafeHaul,Mini Truck,Standard,613.3,14154.0,Delivered,False,False,False,False,False,False,1,4.0,4.0,0.0,0.0,12.43,11,False,0.4911,0.7233,0.4626,0.1307,-0.4391
SHP-000086,2024-12-18,2024-12-19,2024-12-21,Delhi,Pune,1523.6,BharatCargo,Air Cargo,Standard,236.6,56861.0,Delivered,False,False,False,False,False,False,1,2.0,2.0,0.0,0.0,37.32,12,False,0.3646,0.8247,0.8083,-1.0777,-0.4391
SHP-000087,2024-08-23,2024-08-23,2024-08-27,Chennai,Kolkata,1596.3,RapidFreight,Container,Express,23319.3,84861.0,Delivered,False,False,False,False,False,False,0,4.0,4.0,0.0,0.0,53.16,8,False,0.9756,0.841,0.9078,0.1307,-0.4391
SHP-000088,2024-07-26,2024-07-27,2024-08-01,Bengaluru,Lucknow,1926.4,TransIndia Logistics,Container,Express,13476.0,90836.0,Delivered,False,True,False,False,False,False,1,5.0,5.0,0.0,0.0,47.15,7,False,0.9026,0.9065,0.9247,0.7348,-0.4391
SHP-000089,2024-06-22,2024-06-23,2024-06-25,Delhi,Lucknow,535.05,SafeHaul,Truck,Standard,6030.4,20022.0,Delivered,True,True,False,False,False,False,1,2.0,2.0,0.0,0.0,37.42,6,False,0.7955,0.4604,0.5488,-1.0777,-0.4391
SHP-000090,2024-10-05,2024-10-07,2024-10-09,Bengaluru,Lucknow,2058.3,BharatCargo,Air Cargo,Standard,433.0,68613.0,Delivered,False,False,False,False,False,False,2,2.0,2.0,0.0,0.0,33.33,10,False,0.4448,0.9295,0.855,-1.0777,-0.4391
SHP-000091,2024-12-07,2024-12-08,2024-12-11,Delhi,Ahmedabad,962.7,BharatCargo,Truck,Express,18000.0,40558.0,Delivered,False,False,False,False,False,False,1,3.0,3.0,0.0,0.0,42.13,12,False,0.9411,0.6648,0.7243,-0.4735,-0.4391
SHP-000092,2024-08-30,2024-08-30,2024-09-01,Chennai,Delhi,2231.9,RapidFreight,Air Cargo,Standard,444.9,75094.0,Delivered,False,False,False,False,False,False,0,2.0,2.0,0.0,0.0,33.65,8,False,0.4484,0.9577,0.8774,-1.0777,-0.4391
SHP-000093,2024-04-02,2024-04-03,2024-04-05,Bengaluru,Chennai,372.2,SafeHaul,Truck,Standard,6802.4,12865.0,Delivered,False,False,False,False,False,False,1,2.0,1.0,1.0,1.0,34.56,4,False,0.8115,0.3341,0.4389,-1.0777,1.2884
SHP-000094,2024-01-08,2024-01-10,2024-01-13,Mumbai,Hyderabad,818.1,BharatCargo,Truck,Standard,14108.9,28145.0,Delivered,False,False,False,False,False,False,2,3.0,3.0,0.0,0.0,34.4,1,False,0.9087,0.6082,0.6335,-0.4735,-0.4391
SHP-000095,2024-09-06,2024-09-07,2024-09-11,Mumbai,Lucknow,1446.1,TransIndia Logistics,Container,Standard,9300.2,56466.0,Delivered,False,False,False,False,False,False,1,4.0,4.0,0.0,0.0,39.05,9,False,0.8532,0.8065,0.8065,0.1307,-0.4391
SHP-000096,2024-11-20,2024-11-21,2024-11-23,Kolkata,Patna,579.6,SafeHaul,Truck,Express,5046.0,20983.0,Delivered,False,False,False,False,False,False,1,2.0,2.0,0.0,0.0,36.2,11,False,0.7717,0.4882,0.5605,-1.0777,-0.4391
SHP-000097,2024-01-27,2024-01-27,2024-02-01,Mumbai,Patna,1879.9,BharatCargo,Container,Express,23209.1,96863.0,Delivered,False,False,False,True,False,False,0,5.0,5.0,0.0,0.0,51.53,1,False,0.975,0.8979,0.9407,0.7348,-0.4391
SHP-000098,2024-06-11,2024-06-11,2024-06-16,Delhi,Kolkata,1661.6,TransIndia Logistics,Truck,Express,1957.2,41520.0,Delivered,False,False,True,False,False,False,0,5.0,5.0,0.0,0.0,24.99,6,False,0.6456,0.8549,0.7301,0.7348,-0.4391
SHP-000099,2024-12-13,2024-12-14,2024-12-17,Delhi,Ahmedabad,1015.7,GreenLine Carriers,Truck,Standard,8398.3,26017.0,Delivered,False,False,False,False,False,False,1,3.0,3.0,0.0,0.0,25.61,12,False,0.8396,0.6835,0.6139,-0.4735,-0.4391
SHP-000100,2024-07-24,2024-07-25,2024-07-30,Ahmedabad,Chennai,1669.6,TransIndia Logistics,Truck,Standard,8257.0,47317.0,Delivered,False,False,False,True,False,False,1,5.0,5.0,0.0,0.0,28.34,7,False,0.8373,0.8566,0.7626,0.7348,-0.4391
SHP-000101,2024-03-31,2024-03-31,2024-04-03,Ahmedabad,Delhi,1007.1,BharatCargo,Mini Truck,Express,2281.6,13427.0,Delivered,False,False,True,False,False,False,0,3.0,3.0,0.0,0.0,13.33,3,False,0.666,0.6805,0.4495,-0.4735,-0.4391
SHP-000102,2024-05-24,2024-05-26,2024-06-01,Chennai,Lucknow,2047.6,BharatCargo,Mini Truck,Standard,270.8,25441.0,Delivered,False,False,False,False,False,False,2,6.0,6.0,0.0,0.0,12.42,5,False,0.3825,0.9277,0.6084,1.339,-0.4391
SHP-000103,2024-06-15,2024-06-15,2024-06-21,Mumbai,Kolkata,2158.4,SafeHaul,Truck,Standard,15761.0,51855.0,Delivered,False,False,False,False,False,False,0,6.0,6.0,0.0,0.0,24.02,6,False,0.9234,0.9461,0.7854,1.339,-0.4391
SHP-000104,2024-02-17,2024-02-19,2024-02-22,Ahmedabad,Delhi,998.5,TransIndia Logistics,Truck,Standard,4289.1,24372.0,Delivered,False,False,False,False,False,False,2,3.0,3.0,0.0,0.0,24.41,2,False,0.7501,0.6775,0.5977,-0.4735,-0.4391
SHP-000105,2024-09-21,2024-09-23,2024-09-28,Chennai,Delhi,2238.6,GreenLine Carriers,Container,Standard,13476.0,79881.0,Delivered,False,True,False,False,False,False,2,5.0,5.0,0.0,0.0,35.68,9,False,0.9026,0.9588,0.8928,0.7348,-0.4391
SHP-000106,2024-08-27,2024-08-29,2024-08-31,Chennai,Hyderabad,637.5,BharatCargo,Truck,Standard,6030.4,15905.0,Delivered,False,True,False,False,False,False,2,2.0,2.0,0.0,0.0,24.95,8,False,0.7955,0.5213,0.4916,-1.0777,-0.4391
SHP-000107,2024-09-17,2024-09-20,2024-09-21,Bengaluru,Mumbai,1079.0,SafeHaul,Air Cargo,Standard,50.5,34085.0,Delivered,False,False,False,False,False,False,3,1.0,1.0,0.0,0.0,31.59,9,False,0.1608,0.7045,0.6811,-1.6819,-0.4391
SHP-000108,2024-09-03,2024-09-05,2024-09-09,Mumbai,Jaipur,1237.0,BharatCargo,Container,Standard,16123.7,46523.0,Delivered,False,False,False,False,False,False,2,4.0,3.0,1.0,1.0,37.61,9,False,0.9265,0.7521,0.7584,0.1307,1.2884
SHP-000109,2024-01-07,2024-01-07,2024-01-11,Delhi,Patna,1087.3,RapidFreight,Mini Truck,Standard,359.1,13451.0,Delivered,False,False,False,False,False,False,0,4.0,4.0,0.0,0.0,12.37,1,False,0.42,0.7072,0.45,0.1307,-0.4391
SHP-000110,2024-03-12,2024-03-13,2024-03-18,Ahmedabad,Chennai,1693.5,RapidFreight,Truck,Standard,9355.2,47263.0,Delivered,False,False,False,True,False,False,1,5.0,5.0,0.0,0.0,27.91,3,False,0.8539,0.8616,0.7623,0.7348,-0.4391
SHP-000111,2024-03-08,2024-03-11,2024-03-17,Bengaluru,Delhi,2182.8,RapidFreight,Container,Standard,11100.8,73743.0,Delivered,False,False,False,False,False,False,3,6.0,5.0,1.0,1.0,33.78,3,False,0.8767,0.95,0.8729,1.339,1.2884
SHP-000112,2024-02-10,2024-02-11,2024-02-15,Mumbai,Hyderabad,801.1,BharatCargo,Truck,Standard,2897.8,18239.0,Delivered,False,False,False,False,False,False,1,4.0,3.0,1.0,1.0,22.77,2,False,0.6978,0.6009,0.5256,0.1307,1.2884
SHP-000113,2024-10-15,2024-10-16,2024-10-22,Mumbai,Kolkata,2143.7,BharatCargo,Truck,Standard,4371.4,51516.0,Delivered,True,False,False,False,False,False,1,6.0,6.0,0.0,0.0,24.03,10,False,0.7526,0.9437,0.7837,1.339,-0.4391
SHP-000114,2024-02-19,2024-02-19,2024-02-23,Kolkata,Lucknow,1157.0,SafeHaul,Truck,Express,7343.3,37528.0,Delivered,False,False,False,False,False,False,0,4.0,3.0,1.0,1.0,32.44,2,False,0.8217,0.7289,0.705,0.1307,1.2884
SHP-000115,2024-09-24,2024-09-26,2024-10-03,Delhi,Chennai,2294.2,SafeHaul,Truck,Standard,5080.2,54090.0,Delivered,False,False,False,False,False,False,2,7.0,6.0,1.0,1.0,23.58,9,False,0.7726,0.9673,0.7959,1.9432,1.2884
SHP-000116,2024-03-13,2024-03-15,2024-03-17,Hyderabad,Bengaluru,662.2,RapidFreight,Truck,Standard,6124.4,19596.0,Delivered,False,False,False,False,False,False,2,2.0,2.0,0.0,0.0,29.59,3,False,0.7975,0.5346,0.5435,-1.0777,-0.4391
SHP-000117,2024-02-18,2024-02-20,2024-02-27,Chennai,Delhi,2375.2,SafeHaul,Container,Standard,17863.0,85396.0,Delivered,False,False,False,False,False,False,2,7.0,6.0,1.0,1.0,35.95,2,False,0.9401,0.9794,0.9094,1.9432,1.2884
SHP-000118,2024-03-07,2024-03-08,2024-03-12,Chennai,Mumbai,1375.4,RapidFreight,Truck,Express,11487.0,44781.0,Delivered,False,False,False,False,False,False,1,4.0,4.0,0.0,0.0,32.56,3,False,0.8813,0.7891,0.7489,0.1307,-0.4391
SHP-000119,2024-07-26,2024-07-28,2024-07-31,Bengaluru,Kolkata,1923.0,RapidFreight,Air Cargo,Standard,110.0,64984.0,Delivered,False,False,True,False,False,False,2,3.0,2.0,1.0,1.0,33.79,7,False,0.2632,0.9058,0.8415,-0.4735,1.2884
SHP-000120,2024-09-16,2024-09-19,2024-09-24,Kolkata,Delhi,1608.0,GreenLine Carriers,Mini Truck,Standard,374.1,19269.0,Delivered,False,False,False,True,False,False,3,5.0,5.0,0.0,0.0,11.98,9,False,0.4254,0.8435,0.5393,0.7348,-0.4391
SHP-000121,2024-11-06,2024-11-06,2024-11-12,Kolkata,Ahmedabad,2065.6,RapidFreight,Truck,Standard,6280.3,54049.0,Delivered,False,False,False,False,False,False,0,6.0,6.0,0.0,0.0,26.17,11,False,0.8009,0.9308,0.7957,1.339,-0.4391
SHP-000122,2024-02-22,2024-02-22,2024-02-26,Kolkata,Lucknow,1114.5,BharatCargo,Mini Truck,Standard,928.4,14859.0,Delivered,False,False,True,False,False,False,0,4.0,4.0,0.0,0.0,13.33,2,False,0.5463,0.7158,0.4747,0.1307,-0.4391
SHP-000123,2024-09-05,2024-09-05,2024-09-07,Delhi,Lucknow,509.3,SafeHaul,Mini Truck,Express,291.4,7429.0,Delivered,False,False,False,False,False,False,0,2.0,2.0,0.0,0.0,14.59,9,False,0.3922,0.4432,0.3024,-1.0777,-0.4391
SHP-000124,2024-10-26,2024-10-27,2024-11-02,Bengaluru,Kolkata,1962.4,BharatCargo,Mini Truck,Standard,410.2,21849.0,Delivered,False,False,False,False,False,False,1,6.0,6.0,0.0,0.0,11.13,10,False,0.4376,0.9129,0.5705,1.339,-0.4391
SHP-000125,2024-05-07,2024-05-07,2024-05-10,Delhi,Ahmedabad,974.1,BharatCargo,Truck,Standard,3897.2,26219.0,Delivered,False,False,False,False,False,False,0,3.0,3.0,0.0,0.0,26.92,5,False,0.7373,0.6689,0.6159,-0.4735,-0.4391
SHP-000126,2024-02-02,2024-02-02,2024-02-07,Bengaluru,Patna,2006.0,TransIndia Logistics,Container,Standard,13017.8,72242.0,Delivered,False,False,False,False,False,False,0,5.0,5.0,0.0,0.0,36.01,2,False,0.898,0.9206,0.8678,0.7348,-0.4391
SHP-000127,2024-03-04,2024-03-05,2024-03-09,Mumbai,Delhi,1449.9,SafeHaul,Truck,Standard,3800.5,36831.0,Delivered,False,False,False,False,False,True,1,4.0,4.0,0.0,0.0,25.4,3,False,0.734,0.8075,0.7003,0.1307,-0.4391
SHP-000128,2024-02-07,2024-02-08,2024-02-12,Delhi,Mumbai,1537.7,BharatCargo,Truck,Standard,9170.4,35128.0,Delivered,False,False,False,False,False,False,1,4.0,4.0,0.0,0.0,22.84,2,False,0.8513,0.8279,0.6886,0.1307,-0.4391
SHP-000129,2024-11-27,2024-11-27,2024-12-01,Delhi,Patna,1101.2,GreenLine Carriers,Mini Truck,Express,267.2,16611.0,Delivered,False,False,False,False,False,False,0,4.0,4.0,0.0,0.0,15.08,11,False,0.3807,0.7116,0.5024,0.1307,-0.4391
SHP-000130,2024-06-02,2024-06-02,2024-06-06,Kolkata,Hyderabad,1663.0,RapidFreight,Unknown,Express,8053.9,81585.0,Delivered,False,False,False,False,False,False,0,4.0,5.0,-1.0,0.0,49.06,6,False,0.834,0.8552,0.898,0.1307,-2.1666
SHP-000131,2024-08-01,2024-08-01,2024-08-06,Delhi,Mumbai,1478.5,BharatCargo,Mini Truck,Express,682.5,23448.0,Delivered,False,True,False,False,False,False,0,5.0,5.0,0.0,0.0,15.86,8,False,0.5053,0.8143,0.5881,0.7348,-0.4391
SHP-000132,2024-10-25,2024-10-25,2024-10-28,Ahmedabad,Lucknow,1196.5,Unknown,Container,Standard,13165.2,46796.0,Delivered,True,False,False,False,False,False,0,3.0,3.0,0.0,0.0,39.11,10,False,0.8995,0.7405,0.7598,-0.4735,-0.4391
SHP-000133,2024-05-31,2024-05-31,2024-06-06,Kolkata,Ahmedabad,2072.2,RapidFreight,Mini Truck,Express,682.5,28251.0,Delivered,False,True,False,False,False,False,0,6.0,6.0,0.0,0.0,13.63,5,False,0.5053,0.9319,0.6344,1.339,-0.4391
SHP-000134,2024-09-17,2024-09-18,2024-09-25,Mumbai,Patna,1878.7,GreenLine Carriers,Container,Standard,11321.4,68688.0,Delivered,False,False,False,False,False,False,1,7.0,5.0,2.0,1.0,36.56,9,True,0.8794,0.8977,0.8552,1.9432,3.0159
SHP-000135,2024-02-01,2024-02-03,2024-02-08,Kolkata,Lucknow,1154.7,TransIndia Logistics,Container,Standard,12166.6,45749.0,Delivered,False,False,False,False,False,False,2,5.0,3.0,2.0,1.0,39.62,2,True,0.889,0.7282,0.7542,0.7348,3.0159
SHP-000136,2024-07-15,2024-07-18,2024-07-21,Delhi,Lucknow,577.9,RapidFreight,Truck,Standard,4738.8,14514.0,Delivered,False,False,False,False,False,False,3,3.0,2.0,1.0,1.0,25.12,7,False,0.7633,0.4872,0.4689,-0.4735,1.2884
SHP-000137,2024-02-09,2024-02-10,2024-02-13,Ahmedabad,Lucknow,1169.8,BharatCargo,Truck,Standard,6572.5,31071.0,Delivered,False,False,False,False,False,False,1,3.0,3.0,0.0,0.0,26.56,2,False,0.8069,0.7327,0.6581,-0.4735,-0.4391
SHP-000138,2024-04-11,2024-04-11,2024-04-16,Bengaluru,Kolkata,2066.3,RapidFreight,Container,Express,11106.2,102087.0,Delivered,False,False,False,False,False,False,0,5.0,5.0,0.0,0.0,49.41,4,False,0.8768,0.9309,0.9537,0.7348,-0.4391
SHP-000139,2024-04-29,2024-04-29,2024-05-05,Chennai,Jaipur,2074.1,SafeHaul,Truck,Express,14562.7,65491.0,Delivered,False,False,False,False,False,False,0,6.0,6.0,0.0,0.0,31.58,4,False,0.9129,0.9322,0.8434,1.339,-0.4391
SHP-000140,2024-10-10,2024-10-10,2024-10-13,Delhi,Patna,1023.8,BharatCargo,Truck,Express,8042.0,35968.0,Delivered,False,False,False,False,False,False,0,3.0,3.0,0.0,0.0,35.13,10,False,0.8338,0.6863,0.6944,-0.4735,-0.4391
SHP-000141,2024-09-26,2024-09-26,2024-09-30,Bengaluru,Ahmedabad,1631.9,GreenLine Carriers,Air Cargo,Express,66.9,62222.0,Delivered,False,False,False,False,False,False,0,4.0,2.0,2.0,1.0,38.13,9,True,0.1977,0.8487,0.8307,0.1307,3.0159
SHP-000142,2024-10-19,2024-10-20,2024-10-22,Bengaluru,Jaipur,2099.9,RapidFreight,Air Cargo,Standard,164.9,71481.0,Delivered,False,False,False,False,False,False,1,2.0,2.0,0.0,0.0,34.04,10,False,0.3167,0.9365,0.8651,-1.0777,-0.4391
SHP-000143,2024-01-26,2024-01-29,2024-01-31,Ahmedabad,Mumbai,543.0,BharatCargo,Truck,Standard,6463.5,18246.0,Delivered,False,False,False,False,False,False,3,2.0,2.0,0.0,0.0,33.6,1,False,0.8047,0.4655,0.5257,-1.0777,-0.4391
SHP-000144,2024-12-30,2024-12-30,,Kolkata,Hyderabad,1512.8,GreenLine Carriers,Truck,Express,12436.0,47176.0,In Transit,False,False,False,False,False,False,0,,4.0,,,31.18,12,False,0.8919,0.8223,0.7619,,
SHP-000145,2024-01-23,2024-01-25,2024-01-28,Bengaluru,Mumbai,1007.4,GreenLine Carriers,Container,Standard,11346.7,41414.0,Delivered,False,False,True,False,False,False,2,3.0,3.0,0.0,0.0,41.11,1,False,0.8797,0.6806,0.7295,-0.4735,-0.4391
SHP-000146,2024-11-10,2024-11-10,2024-11-15,Mumbai,Chennai,1323.2,BharatCargo,Truck,Express,9508.3,45660.0,Delivered,True,False,False,False,False,False,0,5.0,4.0,1.0,1.0,34.51,11,False,0.8561,0.7756,0.7537,0.7348,1.2884
SHP-000147,2024-10-17,2024-10-17,2024-10-20,Mumbai,Hyderabad,828.0,BharatCargo,Truck,Standard,6152.6,20468.0,Delivered,False,False,False,False,False,False,0,3.0,3.0,0.0,0.0,24.72,10,False,0.7981,0.6123,0.5543,-0.4735,-0.4391
SHP-000148,2024-08-27,2024-08-28,2024-09-04,Bengaluru,Jaipur,1961.3,GreenLine Carriers,Truck,Standard,14683.1,49009.0,Delivered,False,False,True,False,False,False,1,7.0,5.0,2.0,1.0,24.99,8,True,0.914,0.9127,0.7713,1.9432,3.0159
SHP-000149,2024-06-28,2024-07-01,2024-07-07,Bengaluru,Jaipur,1909.9,SafeHaul,Truck,Standard,13017.5,47824.0,Delivered,False,False,False,False,False,False,3,6.0,5.0,1.0,1.0,25.04,6,False,0.898,0.9035,0.7652,1.339,1.2884
SHP-000150,2024-10-22,2024-10-23,2024-10-28,Delhi,Bengaluru,2247.0,SafeHaul,Container,Standard,14999.2,83862.0,Delivered,False,False,False,False,False,False,1,5.0,5.0,0.0,0.0,37.32,10,False,0.9168,0.9601,0.9049,0.7348,-0.4391
SHP-000151,2024-10-16,2024-10-16,2024-10-18,Hyderabad,Chennai,645.7,SafeHaul,Mini Truck,Express,598.1,10322.0,Delivered,False,False,False,False,False,False,0,2.0,2.0,0.0,0.0,15.99,10,False,0.4878,0.5258,0.3842,-1.0777,-0.4391
SHP-000152,2024-02-26,2024-02-26,2024-03-02,Hyderabad,Patna,1435.8,GreenLine Carriers,Mini Truck,Express,948.7,22644.0,Delivered,False,False,False,False,False,False,0,5.0,5.0,0.0,0.0,15.77,2,False,0.5492,0.8041,0.5794,0.7348,-0.4391
SHP-000153,2024-11-01,2024-11-01,2024-11-03,Delhi,Lucknow,549.4,BharatCargo,Mini Truck,Standard,628.2,7790.0,Delivered,False,False,False,False,False,False,0,2.0,2.0,0.0,0.0,14.18,11,False,0.4943,0.4696,0.3142,-1.0777,-0.4391
SHP-000154,2024-02-02,2024-02-02,2024-02-05,Kolkata,Lucknow,1082.2,RapidFreight,Container,Standard,25208.1,42000.0,Delivered,False,False,False,False,False,False,0,3.0,3.0,0.0,0.0,38.81,2,False,0.986,0.7056,0.733,-0.4735,-0.4391
SHP-000155,2024-07-23,2024-07-25,2024-07-31,Delhi,Chennai,2165.8,BharatCargo,Truck,Standard,6289.2,48032.0,Delivered,False,False,False,False,False,False,2,6.0,6.0,0.0,0.0,22.18,7,False,0.801,0.9473,0.7663,1.339,-0.4391
SHP-000156,2024-09-16,2024-09-16,2024-09-20,Chennai,Mumbai,1330.8,TransIndia Logistics,Mini Truck,Standard,548.8,17427.0,Delivered,False,False,False,False,False,False,0,4.0,4.0,0.0,0.0,13.1,9,False,0.4763,0.7776,0.5143,0.1307,-0.4391
SHP-000157,2024-11-09,2024-11-10,2024-11-12,Mumbai,Ahmedabad,584.1,BharatCargo,Truck,Standard,4553.9,16197.0,Delivered,False,False,False,True,False,False,1,2.0,2.0,0.0,0.0,27.73,11,False,0.758,0.4909,0.4961,-1.0777,-0.4391
SHP-000158,2024-07-08,2024-07-09,2024-07-16,Kolkata,Bengaluru,2096.6,BharatCargo,Truck,Standard,2897.8,44445.0,Delivered,False,False,False,False,False,False,1,7.0,6.0,1.0,1.0,21.2,7,False,0.6978,0.936,0.747,1.9432,1.2884
SHP-000159,2024-04-06,2024-04-07,2024-04-08,Chennai,Mumbai,1287.5,SafeHaul,Air Cargo,Standard,261.7,45067.0,Delivered,False,False,False,False,False,False,1,1.0,1.0,0.0,0.0,35.0,4,False,0.3779,0.7661,0.7505,-1.6819,-0.4391
SHP-000160,2024-07-19,2024-07-20,2024-07-22,Chennai,Delhi,2331.5,BharatCargo,Air Cargo,Standard,66.1,78058.0,Delivered,False,False,False,False,False,False,1,2.0,2.0,0.0,0.0,33.48,7,False,0.1961,0.973,0.887,-1.0777,-0.4391
SHP-000161,2024-04-12,2024-04-12,2024-04-17,Delhi,Hyderabad,1556.6,GreenLine Carriers,Truck,Standard,11595.9,41062.0,Delivered,False,False,False,False,False,False,0,5.0,4.0,1.0,1.0,26.38,4,False,0.8826,0.8322,0.7274,0.7348,1.2884
SHP-000162,2024-08-03,2024-08-03,2024-08-08,Ahmedabad,Chennai,1884.3,BharatCargo,Truck,Express,2762.1,50219.0,Delivered,False,False,False,False,False,False,0,5.0,5.0,0.0,0.0,26.65,8,False,0.6914,0.8988,0.7774,0.7348,-0.4391
SHP-000163,2024-07-08,2024-07-10,2024-07-15,Mumbai,Patna,1775.2,SafeHaul,Truck,Standard,6476.0,45652.0,Delivered,False,False,False,False,False,False,2,5.0,5.0,0.0,0.0,25.72,7,False,0.8049,0.878,0.7537,0.7348,-0.4391
SHP-000164,2024-10-28,2024-10-28,2024-11-04,Delhi,Chennai,2366.6,SafeHaul,Mini Truck,Standard,1395.8,33929.0,Delivered,False,False,False,False,False,False,0,7.0,7.0,0.0,0.0,14.34,10,False,0.6006,0.9782,0.6799,1.9432,-0.4391
SHP-000165,2024-04-08,2024-04-10,2024-04-16,Kolkata,Ahmedabad,2017.4,RapidFreight,Truck,Standard,6030.4,42644.0,Delivered,False,True,False,False,False,False,2,6.0,6.0,0.0,0.0,21.14,4,False,0.7955,0.9225,0.7368,1.339,-0.4391
SHP-000166,2024-03-22,2024-03-23,2024-03-24,Mumbai,Pune,166.7,BharatCargo,Mini Truck,Express,2349.7,3350.0,Delivered,False,False,False,False,False,True,1,1.0,1.0,0.0,0.0,20.1,3,False,0.6699,0.0553,0.1045,-1.6819,-0.4391
SHP-000167,2024-07-12,2024-07-12,2024-07-15,Hyderabad,Bengaluru,654.6,RapidFreight,Mini Truck,Express,542.3,11476.0,Delivered,False,False,False,False,False,False,0,3.0,2.0,1.0,1.0,17.53,7,False,0.4747,0.5305,0.4105,-0.4735,1.2884
SHP-000168,2024-01-21,2024-01-24,2024-01-26,Hyderabad,Mumbai,762.4,TransIndia Logistics,Truck,Standard,6530.1,20859.0,Delivered,False,False,False,True,False,False,3,2.0,2.0,0.0,0.0,27.36,1,False,0.8061,0.5836,0.559,-1.0777,-0.4391
SHP-000169,2024-04-03,2024-04-03,2024-04-08,Mumbai,Patna,1820.7,TransIndia Logistics,Truck,Standard,8453.9,39932.0,Delivered,False,False,False,False,False,False,0,5.0,5.0,0.0,0.0,21.93,4,False,0.8405,0.8868,0.7204,0.7348,-0.4391
SHP-000170,2024-05-24,2024-05-25,2024-06-01,Ahmedabad,Patna,1722.5,RapidFreight,Truck,Express,9276.1,56038.0,Delivered,False,False,False,False,False,False,1,7.0,5.0,2.0,1.0,32.53,5,True,0.8528,0.8675,0.8046,1.9432,3.0159
SHP-000171,2024-07-18,2024-07-19,2024-07-25,Mumbai,Bengaluru,1127.6,BharatCargo,Truck,Standard,7071.6,27126.0,Delivered,False,False,False,False,False,False,1,6.0,3.0,3.0,1.0,24.06,7,True,0.8167,0.7199,0.6243,1.339,4.7434
SHP-000172,2024-04-20,2024-04-22,2024-04-27,Bengaluru,Kolkata,1992.0,GreenLine Carriers,Truck,Standard,10915.6,46086.0,Delivered,False,False,False,True,False,False,2,5.0,5.0,0.0,0.0,23.14,4,False,0.8745,0.9181,0.756,0.7348,-0.4391
SHP-000173,2024-08-15,2024-08-16,2024-08-21,Mumbai,Patna,1862.9,BharatCargo,Truck,Express,8192.4,50838.0,Delivered,False,False,False,False,False,False,1,5.0,5.0,0.0,0.0,27.29,8,False,0.8363,0.8948,0.7804,0.7348,-0.4391
SHP-000174,2024-11-24,2024-11-25,2024-12-01,Ahmedabad,Chennai,1809.3,GreenLine Carriers,Mini Truck,Standard,2013.5,26224.0,Delivered,False,False,False,False,False,False,1,6.0,6.0,0.0,0.0,14.49,11,False,0.6493,0.8846,0.6159,1.339,-0.4391
SHP-000175,2024-08-09,2024-08-09,2024-08-14,Delhi,Hyderabad,1615.4,RapidFreight,Truck,Standard,8208.4,38167.0,Delivered,False,False,False,False,False,False,0,5.0,5.0,0.0,0.0,23.63,8,False,0.8365,0.8451,0.7092,0.7348,-0.4391
SHP-000176,2024-04-27,2024-04-27,2024-05-03,Delhi,Bengaluru,2111.4,RapidFreight,Truck,Express,18000.0,73253.0,Delivered,False,False,False,False,False,False,0,6.0,6.0,0.0,0.0,34.69,4,False,0.9411,0.9384,0.8712,1.339,-0.4391
SHP-000177,2024-01-26,2024-01-27,2024-01-28,Bengaluru,Chennai,359.9,SafeHaul,Truck,Standard,10302.7,14683.0,Delivered,False,False,False,False,False,False,1,1.0,1.0,0.0,0.0,40.8,1,False,0.8668,0.3225,0.4717,-1.6819,-0.4391
SHP-000178,2024-02-25,2024-02-26,2024-02-28,Ahmedabad,Pune,669.3,Unknown,Container,Standard,7441.3,29332.0,Delivered,False,False,False,False,False,True,1,2.0,2.0,0.0,0.0,43.82,2,False,0.8235,0.5383,0.6437,-1.0777,-0.4391
SHP-000179,2024-08-15,2024-08-17,2024-08-20,Hyderabad,Bengaluru,670.6,TransIndia Logistics,Truck,Standard,18000.0,19628.0,Delivered,False,False,True,False,False,False,2,3.0,2.0,1.0,1.0,29.27,8,False,0.9411,0.539,0.5439,-0.4735,1.2884
SHP-000180,2024-09-30,2024-09-30,2024-10-02,Chennai,Hyderabad,657.8,SafeHaul,Truck,Express,4251.0,23104.0,Delivered,True,False,False,False,False,False,0,2.0,2.0,0.0,0.0,35.12,9,False,0.7489,0.5322,0.5844,-1.0777,-0.4391
SHP-000181,2024-01-21,2024-01-21,2024-01-23,Hyderabad,Pune,666.4,SafeHaul,Truck,Express,14718.2,29650.0,Delivered,False,False,False,False,False,False,0,2.0,2.0,0.0,0.0,44.49,1,False,0.9143,0.5368,0.6464,-1.0777,-0.4391
SHP-000182,2024-03-16,2024-03-16,2024-03-18,Hyderabad,Chennai,667.1,SafeHaul,Truck,Express,6097.2,21731.0,Delivered,False,False,False,False,False,False,0,2.0,2.0,0.0,0.0,32.58,3,False,0.7969,0.5371,0.5692,-1.0777,-0.4391
SHP-000183,2024-05-10,2024-05-13,2024-05-17,Bengaluru,Mumbai,1114.5,SafeHaul,Mini Truck,Standard,1323.1,14098.0,Delivered,False,False,False,False,False,False,3,4.0,4.0,0.0,0.0,12.65,5,False,0.5934,0.7158,0.4616,0.1307,-0.4391
SHP-000184,2024-05-10,2024-05-11,2024-05-15,Mumbai,Jaipur,1146.3,TransIndia Logistics,Mini Truck,Express,463.1,17758.0,Delivered,False,False,False,False,False,False,1,4.0,4.0,0.0,0.0,15.49,5,False,0.4538,0.7256,0.519,0.1307,-0.4391
SHP-000185,2024-12-18,2024-12-19,2024-12-25,Chennai,Delhi,2233.4,SafeHaul,Truck,Express,8733.8,67371.0,Delivered,False,False,False,False,False,False,1,6.0,6.0,0.0,0.0,30.17,12,False,0.8448,0.958,0.8504,1.339,-0.4391
SHP-000186,2024-03-24,2024-03-27,2024-03-29,Kolkata,Patna,580.0,TransIndia Logistics,Truck,Standard,5154.4,16336.0,Delivered,False,False,False,True,False,False,3,2.0,2.0,0.0,0.0,28.17,3,False,0.7745,0.4884,0.4983,-1.0777,-0.4391
SHP-000187,2024-01-26,2024-01-27,2024-02-01,Mumbai,Chennai,1256.6,SafeHaul,Mini Truck,Standard,682.5,16753.0,Delivered,False,True,True,False,False,False,1,5.0,4.0,1.0,1.0,13.33,1,False,0.5053,0.7576,0.5045,0.7348,1.2884
SHP-000188,2024-05-24,2024-05-26,2024-06-01,Delhi,Chennai,2277.2,BharatCargo,Truck,Standard,7806.5,56117.0,Delivered,False,False,False,False,False,False,2,6.0,6.0,0.0,0.0,24.64,5,False,0.8298,0.9647,0.805,1.339,-0.4391
SHP-000189,2024-02-24,2024-02-24,2024-03-01,Chennai,Delhi,2263.9,BharatCargo,Truck,Express,10520.5,56570.0,Delivered,False,False,True,False,False,False,0,6.0,6.0,0.0,0.0,24.99,2,False,0.8696,0.9627,0.807,1.339,-0.4391
SHP-000190,2024-02-21,2024-02-21,2024-02-25,Mumbai,Lucknow,1571.3,Unknown,Truck,Standard,1637.7,30517.0,Delivered,False,False,False,False,False,False,0,4.0,4.0,0.0,0.0,19.42,2,False,0.6218,0.8355,0.6536,0.1307,-0.4391
SHP-000191,2024-06-15,2024-06-16,2024-06-21,Ahmedabad,Bengaluru,1617.7,BharatCargo,Container,Standard,13586.9,58802.0,Delivered,False,False,False,False,False,False,1,5.0,4.0,1.0,1.0,36.35,6,False,0.9037,0.8456,0.8166,0.7348,1.2884
SHP-000192,2024-05-05,2024-05-05,2024-05-08,Mumbai,Bengaluru,1092.6,Unknown,Unknown,Express,7675.9,32588.0,Delivered,False,False,False,False,False,False,0,3.0,3.0,0.0,0.0,29.83,5,False,0.8276,0.7089,0.6699,-0.4735,-0.4391
SHP-000193,2024-02-07,2024-02-07,2024-02-10,Delhi,Ahmedabad,1015.0,BharatCargo,Truck,Express,6861.5,31411.0,Delivered,False,False,False,True,False,False,0,3.0,3.0,0.0,0.0,30.95,2,False,0.8127,0.6833,0.6608,-0.4735,-0.4391
SHP-000194,2024-08-31,2024-09-01,2024-09-07,Hyderabad,Delhi,1604.2,RapidFreight,Truck,Express,10680.9,53018.0,Delivered,False,False,False,False,False,False,1,6.0,5.0,1.0,1.0,33.05,8,False,0.8716,0.8427,0.7909,1.339,1.2884
SHP-000195,2024-07-24,2024-07-26,2024-07-30,Delhi,Patna,1110.5,TransIndia Logistics,Mini Truck,Standard,562.0,14083.0,Delivered,False,False,False,False,False,False,2,4.0,4.0,0.0,0.0,12.68,7,False,0.4795,0.7146,0.4614,0.1307,-0.4391
SHP-000196,2024-02-01,2024-02-02,2024-02-04,Delhi,Hyderabad,1560.3,TransIndia Logistics,Air Cargo,Standard,157.5,56540.0,Delivered,False,False,False,False,False,False,1,2.0,2.0,0.0,0.0,36.24,2,False,0.3106,0.833,0.8069,-1.0777,-0.4391
SHP-000197,2024-11-20,2024-11-21,2024-11-23,Kolkata,Patna,592.8,BharatCargo,Truck,Standard,12188.5,21417.0,Delivered,True,False,False,False,False,False,1,2.0,2.0,0.0,0.0,36.13,11,False,0.8892,0.496,0.5656,-1.0777,-0.4391
SHP-000198,2024-04-26,2024-04-26,2024-04-29,Hyderabad,Mumbai,816.0,GreenLine Carriers,Mini Truck,Standard,178.4,11437.0,Delivered,False,False,False,False,False,False,0,3.0,3.0,0.0,0.0,14.02,4,False,0.3271,0.6073,0.4096,-0.4735,-0.4391
SHP-000199,2024-12-19,2024-12-20,2024-12-22,Delhi,Lucknow,519.3,GreenLine Carriers,Truck,Express,8545.2,21752.0,Delivered,False,False,False,False,False,False,1,2.0,2.0,0.0,0.0,41.89,12,False,0.8419,0.45,0.5694,-1.0777,-0.4391
SHP-000200,2024-12-10,2024-12-10,2024-12-14,Mumbai,Chennai,1325.4,TransIndia Logistics,Container,Standard,12455.9,55428.0,Delivered,False,False,False,False,False,False,0,4.0,3.0,1.0,1.0,41.82,12,False,0.8921,0.7762,0.8019,0.1307,1.2884
SHP-000201,2024-06-26,2024-06-27,2024-06-30,Chennai,Pune,1141.0,RapidFreight,Container,Standard,10173.1,42912.0,Delivered,False,False,False,False,False,False,1,3.0,3.0,0.0,0.0,37.61,6,False,0.8651,0.724,0.7383,-0.4735,-0.4391
SHP-000202,2024-04-03,2024-04-04,2024-04-06,Ahmedabad,Pune,649.1,BharatCargo,Container,Standard,15750.1,26916.0,Delivered,False,False,False,False,False,False,1,2.0,2.0,0.0,0.0,41.47,4,False,0.9233,0.5276,0.6224,-1.0777,-0.4391
SHP-000203,2024-11-12,2024-11-14,2024-11-15,Bengaluru,Chennai,355.2,BharatCargo,Truck,Standard,12531.3,14859.0,Delivered,False,False,False,False,False,False,2,1.0,1.0,0.0,0.0,41.83,11,False,0.8929,0.3179,0.4747,-1.6819,-0.4391
SHP-000204,2024-05-27,2024-05-28,2024-06-03,Delhi,Kolkata,1752.8,SafeHaul,Truck,Express,11192.5,56549.0,Delivered,False,False,False,False,False,False,1,6.0,5.0,1.0,1.0,32.26,5,False,0.8778,0.8736,0.8069,1.339,1.2884
SHP-000205,2024-03-07,2024-03-08,2024-03-14,Delhi,Chennai,2343.0,SafeHaul,Truck,Standard,5532.8,52505.0,Returned,False,False,False,False,False,False,1,6.0,6.0,0.0,0.0,22.41,3,False,0.784,0.9747,0.7885,1.339,-0.4391
SHP-000206,2024-08-12,2024-08-14,2024-08-19,Mumbai,Jaipur,1203.0,SafeHaul,Mini Truck,Standard,1183.8,14783.0,Delivered,False,False,False,False,False,False,2,5.0,4.0,1.0,1.0,12.29,8,False,0.5786,0.7424,0.4734,0.7348,1.2884
SHP-000207,2024-07-19,2024-07-20,2024-07-22,Delhi,Lucknow,575.7,TransIndia Logistics,Truck,Standard,10100.7,19280.0,Delivered,False,False,False,False,False,False,1,2.0,2.0,0.0,0.0,33.49,7,False,0.8642,0.4858,0.5394,-1.0777,-0.4391
SHP-000208,2024-11-16,2024-11-18,2024-11-24,Chennai,Lucknow,1947.1,GreenLine Carriers,Container,Standard,13578.4,68579.0,Delivered,False,False,False,False,False,False,2,6.0,5.0,1.0,1.0,35.22,11,False,0.9036,0.9102,0.8548,1.339,1.2884
SHP-000209,2024-10-13,2024-10-13,2024-10-20,Delhi,Chennai,2519.7,SafeHaul,Unknown,Standard,3958.7,51925.0,Delivered,False,False,False,True,False,False,0,7.0,7.0,0.0,0.0,20.61,10,False,0.7394,1.0,0.7857,1.9432,-0.4391
SHP-000210,2024-11-24,2024-11-24,2024-11-27,Bengaluru,Pune,932.1,GreenLine Carriers,Container,Express,11209.1,42880.0,Delivered,False,False,False,False,False,False,0,3.0,3.0,0.0,0.0,46.0,11,False,0.878,0.6536,0.7381,-0.4735,-0.4391
SHP-000211,2024-10-15,2024-10-15,2024-10-19,Chennai,Mumbai,1336.2,TransIndia Logistics,Truck,Standard,9919.2,34773.0,Delivered,False,False,False,False,False,False,0,4.0,4.0,0.0,0.0,26.02,10,False,0.8617,0.779,0.686,0.1307,-0.4391
SHP-000212,2024-09-15,2024-09-16,2024-09-22,Kolkata,Ahmedabad,2038.9,BharatCargo,Mini Truck,Standard,682.5,23591.0,Delivered,False,False,False,False,False,False,1,6.0,6.0,0.0,0.0,11.57,9,False,0.5053,0.9262,0.5896,1.339,-0.4391
SHP-000213,2024-07-23,2024-07-24,2024-07-29,Delhi,Hyderabad,1630.9,TransIndia Logistics,Truck,Express,3202.9,46503.0,Delivered,False,False,False,False,False,False,1,5.0,5.0,0.0,0.0,28.51,7,False,0.7112,0.8484,0.7583,0.7348,-0.4391
SHP-000214,2024-12-28,2024-12-29,2025-01-01,Hyderabad,Ahmedabad,1163.1,RapidFreight,Container,Standard,7762.9,45694.0,Delivered,False,False,False,False,False,False,1,3.0,3.0,0.0,0.0,39.29,12,False,0.8291,0.7307,0.7539,-0.4735,-0.4391
SHP-000215,2024-12-19,2024-12-20,2024-12-23,Chennai,Pune,1164.9,RapidFreight,Container,Standard,18731.3,50244.0,Delivered,False,False,False,False,False,False,1,3.0,3.0,0.0,0.0,43.13,12,False,0.9464,0.7312,0.7775,-0.4735,-0.4391
SHP-000216,2024-11-16,2024-11-16,2024-11-21,Chennai,Lucknow,2101.4,GreenLine Carriers,Container,Standard,11561.5,74640.0,Delivered,False,False,False,False,False,False,0,5.0,5.0,0.0,0.0,35.52,11,False,0.8822,0.9367,0.8759,0.7348,-0.4391
SHP-000217,2024-10-27,2024-10-30,2024-11-01,Delhi,Hyderabad,1622.3,BharatCargo,Air Cargo,Standard,208.7,47852.0,Delivered,False,False,False,False,False,False,3,2.0,2.0,0.0,0.0,29.5,10,False,0.3479,0.8466,0.7654,-1.0777,-0.4391
SHP-000218,2024-08-22,2024-08-23,2024-08-25,Delhi,Bengaluru,2250.7,BharatCargo,Air Cargo,Standard,518.2,73814.0,Delivered,False,False,False,False,False,False,1,2.0,2.0,0.0,0.0,32.8,8,False,0.4687,0.9607,0.8731,-1.0777,-0.4391
SHP-000219,2024-04-16,2024-04-16,2024-04-19,Ahmedabad,Hyderabad,1084.6,GreenLine Carriers,Container,Express,8854.6,54315.0,Delivered,False,False,False,False,False,False,0,3.0,3.0,0.0,0.0,50.08,4,False,0.8466,0.7064,0.7969,-0.4735,-0.4391
SHP-000220,2024-11-23,2024-11-24,2024-11-26,Mumbai,Kolkata,2152.6,BharatCargo,Air Cargo,Express,143.4,89340.0,Delivered,False,False,False,False,False,False,1,2.0,2.0,0.0,0.0,41.5,11,False,0.2982,0.9451,0.9206,-1.0777,-0.4391
SHP-000221,2024-01-05,2024-01-06,2024-01-12,Mumbai,Kolkata,2105.8,RapidFreight,Truck,Standard,5415.9,50817.0,Delivered,False,False,False,False,False,False,1,6.0,6.0,0.0,0.0,24.13,1,False,0.7811,0.9375,0.7803,1.339,-0.4391
SHP-000222,2024-04-02,2024-04-03,2024-04-08,Bengaluru,Patna,2011.2,RapidFreight,Container,Standard,15990.1,83525.0,Delivered,False,False,False,False,False,False,1,5.0,5.0,0.0,0.0,41.53,4,False,0.9254,0.9215,0.9039,0.7348,-0.4391
SHP-000223,2024-06-14,2024-06-14,2024-06-19,Kolkata,Jaipur,1683.2,SafeHaul,Container,Standard,21601.5,76245.0,Delivered,False,False,False,False,False,False,0,5.0,4.0,1.0,1.0,45.3,6,False,0.9654,0.8594,0.8812,0.7348,1.2884
SHP-000224,2024-08-25,2024-08-25,2024-08-29,Ahmedabad,Hyderabad,1245.8,Unknown,Truck,Standard,2702.3,28063.0,Delivered,False,False,False,False,False,False,0,4.0,4.0,0.0,0.0,22.53,8,False,0.6885,0.7546,0.6327,0.1307,-0.4391
SHP-000225,2024-08-15,2024-08-17,2024-08-19,Mumbai,Ahmedabad,556.4,RapidFreight,Mini Truck,Standard,985.3,8721.0,Delivered,False,False,False,False,False,False,2,2.0,2.0,0.0,0.0,15.67,8,False,0.5542,0.474,0.3423,-1.0777,-0.4391
SHP-000226,2024-03-12,2024-03-13,2024-03-15,Ahmedabad,Mumbai,529.5,TransIndia Logistics,Truck,Standard,11141.5,18003.0,Delivered,False,False,False,True,False,False,1,2.0,2.0,0.0,0.0,34.0,3,False,0.8772,0.4567,0.5224,-1.0777,-0.4391
SHP-000227,2024-02-12,2024-02-15,2024-02-18,Delhi,Hyderabad,1562.1,BharatCargo,Air Cargo,Standard,124.5,52738.0,Delivered,False,False,False,False,False,False,3,3.0,2.0,1.0,1.0,33.76,2,False,0.2795,0.8334,0.7896,-0.4735,1.2884
SHP-000228,2024-03-31,2024-03-31,2024-04-06,Kolkata,Pune,2011.3,SafeHaul,Truck,Express,5525.0,62478.0,Delivered,False,False,False,False,False,False,0,6.0,6.0,0.0,0.0,31.06,3,False,0.7838,0.9215,0.8317,1.339,-0.4391
SHP-000229,2024-05-22,2024-05-23,2024-05-25,Kolkata,Bengaluru,2041.4,RapidFreight,Air Cargo,Express,227.9,71124.0,Delivered,False,False,False,False,False,False,1,2.0,2.0,0.0,0.0,34.84,5,False,0.3596,0.9267,0.8639,-1.0777,-0.4391
SHP-000230,2024-01-06,2024-01-08,2024-01-12,Delhi,Mumbai,1501.0,BharatCargo,Truck,Standard,7379.1,35000.0,Delivered,False,False,False,False,False,False,2,4.0,4.0,0.0,0.0,23.32,1,False,0.8223,0.8195,0.6877,0.1307,-0.4391
SHP-000231,2024-10-03,2024-10-04,2024-10-08,Delhi,Mumbai,1508.2,SafeHaul,Truck,Express,8509.4,43936.0,Delivered,False,False,False,False,False,False,1,4.0,4.0,0.0,0.0,29.13,10,False,0.8413,0.8212,0.7442,0.1307,-0.4391
SHP-000232,2024-04-11,2024-04-12,2024-04-17,Bengaluru,Lucknow,1973.5,BharatCargo,Truck,Standard,8402.5,42775.0,Delivered,False,False,False,False,False,False,1,5.0,5.0,0.0,0.0,21.67,4,False,0.8396,0.9149,0.7375,0.7348,-0.4391
SHP-000233,2024-05-23,2024-05-24,2024-05-28,Ahmedabad,Patna,1693.0,BharatCargo,Container,Standard,9928.1,67240.0,Delivered,False,False,False,False,False,False,1,4.0,4.0,0.0,0.0,39.72,5,False,0.8619,0.8615,0.8499,0.1307,-0.4391
SHP-000234,2024-05-16,2024-05-17,2024-05-21,Kolkata,Chennai,1677.5,BharatCargo,Container,Standard,19799.4,77015.0,Delivered,False,False,False,False,False,False,1,4.0,4.0,0.0,0.0,45.91,5,False,0.9538,0.8583,0.8837,0.1307,-0.4391
SHP-000235,2024-07-28,2024-07-30,2024-08-06,Ahmedabad,Kolkata,2020.5,RapidFreight,Truck,Standard,12083.4,50777.0,Delivered,False,False,False,False,False,False,2,7.0,6.0,1.0,1.0,25.13,7,False,0.888,0.9231,0.7801,1.9432,1.2884
SHP-000236,2024-11-19,2024-11-20,2024-11-25,Hyderabad,Delhi,1548.0,RapidFreight,Container,Standard,14942.2,63863.0,Delivered,False,False,False,False,False,False,1,5.0,4.0,1.0,1.0,41.26,11,False,0.9163,0.8303,0.8371,0.7348,1.2884
SHP-000237,2024-03-02,2024-03-03,2024-03-09,Bengaluru,Lucknow,1929.4,BharatCargo,Truck,Standard,2448.0,48725.0,Returned,False,False,False,False,False,False,1,6.0,5.0,1.0,1.0,25.25,3,False,0.6754,0.907,0.7699,1.339,1.2884
SHP-000238,2024-05-19,2024-05-20,2024-05-24,Chennai,Mumbai,1379.0,RapidFreight,Truck,Standard,5600.8,34194.0,Delivered,False,False,False,False,False,False,1,4.0,4.0,0.0,0.0,24.8,5,False,0.7856,0.79,0.6819,0.1307,-0.4391
SHP-000239,2024-10-03,2024-10-04,2024-10-07,Delhi,Ahmedabad,1020.3,RapidFreight,Container,Standard,14985.7,41631.0,Delivered,False,False,False,True,False,False,1,3.0,3.0,0.0,0.0,40.8,10,False,0.9167,0.6851,0.7308,-0.4735,-0.4391
SHP-000240,2024-01-19,2024-01-19,2024-01-25,Delhi,Chennai,2335.0,RapidFreight,Container,Standard,9378.8,84019.0,Delivered,False,False,False,False,False,False,0,6.0,6.0,0.0,0.0,35.98,1,False,0.8543,0.9735,0.9053,1.339,-0.4391
SHP-000241,2024-11-11,2024-11-14,2024-11-16,Hyderabad,Chennai,660.6,TransIndia Logistics,Container,Standard,12342.0,29134.0,Delivered,False,False,False,False,False,False,3,2.0,2.0,0.0,0.0,44.1,11,False,0.8909,0.5337,0.6421,-1.0777,-0.4391
SHP-000242,2024-12-19,2024-12-19,2024-12-23,Hyderabad,Kolkata,1560.4,BharatCargo,Container,Standard,8548.7,61698.0,Delivered,False,False,False,False,False,False,0,4.0,4.0,0.0,0.0,39.54,12,False,0.8419,0.833,0.8286,0.1307,-0.4391
SHP-000243,2024-09-02,2024-09-02,2024-09-04,Mumbai,Jaipur,1094.7,SafeHaul,Air Cargo,Standard,275.3,39038.0,Delivered,False,False,False,False,False,False,0,2.0,1.0,1.0,1.0,35.66,9,False,0.3847,0.7096,0.7148,-1.0777,1.2884
SHP-000244,2024-12-18,2024-12-19,2024-12-26,Bengaluru,Delhi,2303.5,SafeHaul,Truck,Standard,6628.2,56314.0,Delivered,False,False,False,False,False,False,1,7.0,6.0,1.0,1.0,24.45,12,False,0.808,0.9687,0.8059,1.9432,1.2884
SHP-000245,2024-06-17,2024-06-17,2024-06-23,Kolkata,Bengaluru,2011.8,BharatCargo,Truck,Standard,2235.1,45438.0,Delivered,False,False,False,False,False,False,0,6.0,6.0,0.0,0.0,22.59,6,False,0.6633,0.9216,0.7525,1.339,-0.4391
SHP-000246,2024-06-18,2024-06-18,2024-06-22,Hyderabad,Kolkata,1551.3,BharatCargo,Truck,Standard,7408.6,34504.0,Delivered,False,False,False,False,False,False,0,4.0,4.0,0.0,0.0,22.24,6,False,0.8229,0.831,0.6841,0.1307,-0.4391
SHP-000247,2024-02-13,2024-02-13,2024-02-17,Kolkata,Chennai,1764.9,BharatCargo,Container,Standard,13725.8,71624.0,Delivered,False,False,False,False,False,False,0,4.0,4.0,0.0,0.0,40.58,2,False,0.905,0.8759,0.8656,0.1307,-0.4391
SHP-000248,2024-01-15,2024-01-15,2024-01-18,Bengaluru,Mumbai,1039.4,SafeHaul,Truck,Express,8179.3,31732.0,Returned,False,False,False,False,False,False,0,3.0,3.0,0.0,0.0,30.53,1,False,0.8361,0.6915,0.6633,-0.4735,-0.4391
SHP-000249,2024-04-09,2024-04-10,2024-04-14,Mumbai,Lucknow,1437.6,BharatCargo,Truck,Standard,4743.8,36001.0,Delivered,False,False,False,False,False,False,1,4.0,4.0,0.0,0.0,25.04,4,False,0.7635,0.8045,0.6947,0.1307,-0.4391
SHP-000250,2024-07-14,2024-07-16,2024-07-18,Bengaluru,Chennai,361.4,RapidFreight,Mini Truck,Standard,432.8,5120.0,Delivered,False,False,False,False,False,False,2,2.0,2.0,0.0,0.0,14.17,7,False,0.4448,0.3239,0.2099,-1.0777,-0.4391
SHP-000251,2024-07-26,2024-07-27,2024-08-01,Kolkata,Hyderabad,1547.5,GreenLine Carriers,Mini Truck,Standard,440.8,17634.0,Delivered,False,False,False,False,False,False,1,5.0,5.0,0.0,0.0,11.4,7,False,0.4472,0.8302,0.5173,0.7348,-0.4391
SHP-000252,2024-03-29,2024-03-30,2024-04-01,Hyderabad,Chennai,677.7,TransIndia Logistics,Truck,Standard,4344.3,16786.0,Delivered,False,False,False,False,False,False,1,2.0,2.0,0.0,0.0,24.77,3,False,0.7518,0.5426,0.505,-1.0777,-0.4391
SHP-000253,2024-09-04,2024-09-05,2024-09-07,Bengaluru,Lucknow,1914.9,RapidFreight,Air Cargo,Standard,152.9,69837.0,Delivered,False,False,False,False,False,False,1,2.0,2.0,0.0,0.0,36.47,9,False,0.3067,0.9044,0.8594,-1.0777,-0.4391
SHP-000254,2024-03-15,2024-03-16,2024-03-20,Mumbai,Bengaluru,1039.6,GreenLine Carriers,Truck,Standard,6557.0,26657.0,Delivered,False,False,False,False,False,False,1,4.0,3.0,1.0,1.0,25.64,3,False,0.8066,0.6916,0.62,0.1307,1.2884
SHP-000255,2024-05-13,2024-05-13,2024-05-17,Mumbai,Bengaluru,1050.8,RapidFreight,Mini Truck,Express,624.3,15331.0,Delivered,False,False,False,False,False,False,0,4.0,4.0,0.0,0.0,14.59,5,False,0.4935,0.6953,0.4825,0.1307,-0.4391
SHP-000256,2024-03-21,2024-03-22,2024-03-24,Chennai,Bengaluru,366.6,RapidFreight,Mini Truck,Standard,543.0,5342.0,Delivered,False,False,False,False,False,False,1,2.0,2.0,0.0,0.0,14.57,3,False,0.4749,0.3289,0.2204,-1.0777,-0.4391
SHP-000257,2024-10-04,2024-10-05,2024-10-07,Hyderabad,Chennai,623.6,RapidFreight,Truck,Standard,4859.4,15759.0,Delivered,False,False,False,False,False,False,1,2.0,2.0,0.0,0.0,25.27,10,False,0.7667,0.5137,0.4893,-1.0777,-0.4391
SHP-000258,2024-07-30,2024-07-31,2024-08-04,Delhi,Mumbai,1384.9,GreenLine Carriers,Truck,Standard,18000.0,36077.0,Delivered,False,False,False,False,False,False,1,4.0,4.0,0.0,0.0,26.05,7,False,0.9411,0.7915,0.6952,0.1307,-0.4391
SHP-000259,2024-10-15,2024-10-15,2024-10-19,Delhi,Pune,1451.5,Unknown,Truck,Standard,3778.5,35467.0,Returned,False,False,False,False,False,False,0,4.0,4.0,0.0,0.0,24.43,10,False,0.7332,0.8078,0.6909,0.1307,-0.4391
SHP-000260,2024-01-24,2024-01-25,2024-01-29,Kolkata,Delhi,1674.1,TransIndia Logistics,Container,Express,11516.3,74090.0,Delivered,False,False,False,True,False,False,1,4.0,4.0,0.0,0.0,44.26,1,False,0.8816,0.8575,0.8741,0.1307,-0.4391
SHP-000261,2024-06-22,2024-06-25,2024-07-01,Delhi,Chennai,2141.1,SafeHaul,Truck,Standard,18000.0,59221.0,Delivered,False,False,False,False,False,False,3,6.0,6.0,0.0,0.0,27.66,6,False,0.9411,0.9433,0.8184,1.339,-0.4391
SHP-000262,2024-12-21,2024-12-23,2024-12-27,Hyderabad,Kolkata,1527.0,BharatCargo,Truck,Standard,7724.3,35684.0,Delivered,True,False,False,False,False,False,2,4.0,4.0,0.0,0.0,23.37,12,False,0.8284,0.8255,0.6925,0.1307,-0.4391
SHP-000263,2024-01-22,2024-01-23,2024-01-27,Mumbai,Chennai,1378.7,Unknown,Mini Truck,Express,305.8,22212.0,Delivered,False,False,False,False,False,False,1,4.0,4.0,0.0,0.0,16.11,1,False,0.3986,0.7899,0.5746,0.1307,-0.4391
SHP-000264,2024-06-20,2024-06-22,2024-06-25,Delhi,Ahmedabad,941.2,RapidFreight,Container,Standard,13476.0,40986.0,Delivered,False,True,False,True,False,False,2,3.0,3.0,0.0,0.0,43.55,6,False,0.9026,0.657,0.7269,-0.4735,-0.4391
SHP-000265,2024-01-17,2024-01-18,2024-01-21,Ahmedabad,Hyderabad,1116.2,Unknown,Truck,Standard,3475.5,22225.0,Delivered,False,False,False,False,False,False,1,3.0,3.0,0.0,0.0,19.91,1,False,0.722,0.7164,0.5748,-0.4735,-0.4391
SHP-000266,2024-02-29,2024-02-29,2024-03-02,Delhi,Lucknow,555.5,BharatCargo,Truck,Standard,10352.2,18932.0,Delivered,False,False,False,False,False,False,0,2.0,2.0,0.0,0.0,34.08,2,False,0.8674,0.4734,0.5349,-1.0777,-0.4391
SHP-000267,2024-07-08,2024-07-11,2024-07-15,Mumbai,Bengaluru,1064.0,Unknown,Mini Truck,Standard,616.8,13237.0,Delivered,False,False,False,False,False,False,3,4.0,4.0,0.0,0.0,12.44,7,False,0.4919,0.6997,0.446,0.1307,-0.4391
SHP-000268,2024-03-05,2024-03-07,2024-03-09,Delhi,Lucknow,535.05,RapidFreight,Truck,Standard,4608.4,15718.0,Delivered,True,False,False,False,False,False,2,2.0,2.0,0.0,0.0,29.38,3,False,0.7596,0.4604,0.4887,-1.0777,-0.4391
SHP-000269,2024-07-31,2024-07-31,2024-08-02,Delhi,Mumbai,1536.8,TransIndia Logistics,Air Cargo,Express,749.8,76590.0,Delivered,False,False,False,False,False,False,0,2.0,2.0,0.0,0.0,49.84,7,False,0.5178,0.8277,0.8823,-1.0777,-0.4391
SHP-000270,2024-12-07,2024-12-10,2024-12-14,Delhi,Patna,1079.1,SafeHaul,Mini Truck,Standard,682.5,14897.0,Delivered,False,True,False,False,False,False,3,4.0,4.0,0.0,0.0,13.81,12,False,0.5053,0.7046,0.4753,0.1307,-0.4391
SHP-000271,2024-03-22,2024-03-22,2024-03-25,Delhi,Ahmedabad,1036.8,SafeHaul,Mini Truck,Standard,1255.0,13271.0,Delivered,False,False,False,False,False,False,0,3.0,3.0,0.0,0.0,12.8,3,False,0.5864,0.6907,0.4466,-0.4735,-0.4391
SHP-000272,2024-02-13,2024-02-14,2024-02-19,Delhi,Patna,1111.2,BharatCargo,Mini Truck,Standard,908.7,13649.0,Delivered,False,False,False,False,False,False,1,5.0,4.0,1.0,1.0,12.28,2,False,0.5434,0.7148,0.4536,0.7348,1.2884
SHP-000273,2024-11-10,2024-11-10,2024-11-12,Delhi,Lucknow,526.3,BharatCargo,Truck,Standard,4595.6,14310.0,Delivered,False,False,False,False,False,False,0,2.0,2.0,0.0,0.0,27.19,11,False,0.7593,0.4546,0.4653,-1.0777,-0.4391
SHP-000274,2024-07-07,2024-07-07,2024-07-09,Kolkata,Bengaluru,2036.0,BharatCargo,Air Cargo,Standard,276.4,64409.0,Delivered,False,False,False,False,False,False,0,2.0,2.0,0.0,0.0,31.64,7,False,0.3852,0.9257,0.8393,-1.0777,-0.4391
SHP-000275,2024-11-25,2024-11-28,2024-12-05,Chennai,Delhi,2276.0,RapidFreight,Truck,Standard,12394.9,63156.0,Delivered,False,False,False,False,False,False,3,7.0,6.0,1.0,1.0,27.75,11,False,0.8914,0.9646,0.8344,1.9432,1.2884
SHP-000276,2024-05-05,2024-05-06,2024-05-08,Mumbai,Ahmedabad,585.2,SafeHaul,Truck,Standard,6505.2,16598.0,Delivered,False,False,False,False,False,False,1,2.0,2.0,0.0,0.0,28.36,5,False,0.8055,0.4915,0.5022,-1.0777,-0.4391
SHP-000277,2024-09-09,2024-09-10,2024-09-14,Mumbai,Delhi,1436.2,RapidFreight,Container,Express,26301.7,69741.0,Delivered,False,False,False,False,False,False,1,4.0,4.0,0.0,0.0,48.56,9,False,0.9917,0.8042,0.859,0.1307,-0.4391
SHP-000278,2024-12-07,2024-12-09,2024-12-14,Bengaluru,Ahmedabad,1585.7,RapidFreight,Container,Standard,18854.1,59493.0,Delivered,False,False,False,False,False,False,2,5.0,4.0,1.0,1.0,37.52,12,False,0.9473,0.8386,0.8195,0.7348,1.2884
SHP-000279,2024-03-11,2024-03-13,2024-03-17,Hyderabad,Ahmedabad,1122.8,RapidFreight,Mini Truck,Standard,682.5,15436.0,Delivered,False,True,False,False,False,False,2,4.0,4.0,0.0,0.0,13.75,3,False,0.5053,0.7184,0.4842,0.1307,-0.4391
SHP-000280,2024-11-03,2024-11-04,2024-11-09,Hyderabad,Jaipur,1441.3,RapidFreight,Mini Truck,Express,814.0,22575.0,Delivered,False,False,False,False,False,False,1,5.0,5.0,0.0,0.0,15.66,11,False,0.5288,0.8054,0.5787,0.7348,-0.4391
SHP-000281,2024-09-11,2024-09-11,2024-09-15,Delhi,Hyderabad,1541.1,SafeHaul,Truck,Express,6515.0,46542.0,Delivered,False,False,False,False,False,False,0,4.0,4.0,0.0,0.0,30.2,9,False,0.8057,0.8287,0.7585,0.1307,-0.4391
SHP-000282,2024-11-06,2024-11-06,2024-11-07,Delhi,Jaipur,313.1,SafeHaul,Truck,Express,2832.1,11561.0,Delivered,False,False,False,False,False,False,0,1.0,1.0,0.0,0.0,36.92,11,False,0.6948,0.274,0.4123,-1.6819,-0.4391
SHP-000283,2024-03-10,2024-03-10,2024-03-15,Mumbai,Kolkata,2156.7,BharatCargo,Container,Express,13565.5,94865.0,Delivered,False,False,False,False,False,False,0,5.0,5.0,0.0,0.0,43.99,3,False,0.9035,0.9458,0.9355,0.7348,-0.4391
SHP-000284,2024-06-26,2024-06-27,2024-06-29,Mumbai,Hyderabad,752.8,BharatCargo,Truck,Standard,6851.5,17678.0,Delivered,False,False,False,False,False,False,1,2.0,2.0,0.0,0.0,23.48,6,False,0.8125,0.5792,0.5179,-1.0777,-0.4391
SHP-000285,2024-02-22,2024-02-25,2024-02-27,Kolkata,Mumbai,2219.5,SafeHaul,Air Cargo,Standard,157.7,64403.0,Delivered,False,True,False,False,False,False,3,2.0,2.0,0.0,0.0,29.02,2,False,0.3108,0.9558,0.8392,-1.0777,-0.4391
SHP-000286,2024-12-19,2024-12-19,2024-12-24,Bengaluru,Ahmedabad,1724.6,SafeHaul,Truck,Express,7347.5,53842.0,Delivered,False,False,False,False,False,False,0,5.0,5.0,0.0,0.0,31.22,12,False,0.8218,0.8679,0.7947,0.7348,-0.4391
SHP-000287,2024-01-26,2024-01-26,2024-01-29,Delhi,Ahmedabad,997.0,TransIndia Logistics,Truck,Standard,6077.2,25909.0,Delivered,True,False,False,False,False,False,0,3.0,3.0,0.0,0.0,25.99,1,False,0.7965,0.677,0.6129,-0.4735,-0.4391
SHP-000288,2024-01-27,2024-01-28,2024-02-01,Mumbai,Jaipur,1244.9,Unknown,Mini Truck,Standard,1113.5,14591.0,Delivered,False,False,False,False,False,False,1,4.0,4.0,0.0,0.0,11.72,1,False,0.5705,0.7544,0.4702,0.1307,-0.4391
SHP-000289,2024-11-30,2024-12-01,2024-12-03,Bengaluru,Ahmedabad,1588.5,TransIndia Logistics,Air Cargo,Express,291.1,70992.0,Delivered,False,False,False,False,False,False,1,2.0,2.0,0.0,0.0,44.69,11,False,0.3921,0.8393,0.8634,-1.0777,-0.4391
SHP-000290,2024-05-02,2024-05-03,2024-05-08,Delhi,Bengaluru,2078.6,TransIndia Logistics,Container,Standard,14843.5,79594.0,Delivered,False,False,False,False,False,False,1,5.0,5.0,0.0,0.0,38.29,5,False,0.9154,0.9329,0.8919,0.7348,-0.4391
SHP-000291,2024-08-29,2024-09-01,2024-09-08,Hyderabad,Delhi,1488.4,TransIndia Logistics,Truck,Standard,2641.7,35278.0,Delivered,False,False,False,False,False,False,3,7.0,4.0,3.0,1.0,23.7,8,True,0.6855,0.8166,0.6896,1.9432,4.7434
SHP-000292,2024-04-27,2024-04-28,2024-04-30,Delhi,Lucknow,539.0,SafeHaul,Mini Truck,Standard,2049.8,9194.0,Delivered,False,False,False,False,False,False,1,2.0,2.0,0.0,0.0,17.06,4,False,0.6517,0.4629,0.3554,-1.0777,-0.4391
SHP-000293,2024-09-17,2024-09-18,2024-09-22,Ahmedabad,Bengaluru,1545.6,SafeHaul,Container,Standard,13321.7,54261.0,Delivered,False,False,False,False,False,False,1,4.0,4.0,0.0,0.0,35.11,9,False,0.901,0.8297,0.7966,0.1307,-0.4391
SHP-000294,2024-03-19,2024-03-20,2024-03-25,Delhi,Mumbai,1414.7,TransIndia Logistics,Truck,Standard,5715.8,37714.0,Delivered,False,False,True,False,False,False,1,5.0,4.0,1.0,1.0,26.66,3,False,0.7883,0.7989,0.7062,0.7348,1.2884
SHP-000295,2024-07-06,2024-07-08,2024-07-12,Hyderabad,Lucknow,1383.0,RapidFreight,Truck,Standard,4885.4,35545.0,Delivered,False,False,False,False,False,False,2,4.0,4.0,0.0,0.0,25.7,7,False,0.7674,0.791,0.6915,0.1307,-0.4391
SHP-000296,2024-08-05,2024-08-05,2024-08-09,Ahmedabad,Lucknow,1240.5,BharatCargo,Mini Truck,Express,522.2,21002.0,Delivered,False,False,False,False,False,False,0,4.0,4.0,0.0,0.0,16.93,8,False,0.4697,0.7531,0.5607,0.1307,-0.4391
SHP-000297,2024-05-16,2024-05-16,2024-05-20,Ahmedabad,Bengaluru,1491.1,GreenLine Carriers,Container,Standard,24034.2,61299.0,Delivered,False,False,True,False,False,False,0,4.0,4.0,0.0,0.0,41.11,5,False,0.9797,0.8172,0.827,0.1307,-0.4391
SHP-000298,2024-04-12,2024-04-13,2024-04-16,Hyderabad,Ahmedabad,1105.3,SafeHaul,Container,Standard,22741.1,49529.0,Delivered,False,False,False,False,False,False,1,3.0,3.0,0.0,0.0,44.81,4,False,0.9723,0.7129,0.774,-0.4735,-0.4391
SHP-000299,2024-02-27,2024-02-27,2024-03-05,Chennai,Delhi,2382.9,RapidFreight,Container,Express,13476.0,99555.0,Delivered,False,True,False,False,False,False,0,7.0,6.0,1.0,1.0,41.78,2,False,0.9026,0.9805,0.9475,1.9432,1.2884
SHP-000300,2024-10-07,2024-10-08,2024-10-12,Kolkata,Delhi,1596.6,BharatCargo,Container,Express,13483.0,76513.0,Delivered,False,False,False,False,False,False,1,4.0,4.0,0.0,0.0,47.92,10,False,0.9026,0.841,0.8821,0.1307,-0.4391
SHP-000301,2024-03-09,2024-03-10,2024-03-12,Chennai,Kolkata,1798.9,RapidFreight,Air Cargo,Standard,278.6,55162.0,Delivered,False,False,False,False,False,False,1,2.0,2.0,0.0,0.0,30.66,3,False,0.3862,0.8826,0.8007,-1.0777,-0.4391
SHP-000302,2024-04-29,2024-04-29,2024-05-03,Delhi,Pune,1471.8,BharatCargo,Container,Standard,14366.3,62636.0,Delivered,False,False,False,True,False,False,0,4.0,4.0,0.0,0.0,42.56,4,False,0.9111,0.8127,0.8323,0.1307,-0.4391
SHP-000303,2024-05-17,2024-05-18,2024-05-21,Bengaluru,Mumbai,1105.7,SafeHaul,Truck,Standard,5352.8,29805.0,Delivered,False,False,False,False,False,False,1,3.0,3.0,0.0,0.0,26.96,5,False,0.7796,0.7131,0.6477,-0.4735,-0.4391
SHP-000304,2024-07-04,2024-07-04,2024-07-11,Bengaluru,Delhi,2324.3,BharatCargo,Truck,Express,7349.4,64961.0,Delivered,False,False,False,False,False,False,0,7.0,6.0,1.0,1.0,27.95,7,False,0.8218,0.9719,0.8414,1.9432,1.2884
SHP-000305,2024-10-06,2024-10-07,2024-10-09,Hyderabad,Pune,665.4,BharatCargo,Truck,Standard,6030.4,17346.0,Delivered,False,True,False,False,False,False,1,2.0,2.0,0.0,0.0,26.07,10,False,0.7955,0.5362,0.5132,-1.0777,-0.4391
SHP-000306,2024-06-23,2024-06-25,2024-06-27,Bengaluru,Ahmedabad,1640.7,RapidFreight,Air Cargo,Standard,193.0,53620.0,Delivered,False,False,False,False,False,False,2,2.0,2.0,0.0,0.0,32.68,6,False,0.3375,0.8505,0.7937,-1.0777,-0.4391
SHP-000307,2024-11-22,2024-11-24,2024-11-26,Mumbai,Ahmedabad,536.4,BharatCargo,Truck,Standard,6782.1,16903.0,Delivered,False,False,False,False,False,False,2,2.0,2.0,0.0,0.0,31.51,11,False,0.8111,0.4612,0.5067,-1.0777,-0.4391
SHP-000308,2024-09-28,2024-09-28,2024-10-05,Kolkata,Ahmedabad,2164.1,RapidFreight,Truck,Standard,8615.1,46938.0,Delivered,False,False,False,False,False,False,0,7.0,6.0,1.0,1.0,21.69,9,False,0.843,0.947,0.7606,1.9432,1.2884
SHP-000309,2024-11-13,2024-11-14,2024-11-18,Mumbai,Jaipur,1137.5,BharatCargo,Mini Truck,Standard,482.8,12190.0,Delivered,False,False,False,False,False,False,1,4.0,4.0,0.0,0.0,10.72,11,False,0.4593,0.7229,0.4255,0.1307,-0.4391
SHP-000310,2024-10-10,2024-10-11,2024-10-13,Delhi,Pune,1516.5,SafeHaul,Air Cargo,Express,305.1,63904.0,Delivered,False,False,False,False,False,False,1,2.0,2.0,0.0,0.0,42.14,10,False,0.3983,0.8231,0.8373,-1.0777,-0.4391
SHP-000311,2024-03-01,2024-03-01,2024-03-03,Bengaluru,Patna,2057.2,RapidFreight,Air Cargo,Express,60.6,66561.0,Delivered,True,False,False,False,False,False,0,2.0,2.0,0.0,0.0,32.36,3,False,0.1847,0.9293,0.8474,-1.0777,-0.4391
SHP-000312,2024-12-25,2024-12-27,2024-12-29,Bengaluru,Jaipur,2037.3,GreenLine Carriers,Air Cargo,Standard,84.6,63341.0,Delivered,False,False,False,False,False,False,2,2.0,2.0,0.0,0.0,31.09,12,False,0.2285,0.926,0.8351,-1.0777,-0.4391
SHP-000313,2024-10-30,2024-10-30,2024-11-04,Mumbai,Bengaluru,1096.7,SafeHaul,Truck,Standard,4368.4,27881.0,Delivered,False,False,False,False,False,False,0,5.0,3.0,2.0,1.0,25.42,10,True,0.7525,0.7102,0.6311,0.7348,3.0159
SHP-000314,2024-08-20,2024-08-20,2024-08-25,Mumbai,Delhi,1418.9,RapidFreight,Container,Standard,9620.0,58346.0,Delivered,False,False,False,False,False,False,0,5.0,4.0,1.0,1.0,41.12,8,False,0.8577,0.7999,0.8147,0.7348,1.2884
SHP-000315,2024-03-08,2024-03-10,2024-03-12,Mumbai,Ahmedabad,531.9,BharatCargo,Container,Standard,19976.2,25472.0,Delivered,False,False,False,False,False,False,2,2.0,2.0,0.0,0.0,47.89,3,False,0.955,0.4583,0.6087,-1.0777,-0.4391
SHP-000316,2024-03-11,2024-03-13,2024-03-17,Mumbai,Chennai,1368.8,RapidFreight,Truck,Standard,3354.6,32491.0,Delivered,False,False,False,False,False,False,2,4.0,4.0,0.0,0.0,23.74,3,False,0.7173,0.7874,0.6692,0.1307,-0.4391
SHP-000317,2024-09-04,2024-09-07,2024-09-11,Mumbai,Lucknow,1540.6,RapidFreight,Truck,Standard,3944.8,37952.0,Delivered,False,False,False,False,False,False,3,4.0,4.0,0.0,0.0,24.63,9,False,0.7389,0.8286,0.7078,0.1307,-0.4391
SHP-000318,2024-06-19,2024-06-21,2024-06-22,Chennai,Hyderabad,689.8,GreenLine Carriers,Air Cargo,Standard,526.4,24047.0,Delivered,False,False,True,True,False,False,2,1.0,1.0,0.0,0.0,34.86,6,False,0.4708,0.5488,0.5944,-1.6819,-0.4391
SHP-000319,2024-09-27,2024-09-28,2024-10-03,Mumbai,Jaipur,1175.6,SafeHaul,Mini Truck,Standard,497.1,15677.0,Delivered,False,False,False,False,False,False,1,5.0,4.0,1.0,1.0,13.34,9,False,0.4632,0.7344,0.488,0.7348,1.2884
SHP-000320,2024-06-01,2024-06-02,2024-06-05,Ahmedabad,Delhi,937.1,TransIndia Logistics,Truck,Standard,5359.5,24294.0,Delivered,False,False,False,False,False,False,1,3.0,3.0,0.0,0.0,25.92,6,False,0.7797,0.6554,0.5969,-0.4735,-0.4391
SHP-000321,2024-07-28,2024-07-29,2024-08-05,Ahmedabad,Patna,1734.8,SafeHaul,Container,Standard,9824.2,61965.0,Delivered,False,False,False,False,False,False,1,7.0,4.0,3.0,1.0,35.72,7,True,0.8605,0.87,0.8296,1.9432,4.7434
SHP-000322,2024-03-17,2024-03-18,2024-03-20,Bengaluru,Hyderabad,630.0,GreenLine Carriers,Truck,Standard,9890.1,19991.0,Delivered,False,False,False,False,False,False,1,2.0,2.0,0.0,0.0,31.73,3,False,0.8614,0.5172,0.5484,-1.0777,-0.4391
SHP-000323,2024-03-04,2024-03-05,2024-03-08,Mumbai,Hyderabad,805.6,GreenLine Carriers,Truck,Standard,9972.2,23579.0,Delivered,False,False,True,False,False,False,1,3.0,3.0,0.0,0.0,29.27,3,False,0.8625,0.6028,0.5895,-0.4735,-0.4391
SHP-000324,2024-01-31,2024-01-31,2024-02-05,Bengaluru,Kolkata,1945.9,RapidFreight,Container,Standard,18132.2,79589.0,Delivered,False,False,False,False,False,False,0,5.0,5.0,0.0,0.0,40.9,1,False,0.9421,0.91,0.8919,0.7348,-0.4391
SHP-000325,2024-11-08,2024-11-08,2024-11-13,Hyderabad,Lucknow,1477.7,RapidFreight,Mini Truck,Standard,966.4,18421.0,Delivered,False,False,False,False,False,False,0,5.0,5.0,0.0,0.0,12.47,11,False,0.5516,0.8141,0.5281,0.7348,-0.4391
SHP-000326,2024-08-13,2024-08-14,2024-08-16,Kolkata,Bengaluru,1927.6,BharatCargo,Air Cargo,Express,157.7,65139.0,Delivered,False,True,True,False,False,False,1,2.0,2.0,0.0,0.0,33.79,8,False,0.3108,0.9067,0.8421,-1.0777,-0.4391
SHP-000327,2024-12-15,2024-12-16,2024-12-20,Hyderabad,Jaipur,1382.9,BharatCargo,Mini Truck,Express,511.0,20595.0,Delivered,False,False,False,False,False,False,1,4.0,4.0,0.0,0.0,14.89,12,False,0.4668,0.791,0.5558,0.1307,-0.4391
SHP-000328,2024-10-19,2024-10-20,2024-10-22,Bengaluru,Hyderabad,642.2,SafeHaul,Truck,Standard,3679.5,18796.0,Delivered,False,False,True,False,False,False,1,2.0,2.0,0.0,0.0,29.27,10,False,0.7296,0.5239,0.5331,-1.0777,-0.4391
SHP-000329,2024-10-25,2024-10-27,2024-10-31,Kolkata,Delhi,1595.4,Unknown,Container,Standard,13476.0,65415.0,Delivered,False,True,False,False,False,False,2,4.0,4.0,0.0,0.0,41.0,10,False,0.9026,0.8408,0.8431,0.1307,-0.4391
SHP-000330,2024-07-27,2024-07-29,2024-08-03,Mumbai,Jaipur,1193.3,TransIndia Logistics,Mini Truck,Standard,1107.6,15909.0,Delivered,False,False,True,False,False,False,2,5.0,4.0,1.0,1.0,13.33,7,False,0.5698,0.7396,0.4917,0.7348,1.2884
SHP-000331,2024-11-07,2024-11-08,2024-11-13,Chennai,Mumbai,1407.9,RapidFreight,Mini Truck,Standard,682.5,18455.0,Delivered,False,True,False,False,False,False,1,5.0,5.0,0.0,0.0,13.11,11,False,0.5053,0.7972,0.5286,0.7348,-0.4391
SHP-000332,2024-12-13,2024-12-13,2024-12-16,Mumbai,Chennai,1296.7,TransIndia Logistics,Container,Express,14196.5,66531.0,Delivered,False,False,False,False,False,False,0,3.0,3.0,0.0,0.0,51.31,12,False,0.9095,0.7686,0.8473,-0.4735,-0.4391
SHP-000333,2024-10-11,2024-10-14,2024-10-20,Chennai,Jaipur,2089.5,BharatCargo,Truck,Standard,5011.3,46422.0,Delivered,False,False,False,False,False,False,3,6.0,6.0,0.0,0.0,22.22,10,False,0.7708,0.9348,0.7579,1.339,-0.4391
SHP-000334,2024-02-13,2024-02-14,2024-02-18,Hyderabad,Jaipur,1247.7,RapidFreight,Mini Truck,Standard,355.7,15631.0,Delivered,False,False,False,False,False,False,1,4.0,4.0,0.0,0.0,12.53,2,False,0.4187,0.7551,0.4873,0.1307,-0.4391
SHP-000335,2024-09-18,2024-09-19,2024-09-21,Delhi,Lucknow,532.7,TransIndia Logistics,Truck,Standard,6674.9,14900.0,Delivered,False,False,False,False,False,False,1,2.0,2.0,0.0,0.0,27.97,9,False,0.809,0.4588,0.4754,-1.0777,-0.4391
SHP-000336,2024-02-19,2024-02-22,2024-02-26,Kolkata,Hyderabad,1494.4,BharatCargo,Container,Standard,12105.2,51076.0,Delivered,False,False,False,False,False,False,3,4.0,4.0,0.0,0.0,34.18,2,False,0.8883,0.818,0.7816,0.1307,-0.4391
SHP-000337,2024-02-01,2024-02-01,2024-02-04,Delhi,Ahmedabad,960.4,TransIndia Logistics,Truck,Standard,3388.0,22213.0,Delivered,False,False,False,True,False,False,0,3.0,3.0,0.0,0.0,23.13,2,False,0.7187,0.664,0.5746,-0.4735,-0.4391
SHP-000338,2024-10-03,2024-10-03,2024-10-05,Chennai,Bengaluru,388.0,TransIndia Logistics,Mini Truck,Express,288.2,6230.0,Delivered,False,False,False,False,False,False,0,2.0,2.0,0.0,0.0,16.06,10,False,0.3907,0.3486,0.2587,-1.0777,-0.4391
SHP-000339,2024-11-12,2024-11-12,2024-11-13,Delhi,Ahmedabad,980.0,RapidFreight,Air Cargo,Standard,31.4,31079.0,Delivered,False,False,False,False,False,False,0,1.0,1.0,0.0,0.0,31.71,11,False,0.0991,0.671,0.6581,-1.6819,-0.4391
SHP-000340,2024-03-05,2024-03-05,2024-03-08,Ahmedabad,Hyderabad,1117.5,Unknown,Truck,Standard,4801.4,27755.0,Delivered,False,False,False,False,False,False,0,3.0,3.0,0.0,0.0,24.84,3,False,0.7651,0.7168,0.63,-0.4735,-0.4391
SHP-000341,2024-01-31,2024-02-01,2024-02-06,Delhi,Mumbai,1446.3,RapidFreight,Truck,Standard,5701.3,37551.0,Delivered,False,False,False,False,False,False,1,5.0,4.0,1.0,1.0,25.96,1,False,0.788,0.8066,0.7051,0.7348,1.2884
SHP-000342,2024-11-26,2024-11-26,2024-11-30,Ahmedabad,Bengaluru,1461.7,RapidFreight,Truck,Express,3548.7,40014.0,Delivered,False,False,False,False,False,False,0,4.0,4.0,0.0,0.0,27.37,11,False,0.7248,0.8103,0.7209,0.1307,-0.4391
SHP-000343,2024-02-24,2024-02-25,2024-02-27,Hyderabad,Bengaluru,610.5,GreenLine Carriers,Truck,Standard,8865.8,18263.0,Delivered,False,False,False,False,False,False,1,2.0,2.0,0.0,0.0,29.91,2,False,0.8468,0.5063,0.526,-1.0777,-0.4391
SHP-000344,2024-01-15,2024-01-16,2024-01-21,Kolkata,Chennai,1805.3,TransIndia Logistics,Truck,Standard,6030.4,45110.0,Delivered,False,True,True,False,False,False,1,5.0,5.0,0.0,0.0,24.99,1,False,0.7955,0.8838,0.7507,0.7348,-0.4391
SHP-000345,2024-10-11,2024-10-13,2024-10-14,Chennai,Bengaluru,340.6,BharatCargo,Truck,Standard,8481.5,10991.0,Delivered,False,False,False,False,False,False,2,1.0,1.0,0.0,0.0,32.27,10,False,0.8409,0.3033,0.3998,-1.6819,-0.4391
SHP-000346,2024-11-16,2024-11-18,2024-11-23,Hyderabad,Patna,1418.5,SafeHaul,Unknown,Standard,627.2,17221.0,Delivered,False,False,False,False,False,False,2,5.0,4.0,1.0,1.0,12.14,11,False,0.4941,0.7998,0.5114,0.7348,1.2884
SHP-000347,2024-07-29,2024-07-30,2024-08-02,Ahmedabad,Delhi,977.1,GreenLine Carriers,Truck,Express,3741.5,27532.0,Delivered,False,False,False,False,False,False,1,3.0,3.0,0.0,0.0,28.18,7,False,0.7319,0.67,0.628,-0.4735,-0.4391
SHP-000348,2024-08-08,2024-08-10,2024-08-16,Mumbai,Kolkata,2264.8,RapidFreight,Truck,Standard,6425.2,52951.0,Delivered,False,False,False,False,False,False,2,6.0,6.0,0.0,0.0,23.38,8,False,0.8039,0.9628,0.7906,1.339,-0.4391
SHP-000349,2024-05-17,2024-05-17,2024-05-23,Kolkata,Ahmedabad,2135.5,RapidFreight,Truck,Standard,2812.7,47211.0,Delivered,False,False,False,False,False,False,0,6.0,6.0,0.0,0.0,22.11,5,False,0.6939,0.9424,0.762,1.339,-0.4391
SHP-000350,2024-04-07,2024-04-07,2024-04-13,Delhi,Bengaluru,2177.0,TransIndia Logistics,Truck,Express,8293.1,68933.0,Delivered,False,False,False,False,False,False,0,6.0,6.0,0.0,0.0,31.66,4,False,0.8379,0.9491,0.8561,1.339,-0.4391
SHP-000351,2024-10-21,2024-10-22,2024-10-27,Kolkata,Pune,2120.7,TransIndia Logistics,Container,Standard,10085.1,79671.0,Delivered,False,False,False,False,False,False,1,5.0,5.0,0.0,0.0,37.57,10,False,0.864,0.9399,0.8921,0.7348,-0.4391
SHP-000352,2024-11-16,2024-11-18,2024-11-21,Delhi,Patna,1060.1,RapidFreight,Truck,Standard,10409.3,26985.0,Delivered,False,False,False,False,False,False,2,3.0,3.0,0.0,0.0,25.46,11,False,0.8682,0.6984,0.623,-0.4735,-0.4391
SHP-000353,2024-05-11,2024-05-11,2024-05-14,Kolkata,Patna,624.0,BharatCargo,Truck,Standard,4897.3,15994.0,Delivered,False,False,False,False,False,False,0,3.0,2.0,1.0,1.0,25.63,5,False,0.7677,0.5139,0.493,-0.4735,1.2884
SHP-000354,2024-04-21,2024-04-21,2024-04-26,Kolkata,Hyderabad,1431.1,RapidFreight,Mini Truck,Express,1324.2,23453.0,Delivered,False,False,False,False,False,False,0,5.0,5.0,0.0,0.0,16.39,4,False,0.5935,0.8029,0.5881,0.7348,-0.4391
SHP-000355,2024-04-19,2024-04-19,2024-04-21,Bengaluru,Hyderabad,666.9,SafeHaul,Mini Truck,Standard,356.9,8879.0,Delivered,False,False,False,False,False,False,0,2.0,2.0,0.0,0.0,13.31,4,False,0.4191,0.537,0.3467,-1.0777,-0.4391
SHP-000356,2024-01-21,2024-01-21,2024-01-23,Bengaluru,Jaipur,1966.1,SafeHaul,Air Cargo,Standard,76.2,66440.0,Delivered,False,False,True,False,False,False,0,2.0,2.0,0.0,0.0,33.79,1,False,0.2148,0.9136,0.847,-1.0777,-0.4391
SHP-000357,2024-04-24,2024-04-25,2024-04-30,Chennai,Lucknow,1881.3,RapidFreight,Truck,Standard,7540.7,48228.0,Delivered,False,False,False,False,False,False,1,5.0,5.0,0.0,0.0,25.64,4,False,0.8252,0.8982,0.7673,0.7348,-0.4391
SHP-000358,2024-01-11,2024-01-12,2024-01-16,Hyderabad,Kolkata,1500.2,TransIndia Logistics,Container,Standard,21088.6,56773.0,Delivered,False,False,False,False,False,False,1,4.0,4.0,0.0,0.0,37.84,1,False,0.9622,0.8193,0.8079,0.1307,-0.4391
SHP-000359,2024-10-31,2024-11-02,2024-11-06,Bengaluru,Pune,951.1,BharatCargo,Truck,Standard,6030.4,27838.0,Delivered,False,True,True,False,False,False,2,4.0,3.0,1.0,1.0,29.27,10,False,0.7955,0.6606,0.6307,0.1307,1.2884
SHP-000360,2024-04-14,2024-04-15,2024-04-19,Kolkata,Lucknow,1112.5,SafeHaul,Mini Truck,Standard,717.6,14392.0,Delivered,False,False,False,False,False,False,1,4.0,4.0,0.0,0.0,12.94,4,False,0.512,0.7152,0.4668,0.1307,-0.4391
SHP-000361,2024-10-02,2024-10-03,2024-10-07,Ahmedabad,Delhi,1014.9,SafeHaul,Truck,Standard,18000.0,31945.0,Delivered,False,False,False,False,False,False,1,4.0,3.0,1.0,1.0,31.48,10,False,0.9411,0.6832,0.665,0.1307,1.2884
SHP-000362,2024-08-09,2024-08-11,2024-08-14,Delhi,Ahmedabad,969.8,BharatCargo,Truck,Standard,5042.8,25177.0,Delivered,False,False,False,False,False,False,2,3.0,3.0,0.0,0.0,25.96,8,False,0.7716,0.6674,0.6058,-0.4735,-0.4391
SHP-000363,2024-11-13,2024-11-14,2024-11-19,Delhi,Hyderabad,1646.8,BharatCargo,Mini Truck,Express,1353.4,22802.0,Delivered,False,False,False,False,False,False,1,5.0,5.0,0.0,0.0,13.85,11,False,0.5965,0.8518,0.5811,0.7348,-0.4391
SHP-000364,2024-12-19,2024-12-22,2024-12-23,Delhi,Lucknow,543.0,RapidFreight,Air Cargo,Standard,58.5,18028.0,Delivered,False,False,False,False,False,False,3,1.0,1.0,0.0,0.0,33.2,12,False,0.1801,0.4655,0.5228,-1.6819,-0.4391
SHP-000365,2024-05-30,2024-05-31,2024-06-02,Kolkata,Patna,598.3,TransIndia Logistics,Mini Truck,Express,900.7,9987.0,Delivered,False,False,False,False,False,False,1,2.0,2.0,0.0,0.0,16.69,5,False,0.5422,0.4992,0.376,-1.0777,-0.4391
SHP-000366,2024-02-06,2024-02-07,2024-02-12,Bengaluru,Jaipur,1963.3,SafeHaul,Truck,Standard,1595.0,43739.0,Delivered,False,False,False,False,True,False,1,5.0,5.0,0.0,0.0,22.28,2,False,0.6183,0.9131,0.7431,0.7348,-0.4391
SHP-000367,2024-10-19,2024-10-21,2024-10-25,Chennai,Mumbai,1330.7,BharatCargo,Truck,Standard,3061.2,34474.0,Delivered,False,False,False,False,False,False,2,4.0,4.0,0.0,0.0,25.91,10,False,0.7051,0.7776,0.6839,0.1307,-0.4391
SHP-000368,2024-01-09,2024-01-09,2024-01-13,Chennai,Mumbai,1351.8,GreenLine Carriers,Truck,Standard,7938.8,31587.0,Delivered,False,False,False,False,False,False,0,4.0,4.0,0.0,0.0,23.37,1,False,0.8321,0.7831,0.6622,0.1307,-0.4391
SHP-000369,2024-04-01,2024-04-01,2024-04-05,Mumbai,Lucknow,1655.3,TransIndia Logistics,Container,Standard,8843.7,62658.0,Delivered,False,False,False,False,False,False,0,4.0,4.0,0.0,0.0,37.85,4,False,0.8465,0.8536,0.8324,0.1307,-0.4391
SHP-000370,2024-01-22,2024-01-22,2024-01-29,Hyderabad,Patna,1518.3,RapidFreight,Mini Truck,Standard,682.5,20408.0,Delivered,False,True,False,False,False,False,0,7.0,5.0,2.0,1.0,13.44,1,True,0.5053,0.8235,0.5536,1.9432,3.0159
SHP-000371,2024-11-30,2024-12-01,2024-12-03,Chennai,Patna,1970.3,RapidFreight,Air Cargo,Standard,371.3,66582.0,Delivered,False,False,False,False,False,False,1,2.0,2.0,0.0,0.0,33.79,11,False,0.4244,0.9143,0.8475,-1.0777,-0.4391
SHP-000372,2024-01-03,2024-01-03,2024-01-09,Mumbai,Kolkata,2378.7,SafeHaul,Container,Express,11747.0,98195.0,Delivered,False,False,False,False,False,False,0,6.0,6.0,0.0,0.0,41.28,1,False,0.8843,0.9799,0.9441,1.339,-0.4391
SHP-000373,2024-07-20,2024-07-20,2024-07-21,Mumbai,Chennai,1350.0,RapidFreight,Air Cargo,Express,56.9,57051.0,Delivered,False,False,False,False,False,False,0,1.0,1.0,0.0,0.0,42.26,7,False,0.1764,0.7826,0.8091,-1.6819,-0.4391
SHP-000374,2024-06-22,2024-06-23,2024-06-26,Mumbai,Jaipur,1200.5,GreenLine Carriers,Container,Standard,11859.1,46074.0,Delivered,False,False,False,False,False,False,1,3.0,3.0,0.0,0.0,38.38,6,False,0.8855,0.7417,0.756,-0.4735,-0.4391
SHP-000375,2024-09-18,2024-09-19,2024-09-21,Delhi,Bengaluru,2289.3,SafeHaul,Air Cargo,Standard,57.1,67180.0,Delivered,False,False,False,False,False,False,1,2.0,2.0,0.0,0.0,29.35,9,False,0.1769,0.9666,0.8497,-1.0777,-0.4391
SHP-000376,2024-04-28,2024-04-28,2024-05-01,Delhi,Patna,1093.3,RapidFreight,Truck,Standard,5646.5,25884.0,Delivered,True,False,False,True,False,False,0,3.0,3.0,0.0,0.0,23.68,4,False,0.7867,0.7091,0.6127,-0.4735,-0.4391
SHP-000377,2024-11-23,2024-11-24,2024-11-29,Ahmedabad,Chennai,1724.8,BharatCargo,Truck,Express,6379.0,50838.0,Delivered,False,False,False,False,False,False,1,5.0,5.0,0.0,0.0,29.47,11,False,0.8029,0.8679,0.7804,0.7348,-0.4391
SHP-000378,2024-10-15,2024-10-16,2024-10-21,Bengaluru,Kolkata,1957.2,RapidFreight,Truck,Standard,4993.6,42373.0,Delivered,False,False,False,False,False,False,1,5.0,5.0,0.0,0.0,21.65,10,False,0.7703,0.912,0.7352,0.7348,-0.4391
SHP-000379,2024-06-25,2024-06-25,2024-07-01,Mumbai,Kolkata,2143.7,BharatCargo,Container,Standard,25155.7,87082.0,Delivered,True,False,False,False,False,False,0,6.0,5.0,1.0,1.0,40.62,6,False,0.9857,0.9437,0.9142,1.339,1.2884
SHP-000380,2024-05-26,2024-05-26,2024-05-31,Chennai,Lucknow,1948.3,RapidFreight,Truck,Standard,3896.6,43350.0,Delivered,False,False,False,False,False,False,0,5.0,5.0,0.0,0.0,22.25,5,False,0.7373,0.9104,0.7408,0.7348,-0.4391
SHP-000381,2024-11-07,2024-11-08,2024-11-11,Kolkata,Lucknow,1141.2,TransIndia Logistics,Truck,Standard,13826.9,35009.0,Delivered,False,False,False,True,False,False,1,3.0,3.0,0.0,0.0,30.68,11,False,0.906,0.7241,0.6877,-0.4735,-0.4391
SHP-000382,2024-10-21,2024-10-24,2024-10-27,Ahmedabad,Mumbai,586.7,TransIndia Logistics,Mini Truck,Standard,374.8,7767.0,Delivered,False,False,False,False,False,False,3,3.0,2.0,1.0,1.0,13.24,10,False,0.4256,0.4924,0.3135,-0.4735,1.2884
SHP-000383,2024-06-12,2024-06-13,2024-06-14,Chennai,Bengaluru,384.8,GreenLine Carriers,Truck,Standard,6267.8,13700.0,Delivered,False,False,False,False,False,False,1,1.0,1.0,0.0,0.0,35.6,6,False,0.8006,0.3457,0.4545,-1.6819,-0.4391
SHP-000384,2024-05-19,2024-05-19,2024-05-25,Bengaluru,Patna,2048.1,RapidFreight,Truck,Standard,12202.3,51609.0,Delivered,False,False,False,False,False,False,0,6.0,6.0,0.0,0.0,25.2,5,False,0.8893,0.9278,0.7842,1.339,-0.4391
SHP-000385,2024-01-16,2024-01-16,2024-01-19,Mumbai,Bengaluru,1053.1,BharatCargo,Container,Standard,20801.7,43293.0,Delivered,False,False,True,False,False,False,0,3.0,3.0,0.0,0.0,41.11,1,False,0.9604,0.6961,0.7405,-0.4735,-0.4391
SHP-000386,2024-02-03,2024-02-03,2024-02-05,Ahmedabad,Pune,693.2,TransIndia Logistics,Mini Truck,Standard,544.0,8094.0,Delivered,False,False,False,False,False,False,0,2.0,2.0,0.0,0.0,11.68,2,False,0.4752,0.5505,0.3237,-1.0777,-0.4391
SHP-000387,2024-01-23,2024-01-24,2024-01-30,Chennai,Kolkata,1792.3,BharatCargo,Truck,Standard,8371.2,51830.0,Delivered,False,False,False,False,False,False,1,6.0,5.0,1.0,1.0,28.92,1,False,0.8391,0.8813,0.7852,1.339,1.2884
SHP-000388,2024-01-10,2024-01-10,2024-01-13,Ahmedabad,Delhi,929.1,BharatCargo,Container,Express,16223.6,51073.0,Delivered,False,False,False,False,False,False,0,3.0,3.0,0.0,0.0,54.97,1,False,0.9273,0.6525,0.7816,-0.4735,-0.4391
SHP-000389,2024-03-03,2024-03-04,2024-03-06,Delhi,Bengaluru,2198.7,GreenLine Carriers,Air Cargo,Standard,87.4,64339.0,Delivered,False,False,False,False,False,False,1,2.0,2.0,0.0,0.0,29.26,3,False,0.2328,0.9525,0.839,-1.0777,-0.4391
SHP-000390,2024-11-18,2024-11-19,2024-11-23,Hyderabad,Patna,1473.0,TransIndia Logistics,Truck,Express,8682.7,52936.0,Delivered,False,False,False,False,False,False,1,4.0,4.0,0.0,0.0,35.94,11,False,0.844,0.813,0.7905,0.1307,-0.4391
SHP-000391,2024-11-02,2024-11-02,2024-11-04,Kolkata,Mumbai,2183.1,TransIndia Logistics,Air Cargo,Standard,966.0,91135.0,Delivered,False,False,False,False,False,False,0,2.0,2.0,0.0,0.0,41.75,11,False,0.5516,0.95,0.9255,-1.0777,-0.4391
SHP-000392,2024-11-15,2024-11-16,2024-11-17,Delhi,Jaipur,311.8,BharatCargo,Mini Truck,Standard,929.0,4418.0,Delivered,False,False,False,False,False,False,1,1.0,1.0,0.0,0.0,14.17,11,False,0.5464,0.2726,0.1733,-1.6819,-0.4391
SHP-000393,2024-09-08,2024-09-08,2024-09-10,Kolkata,Delhi,1687.3,SafeHaul,Air Cargo,Express,264.3,65664.0,Delivered,False,False,False,False,False,False,0,2.0,2.0,0.0,0.0,38.92,9,False,0.3792,0.8603,0.844,-1.0777,-0.4391
SHP-000394,2024-09-08,2024-09-09,2024-09-15,Chennai,Delhi,2299.8,BharatCargo,Truck,Standard,8980.5,55468.0,Delivered,False,False,False,True,False,False,1,6.0,6.0,0.0,0.0,24.12,9,False,0.8485,0.9682,0.8021,1.339,-0.4391
SHP-000395,2024-02-20,2024-02-21,2024-02-24,Delhi,Patna,1095.3,BharatCargo,Truck,Express,2497.2,29685.0,Delivered,False,False,False,False,False,False,1,3.0,3.0,0.0,0.0,27.1,2,False,0.678,0.7098,0.6467,-0.4735,-0.4391
SHP-000396,2024-10-05,2024-10-05,2024-10-12,Bengaluru,Patna,2005.8,RapidFreight,Truck,Standard,7908.2,48543.0,Delivered,False,False,False,False,False,False,0,7.0,6.0,1.0,1.0,24.2,10,False,0.8316,0.9205,0.769,1.9432,1.2884
SHP-000397,2024-04-24,2024-04-25,2024-04-30,Hyderabad,Kolkata,1497.5,TransIndia Logistics,Mini Truck,Standard,380.3,19368.0,Delivered,False,False,False,False,False,False,1,5.0,5.0,0.0,0.0,12.93,4,False,0.4276,0.8187,0.5406,0.7348,-0.4391
SHP-000398,2024-07-31,2024-08-01,2024-08-07,Mumbai,Chennai,1323.7,BharatCargo,Truck,Standard,4211.5,28748.0,Delivered,False,False,False,False,False,False,1,6.0,4.0,2.0,1.0,21.72,7,True,0.7476,0.7757,0.6387,1.339,3.0159
SHP-000399,2024-12-17,2024-12-17,2024-12-23,Bengaluru,Delhi,2223.5,SafeHaul,Container,Standard,28000.0,90867.0,Delivered,False,False,False,False,False,False,0,6.0,5.0,1.0,1.0,40.87,12,False,1.0,0.9564,0.9248,1.339,1.2884
SHP-000400,2024-11-22,2024-11-24,2024-11-27,Bengaluru,Pune,869.7,TransIndia Logistics,Mini Truck,Standard,601.3,12109.0,Delivered,False,False,False,True,False,False,2,3.0,3.0,0.0,0.0,13.92,11,False,0.4885,0.6295,0.4238,-0.4735,-0.4391
SHP-000401,2024-04-05,2024-04-06,2024-04-09,Mumbai,Bengaluru,1064.9,TransIndia Logistics,Container,Express,10804.9,53469.0,Delivered,False,False,False,False,False,False,1,3.0,3.0,0.0,0.0,50.21,4,False,0.8731,0.7,0.793,-0.4735,-0.4391
SHP-000402,2024-10-16,2024-10-17,2024-10-19,Ahmedabad,Mumbai,563.6,RapidFreight,Truck,Express,11980.8,24355.0,Delivered,False,False,False,False,False,False,1,2.0,2.0,0.0,0.0,43.21,10,False,0.8869,0.4785,0.5975,-1.0777,-0.4391
SHP-000403,2024-02-12,2024-02-14,2024-02-16,Chennai,Bengaluru,367.8,SafeHaul,Mini Truck,Standard,396.4,4666.0,Delivered,False,False,False,False,False,False,2,2.0,2.0,0.0,0.0,12.69,2,False,0.4331,0.33,0.1868,-1.0777,-0.4391
SHP-000404,2024-01-11,2024-01-12,2024-01-14,Delhi,Lucknow,528.3,BharatCargo,Truck,Express,4587.4,19045.0,Returned,False,False,False,False,False,False,1,2.0,2.0,0.0,0.0,36.05,1,False,0.759,0.456,0.5364,-1.0777,-0.4391
SHP-000405,2024-01-12,2024-01-13,2024-01-19,Ahmedabad,Kolkata,2112.3,RapidFreight,Truck,Express,12694.8,62263.0,Delivered,False,False,False,False,False,False,1,6.0,6.0,0.0,0.0,29.48,1,False,0.8946,0.9385,0.8308,1.339,-0.4391
SHP-000406,2024-03-10,2024-03-12,2024-03-17,Hyderabad,Jaipur,1381.7,RapidFreight,Mini Truck,Standard,718.2,17248.0,Delivered,True,False,False,False,False,False,2,5.0,4.0,1.0,1.0,12.48,3,False,0.5121,0.7907,0.5118,0.7348,1.2884
SHP-000407,2024-10-03,2024-10-03,2024-10-07,Mumbai,Chennai,1236.5,SafeHaul,Truck,Standard,2350.9,28665.0,Delivered,False,False,False,False,False,False,0,4.0,4.0,0.0,0.0,23.18,10,False,0.67,0.752,0.638,0.1307,-0.4391
SHP-000408,2024-05-28,2024-05-29,2024-06-01,Hyderabad,Mumbai,783.6,TransIndia Logistics,Mini Truck,Standard,970.2,11434.0,Delivered,False,False,False,True,False,False,1,3.0,3.0,0.0,0.0,14.59,5,False,0.5521,0.5932,0.4096,-0.4735,-0.4391
SHP-000409,2024-01-07,2024-01-10,2024-01-16,Delhi,Chennai,2315.9,GreenLine Carriers,Truck,Standard,4729.8,51638.0,Delivered,False,False,False,False,False,False,3,6.0,6.0,0.0,0.0,22.3,1,False,0.7631,0.9706,0.7843,1.339,-0.4391
SHP-000410,2024-12-28,2024-12-28,2025-01-02,Ahmedabad,Chennai,1874.5,BharatCargo,Container,Standard,23998.8,72632.0,Delivered,False,False,False,False,False,False,0,5.0,5.0,0.0,0.0,38.75,12,False,0.9795,0.8969,0.8691,0.7348,-0.4391
SHP-000411,2024-08-05,2024-08-05,2024-08-11,Kolkata,Mumbai,2183.4,BharatCargo,Truck,Express,4170.5,57912.0,Delivered,False,False,False,True,False,False,0,6.0,6.0,0.0,0.0,26.52,8,False,0.7463,0.9501,0.8128,1.339,-0.4391
SHP-000412,2024-06-10,2024-06-13,2024-06-16,Kolkata,Patna,564.6,RapidFreight,Container,Standard,20226.4,28717.0,Delivered,False,False,False,False,False,False,3,3.0,2.0,1.0,1.0,50.86,6,False,0.9567,0.4791,0.6385,-0.4735,1.2884
SHP-000413,2024-07-31,2024-07-31,2024-08-05,Delhi,Bengaluru,2205.9,GreenLine Carriers,Container,Standard,26063.9,85070.0,Delivered,False,False,False,False,False,False,0,5.0,5.0,0.0,0.0,38.56,7,False,0.9905,0.9537,0.9084,0.7348,-0.4391
SHP-000414,2024-07-31,2024-08-03,2024-08-08,Hyderabad,Ahmedabad,1137.1,TransIndia Logistics,Mini Truck,Standard,420.1,13321.0,Delivered,False,False,False,False,False,False,3,5.0,4.0,1.0,1.0,11.71,7,False,0.4408,0.7228,0.4475,0.7348,1.2884
SHP-000415,2024-07-11,2024-07-12,2024-07-16,Delhi,Hyderabad,1618.4,GreenLine Carriers,Container,Standard,13084.6,58644.0,Delivered,False,False,False,False,False,False,1,4.0,4.0,0.0,0.0,36.24,7,False,0.8986,0.8458,0.8159,0.1307,-0.4391
SHP-000416,2024-09-04,2024-09-06,2024-09-09,Mumbai,Hyderabad,811.8,BharatCargo,Mini Truck,Standard,883.8,11216.0,Delivered,False,False,False,False,False,False,2,3.0,3.0,0.0,0.0,13.82,9,False,0.5397,0.6055,0.4048,-0.4735,-0.4391
SHP-000417,2024-11-26,2024-11-27,2024-12-01,Delhi,Hyderabad,1548.0,RapidFreight,Container,Standard,10370.7,53994.0,Delivered,False,False,False,False,False,False,1,4.0,4.0,0.0,0.0,34.88,11,False,0.8677,0.8303,0.7954,0.1307,-0.4391
SHP-000418,2024-05-03,2024-05-04,2024-05-08,Chennai,Mumbai,1326.1,SafeHaul,Mini Truck,Standard,823.2,15743.0,Delivered,False,False,False,True,False,False,1,4.0,4.0,0.0,0.0,11.87,5,False,0.5303,0.7764,0.4891,0.1307,-0.4391
SHP-000419,2024-07-18,2024-07-20,2024-07-24,Delhi,Ahmedabad,1009.6,BharatCargo,Container,Standard,12940.2,43135.0,Delivered,False,False,False,False,False,False,2,4.0,3.0,1.0,1.0,42.72,7,False,0.8972,0.6814,0.7396,0.1307,1.2884
SHP-000420,2024-01-02,2024-01-02,2024-01-05,Ahmedabad,Mumbai,580.9,BharatCargo,Mini Truck,Standard,604.3,8476.0,Delivered,False,False,True,False,False,False,0,3.0,2.0,1.0,1.0,14.59,1,False,0.4891,0.489,0.3352,-0.4735,1.2884
SHP-000421,2024-11-19,2024-11-20,2024-11-25,Kolkata,Ahmedabad,2005.1,RapidFreight,Container,Standard,14241.9,81123.0,Delivered,False,False,False,False,False,False,1,5.0,5.0,0.0,0.0,40.46,11,False,0.9099,0.9204,0.8966,0.7348,-0.4391
SHP-000422,2024-05-05,2024-05-08,2024-05-10,Delhi,Lucknow,526.2,RapidFreight,Mini Truck,Standard,730.6,7012.0,Delivered,False,False,False,False,False,False,3,2.0,2.0,0.0,0.0,13.33,5,False,0.5144,0.4546,0.2881,-1.0777,-0.4391
SHP-000423,2024-04-20,2024-04-23,2024-04-26,Delhi,Ahmedabad,885.6,BharatCargo,Mini Truck,Standard,682.5,11553.0,Delivered,False,True,False,False,False,False,3,3.0,3.0,0.0,0.0,13.05,4,False,0.5053,0.6358,0.4122,-0.4735,-0.4391
SHP-000424,2024-12-31,2025-01-03,,Delhi,Hyderabad,1567.0,GreenLine Carriers,Container,Standard,11352.8,60039.0,In Transit,False,False,False,False,False,False,3,,4.0,,,38.31,12,False,0.8797,0.8345,0.8218,,
SHP-000425,2024-08-24,2024-08-25,2024-08-31,Kolkata,Bengaluru,1955.8,TransIndia Logistics,Container,Standard,13476.0,80515.0,Delivered,False,True,False,False,False,False,1,6.0,5.0,1.0,1.0,41.17,8,False,0.9026,0.9117,0.8947,1.339,1.2884
SHP-000426,2024-02-20,2024-02-21,2024-02-22,Hyderabad,Jaipur,1344.7,TransIndia Logistics,Air Cargo,Express,157.7,58537.0,Delivered,False,True,False,False,False,False,1,1.0,1.0,0.0,0.0,43.53,2,False,0.3108,0.7812,0.8155,-1.6819,-0.4391
SHP-000427,2024-04-18,2024-04-19,2024-04-23,Mumbai,Chennai,1331.4,RapidFreight,Mini Truck,Standard,681.5,18207.0,Delivered,False,False,False,False,False,False,1,4.0,4.0,0.0,0.0,13.68,4,False,0.5051,0.7778,0.5252,0.1307,-0.4391
SHP-000428,2024-05-24,2024-05-25,2024-05-27,Hyderabad,Bengaluru,638.0,TransIndia Logistics,Mini Truck,Express,538.0,9930.0,Delivered,False,False,False,False,False,False,1,2.0,2.0,0.0,0.0,15.56,5,False,0.4737,0.5216,0.3745,-1.0777,-0.4391
SHP-000429,2024-12-27,2024-12-28,2024-12-31,Delhi,Ahmedabad,903.2,BharatCargo,Truck,Express,7287.2,28281.0,Delivered,False,False,False,False,False,False,1,3.0,3.0,0.0,0.0,31.31,12,False,0.8207,0.6426,0.6347,-0.4735,-0.4391
SHP-000430,2024-06-25,2024-06-25,2024-06-29,Hyderabad,Lucknow,1393.5,RapidFreight,Truck,Standard,2019.6,33728.0,Delivered,True,False,False,False,False,False,0,4.0,4.0,0.0,0.0,24.2,6,False,0.6498,0.7936,0.6785,0.1307,-0.4391
SHP-000431,2024-04-04,2024-04-04,2024-04-07,Ahmedabad,Lucknow,1165.7,BharatCargo,Container,Standard,10841.6,49703.0,Delivered,False,False,False,False,False,False,0,3.0,3.0,0.0,0.0,42.64,4,False,0.8736,0.7315,0.7748,-0.4735,-0.4391
SHP-000432,2024-08-19,2024-08-20,2024-08-22,Chennai,Delhi,2290.9,RapidFreight,Unknown,Standard,113.4,76769.0,Delivered,False,False,False,False,False,False,1,2.0,6.0,-4.0,0.0,33.51,8,False,0.2672,0.9668,0.8829,-1.0777,-7.349
SHP-000433,2024-06-14,2024-06-14,2024-06-16,Chennai,Jaipur,1951.5,TransIndia Logistics,Air Cargo,Express,63.7,74683.0,Delivered,False,False,False,False,False,False,0,2.0,2.0,0.0,0.0,38.27,6,False,0.1912,0.911,0.876,-1.0777,-0.4391
SHP-000434,2024-01-23,2024-01-24,2024-01-27,Hyderabad,Mumbai,795.7,TransIndia Logistics,Unknown,Standard,1860.5,12397.0,Delivered,False,False,False,False,False,False,1,3.0,2.0,1.0,1.0,15.58,1,False,0.6388,0.5985,0.4297,-0.4735,1.2884
SHP-000435,2024-11-19,2024-11-19,2024-11-22,Delhi,Patna,1080.1,BharatCargo,Truck,Standard,6030.4,28871.0,Delivered,False,True,False,False,False,False,0,3.0,3.0,0.0,0.0,26.73,11,False,0.7955,0.7049,0.6398,-0.4735,-0.4391
SHP-000436,2024-01-07,2024-01-09,2024-01-13,Mumbai,Lucknow,1547.8,SafeHaul,Container,Standard,14893.5,60761.0,Delivered,False,False,False,False,False,False,2,4.0,4.0,0.0,0.0,39.26,1,False,0.9159,0.8302,0.8248,0.1307,-0.4391
SHP-000437,2024-11-30,2024-12-03,2024-12-08,Delhi,Pune,1508.4,BharatCargo,Truck,Standard,4489.9,36365.0,Delivered,False,False,False,False,False,False,3,5.0,4.0,1.0,1.0,24.11,11,False,0.7562,0.8212,0.6972,0.7348,1.2884
SHP-000438,2024-11-01,2024-11-02,2024-11-07,Bengaluru,Lucknow,2005.0,RapidFreight,Container,Standard,13922.9,76267.0,Delivered,False,False,False,False,False,False,1,5.0,5.0,0.0,0.0,38.04,11,False,0.9069,0.9204,0.8813,0.7348,-0.4391
SHP-000439,2024-01-31,2024-02-03,2024-02-04,Chennai,Bengaluru,349.1,SafeHaul,Mini Truck,Standard,337.6,4348.0,Delivered,False,False,False,False,False,False,3,1.0,1.0,0.0,0.0,12.45,1,False,0.4118,0.3119,0.1693,-1.6819,-0.4391
SHP-000440,2024-10-12,2024-10-14,2024-10-19,Kolkata,Bengaluru,1879.6,TransIndia Logistics,Truck,Standard,5418.8,42511.0,Delivered,False,False,False,False,False,False,2,5.0,5.0,0.0,0.0,22.62,10,False,0.7812,0.8979,0.736,0.7348,-0.4391
SHP-000441,2024-10-26,2024-10-27,2024-10-29,Hyderabad,Chennai,644.1,TransIndia Logistics,Container,Express,10085.6,31630.0,Delivered,False,False,False,False,False,False,1,2.0,2.0,0.0,0.0,49.11,10,False,0.864,0.5249,0.6625,-1.0777,-0.4391
SHP-000442,2024-08-31,2024-08-31,2024-09-07,Delhi,Bengaluru,2225.9,RapidFreight,Truck,Standard,5080.0,46509.0,Delivered,False,False,False,False,False,False,0,7.0,6.0,1.0,1.0,20.89,8,False,0.7726,0.9568,0.7583,1.9432,1.2884
SHP-000443,2024-08-22,2024-08-22,2024-08-23,Chennai,Pune,1141.7,BharatCargo,Air Cargo,Standard,14.4,34806.0,Delivered,False,False,False,False,True,False,0,1.0,1.0,0.0,0.0,30.49,8,False,0.0,0.7242,0.6863,-1.6819,-0.4391
SHP-000444,2024-01-21,2024-01-21,2024-01-26,Delhi,Hyderabad,1594.4,RapidFreight,Truck,Standard,3049.4,37958.0,Delivered,True,False,False,False,False,False,0,5.0,4.0,1.0,1.0,23.81,1,False,0.7046,0.8406,0.7078,0.7348,1.2884
SHP-000445,2024-01-25,2024-01-26,2024-01-28,Mumbai,Ahmedabad,556.0,RapidFreight,Mini Truck,Express,1684.9,11463.0,Delivered,False,False,False,False,False,False,1,2.0,2.0,0.0,0.0,20.62,1,False,0.6256,0.4737,0.4102,-1.0777,-0.4391
SHP-000446,2024-10-13,2024-10-13,2024-10-15,Chennai,Hyderabad,634.1,RapidFreight,Truck,Standard,9874.9,21709.0,Delivered,False,False,False,True,False,False,0,2.0,2.0,0.0,0.0,34.24,10,False,0.8612,0.5195,0.5689,-1.0777,-0.4391
SHP-000447,2024-02-13,2024-02-13,2024-02-18,Ahmedabad,Chennai,1736.5,RapidFreight,Unknown,Express,13239.2,63286.0,Delivered,False,False,False,False,False,False,0,5.0,5.0,0.0,0.0,36.44,2,False,0.9002,0.8703,0.8349,0.7348,-0.4391
SHP-000448,2024-04-08,2024-04-09,2024-04-15,Kolkata,Mumbai,2136.3,BharatCargo,Container,Standard,22754.4,92628.0,Delivered,False,False,False,False,False,False,1,6.0,5.0,1.0,1.0,43.36,4,False,0.9724,0.9425,0.9296,1.339,1.2884
SHP-000449,2024-07-22,2024-07-22,2024-07-27,Delhi,Patna,1093.3,BharatCargo,Mini Truck,Express,1048.2,17235.0,Delivered,True,False,False,False,False,False,0,5.0,4.0,1.0,1.0,15.76,7,False,0.5624,0.7091,0.5116,0.7348,1.2884
SHP-000450,2024-03-08,2024-03-11,2024-03-16,Kolkata,Jaipur,1867.7,SafeHaul,Container,Standard,11947.9,63458.0,Delivered,False,False,False,False,False,False,3,5.0,5.0,0.0,0.0,33.98,3,False,0.8865,0.8957,0.8356,0.7348,-0.4391
SHP-000451,2024-10-31,2024-11-03,2024-11-04,Delhi,Jaipur,292.8,BharatCargo,Truck,Standard,3220.1,8937.0,Delivered,False,False,False,False,False,False,3,1.0,1.0,0.0,0.0,30.52,10,False,0.7119,0.2508,0.3483,-1.6819,-0.4391
SHP-000452,2024-11-05,2024-11-07,2024-11-11,Hyderabad,Kolkata,1508.9,RapidFreight,Truck,Standard,11939.0,44459.0,Delivered,False,False,False,False,False,False,2,4.0,4.0,0.0,0.0,29.46,11,False,0.8864,0.8214,0.7471,0.1307,-0.4391
SHP-000453,2024-11-14,2024-11-14,2024-11-16,Chennai,Hyderabad,670.8,GreenLine Carriers,Mini Truck,Express,727.7,12437.0,Delivered,False,False,False,False,False,False,0,2.0,2.0,0.0,0.0,18.54,11,False,0.5139,0.5391,0.4305,-1.0777,-0.4391
SHP-000454,2024-01-21,2024-01-21,2024-01-24,Delhi,Ahmedabad,992.0,TransIndia Logistics,Truck,Express,18000.0,42188.0,Delivered,False,False,False,False,False,False,0,3.0,3.0,0.0,0.0,42.53,1,False,0.9411,0.6753,0.7341,-0.4735,-0.4391
SHP-000455,2024-06-23,2024-06-24,2024-06-28,Delhi,Pune,1470.8,RapidFreight,Container,Standard,12320.6,49049.0,Delivered,False,False,False,False,False,False,1,4.0,4.0,0.0,0.0,33.35,6,False,0.8906,0.8124,0.7715,0.1307,-0.4391
SHP-000456,2024-11-16,2024-11-18,2024-11-22,Delhi,Mumbai,1377.5,BharatCargo,Truck,Standard,18000.0,42171.0,Delivered,False,False,False,False,False,False,2,4.0,4.0,0.0,0.0,30.61,11,False,0.9411,0.7896,0.734,0.1307,-0.4391
SHP-000457,2024-05-28,2024-05-28,2024-06-01,Ahmedabad,Hyderabad,1102.5,RapidFreight,Mini Truck,Standard,637.2,14549.0,Delivered,False,False,False,False,False,False,0,4.0,4.0,0.0,0.0,13.2,5,False,0.4962,0.7121,0.4695,0.1307,-0.4391
SHP-000458,2024-10-04,2024-10-05,2024-10-11,Bengaluru,Delhi,2131.0,GreenLine Carriers,Container,Standard,22346.6,91174.0,Returned,False,False,False,False,False,False,1,6.0,5.0,1.0,1.0,42.78,10,False,0.97,0.9416,0.9256,1.339,1.2884
SHP-000459,2024-08-26,2024-08-27,2024-08-31,Chennai,Mumbai,1231.3,BharatCargo,Truck,Standard,16606.2,40952.0,Delivered,False,False,False,False,False,False,1,4.0,4.0,0.0,0.0,33.26,8,False,0.9304,0.7505,0.7267,0.1307,-0.4391
SHP-000460,2024-05-21,2024-05-21,2024-05-26,Kolkata,Pune,1951.3,RapidFreight,Truck,Standard,3247.8,47828.0,Delivered,False,False,False,False,False,False,0,5.0,5.0,0.0,0.0,24.51,5,False,0.713,0.9109,0.7653,0.7348,-0.4391
SHP-000461,2024-04-22,2024-04-22,2024-04-28,Kolkata,Mumbai,2028.5,TransIndia Logistics,Truck,Standard,4485.1,45412.0,Delivered,False,False,False,False,False,False,0,6.0,6.0,0.0,0.0,22.39,4,False,0.756,0.9244,0.7524,1.339,-0.4391
SHP-000462,2024-09-18,2024-09-18,2024-09-20,Delhi,Bengaluru,2278.6,SafeHaul,Air Cargo,Standard,53.4,64501.0,Delivered,False,False,False,False,False,False,0,2.0,2.0,0.0,0.0,28.31,9,False,0.1681,0.965,0.8396,-1.0777,-0.4391
SHP-000463,2024-02-24,2024-02-25,2024-02-29,Ahmedabad,Hyderabad,1152.6,RapidFreight,Mini Truck,Express,334.7,18469.0,Delivered,False,False,False,False,False,False,1,4.0,4.0,0.0,0.0,16.02,2,False,0.4106,0.7275,0.5288,0.1307,-0.4391
SHP-000464,2024-11-19,2024-11-19,2024-11-20,Mumbai,Pune,148.7,BharatCargo,Mini Truck,Standard,1044.5,2874.0,Delivered,False,False,False,False,False,False,0,1.0,1.0,0.0,0.0,19.33,11,False,0.562,0.0157,0.0664,-1.6819,-0.4391
SHP-000465,2024-08-21,2024-08-22,2024-08-29,Kolkata,Hyderabad,1497.6,BharatCargo,Mini Truck,Standard,622.1,20754.0,Delivered,False,False,False,False,False,False,1,7.0,5.0,2.0,1.0,13.86,8,True,0.493,0.8187,0.5578,1.9432,3.0159
SHP-000466,2024-02-15,2024-02-17,2024-02-22,Chennai,Delhi,2080.2,RapidFreight,Container,Standard,13476.0,69680.0,Delivered,False,True,False,False,False,False,2,5.0,5.0,0.0,0.0,33.5,2,False,0.9026,0.9332,0.8588,0.7348,-0.4391
SHP-000467,2024-10-06,2024-10-07,2024-10-13,Kolkata,Ahmedabad,2030.9,BharatCargo,Truck,Standard,8377.1,51718.0,Delivered,False,False,False,False,False,False,1,6.0,6.0,0.0,0.0,25.47,10,False,0.8392,0.9249,0.7847,1.339,-0.4391
SHP-000468,2024-06-25,2024-06-26,2024-06-30,Ahmedabad,Lucknow,1230.0,TransIndia Logistics,Mini Truck,Standard,229.7,15376.0,Delivered,False,False,False,False,False,False,1,4.0,4.0,0.0,0.0,12.5,6,False,0.3606,0.7502,0.4832,0.1307,-0.4391
SHP-000469,2024-03-24,2024-03-24,2024-03-26,Delhi,Jaipur,310.8,TransIndia Logistics,Mini Truck,Standard,1515.0,5468.0,Delivered,False,False,False,False,False,False,0,2.0,1.0,1.0,1.0,17.59,3,False,0.6115,0.2715,0.2262,-1.0777,1.2884
SHP-000470,2024-12-19,2024-12-21,2024-12-25,Bengaluru,Ahmedabad,1538.0,SafeHaul,Container,Standard,12389.8,55100.0,Delivered,False,False,False,False,False,False,2,4.0,4.0,0.0,0.0,35.83,12,False,0.8914,0.828,0.8005,0.1307,-0.4391
SHP-000471,2024-10-11,2024-10-11,2024-10-14,Bengaluru,Hyderabad,666.4,SafeHaul,Truck,Standard,8258.1,16979.0,Delivered,False,False,False,False,False,False,0,3.0,2.0,1.0,1.0,25.48,10,False,0.8373,0.5368,0.5079,-0.4735,1.2884
SHP-000472,2024-08-27,2024-08-28,2024-08-30,Bengaluru,Jaipur,1877.4,SafeHaul,Air Cargo,Standard,279.0,59104.0,Delivered,False,False,False,False,False,False,1,2.0,2.0,0.0,0.0,31.48,8,False,0.3864,0.8975,0.8179,-1.0777,-0.4391
SHP-000473,2024-11-16,2024-11-17,2024-11-21,Delhi,Hyderabad,1526.8,BharatCargo,Truck,Standard,13656.8,40307.0,Delivered,False,False,False,False,False,False,1,4.0,4.0,0.0,0.0,26.4,11,False,0.9043,0.8255,0.7227,0.1307,-0.4391
SHP-000474,2024-08-09,2024-08-12,2024-08-17,Delhi,Kolkata,1715.7,TransIndia Logistics,Truck,Standard,5634.1,44454.0,Delivered,False,False,False,False,False,False,3,5.0,5.0,0.0,0.0,25.91,8,False,0.7864,0.8661,0.7471,0.7348,-0.4391
SHP-000475,2024-06-29,2024-07-02,2024-07-03,Mumbai,Jaipur,1256.4,RapidFreight,Air Cargo,Standard,17.9,35987.0,Delivered,False,False,False,True,False,False,3,1.0,1.0,0.0,0.0,28.64,6,False,0.0273,0.7576,0.6946,-1.6819,-0.4391
SHP-000476,2024-03-18,2024-03-20,2024-03-23,Mumbai,Bengaluru,1083.3,RapidFreight,Container,Standard,13476.0,45760.0,Delivered,True,True,False,False,False,False,2,3.0,3.0,0.0,0.0,42.24,3,False,0.9026,0.7059,0.7543,-0.4735,-0.4391
SHP-000477,2024-03-03,2024-03-05,2024-03-12,Bengaluru,Lucknow,2022.4,RapidFreight,Truck,Standard,6030.4,44354.0,Delivered,False,True,False,False,False,False,2,7.0,6.0,1.0,1.0,21.93,3,False,0.7955,0.9234,0.7465,1.9432,1.2884
SHP-000478,2024-06-25,2024-06-26,2024-06-28,Kolkata,Bengaluru,1822.3,TransIndia Logistics,Air Cargo,Standard,53.3,57530.0,Delivered,False,False,False,False,False,False,1,2.0,2.0,0.0,0.0,31.57,6,False,0.1679,0.8871,0.8112,-1.0777,-0.4391
SHP-000479,2024-07-05,2024-07-06,2024-07-11,Kolkata,Jaipur,1596.7,SafeHaul,Container,Standard,14741.7,52824.0,Delivered,False,False,False,False,False,False,1,5.0,4.0,1.0,1.0,33.08,7,False,0.9145,0.8411,0.79,0.7348,1.2884
SHP-000480,2024-10-15,2024-10-15,2024-10-21,Bengaluru,Patna,2072.1,BharatCargo,Truck,Express,4831.5,70181.0,Delivered,False,False,False,False,False,False,0,6.0,6.0,0.0,0.0,33.87,10,False,0.7659,0.9319,0.8606,1.339,-0.4391
SHP-000481,2024-06-29,2024-06-29,2024-07-01,Bengaluru,Hyderabad,633.6,BharatCargo,Container,Standard,8750.3,28408.0,Delivered,True,False,False,False,False,True,0,2.0,2.0,0.0,0.0,44.84,6,False,0.845,0.5192,0.6358,-1.0777,-0.4391
SHP-000482,2024-08-27,2024-08-30,2024-09-03,Mumbai,Chennai,1264.2,TransIndia Logistics,Container,Standard,17709.1,42211.0,Delivered,False,False,False,False,False,False,3,4.0,3.0,1.0,1.0,33.39,8,False,0.939,0.7597,0.7342,0.1307,1.2884
SHP-000483,2024-11-12,2024-11-15,2024-11-21,Kolkata,Jaipur,1741.7,RapidFreight,Unknown,Standard,4278.2,38881.0,Delivered,False,False,False,False,False,False,3,6.0,5.0,1.0,1.0,22.32,11,False,0.7497,0.8713,0.7138,1.339,1.2884
SHP-000484,2024-12-29,2024-12-30,,Mumbai,Delhi,1475.2,BharatCargo,Truck,Standard,6030.4,33178.0,In Transit,False,True,False,False,False,False,1,,4.0,,,22.49,12,False,0.7955,0.8135,0.6744,,
SHP-000485,2024-05-11,2024-05-11,2024-05-16,Delhi,Hyderabad,1667.7,TransIndia Logistics,Truck,Standard,4545.8,37648.0,Delivered,False,False,False,False,False,False,0,5.0,5.0,0.0,0.0,22.57,5,False,0.7578,0.8562,0.7058,0.7348,-0.4391
SHP-000486,2024-12-01,2024-12-01,2024-12-03,Bengaluru,Chennai,374.0,SafeHaul,Mini Truck,Standard,1469.0,6093.0,Delivered,False,False,False,False,False,False,0,2.0,2.0,0.0,0.0,16.29,12,False,0.6074,0.3358,0.2531,-1.0777,-0.4391
SHP-000487,2024-11-05,2024-11-06,2024-11-09,Bengaluru,Patna,2162.7,BharatCargo,Air Cargo,Standard,157.7,73084.0,Returned,False,True,True,False,False,False,1,3.0,2.0,1.0,1.0,33.79,11,False,0.3108,0.9468,0.8707,-0.4735,1.2884
SHP-000488,2024-01-28,2024-01-28,2024-02-01,Mumbai,Chennai,1323.1,RapidFreight,Truck,Standard,6291.6,31057.0,Delivered,False,False,False,False,False,False,0,4.0,4.0,0.0,0.0,23.47,1,False,0.8011,0.7756,0.6579,0.1307,-0.4391
SHP-000489,2024-05-16,2024-05-17,2024-05-22,Kolkata,Pune,2006.2,GreenLine Carriers,Container,Standard,11999.1,69172.0,Delivered,False,False,False,False,False,False,1,5.0,5.0,0.0,0.0,34.48,5,False,0.8871,0.9206,0.857,0.7348,-0.4391
SHP-000490,2024-03-30,2024-03-30,2024-04-04,Kolkata,Bengaluru,2082.7,BharatCargo,Container,Standard,16462.1,81911.0,Delivered,False,False,True,False,False,False,0,5.0,5.0,0.0,0.0,39.33,3,False,0.9292,0.9336,0.899,0.7348,-0.4391
SHP-000491,2024-09-23,2024-09-23,2024-09-27,Chennai,Mumbai,1270.9,TransIndia Logistics,Truck,Standard,13481.9,39211.0,Delivered,False,False,False,False,False,False,0,4.0,4.0,0.0,0.0,30.85,9,False,0.9026,0.7616,0.7159,0.1307,-0.4391
SHP-000492,2024-08-13,2024-08-13,2024-08-20,Kolkata,Mumbai,2112.8,TransIndia Logistics,Truck,Standard,8850.5,56122.0,Delivered,True,False,False,False,False,False,0,7.0,6.0,1.0,1.0,26.56,8,False,0.8466,0.9386,0.805,1.9432,1.2884
SHP-000493,2024-07-21,2024-07-23,2024-07-25,Kolkata,Pune,2045.7,TransIndia Logistics,Air Cargo,Standard,298.1,66654.0,Delivered,False,False,False,False,False,False,2,2.0,2.0,0.0,0.0,32.58,7,False,0.3952,0.9274,0.8478,-1.0777,-0.4391
SHP-000494,2024-10-23,2024-10-24,2024-10-28,Mumbai,Chennai,1342.8,RapidFreight,Truck,Standard,8632.2,32089.0,Delivered,False,False,False,False,False,False,1,4.0,4.0,0.0,0.0,23.9,10,False,0.8432,0.7807,0.6661,0.1307,-0.4391
SHP-000495,2024-05-16,2024-05-17,2024-05-18,Chennai,Bengaluru,379.8,BharatCargo,Truck,Standard,2621.2,9978.0,Delivered,False,False,False,False,False,False,1,1.0,1.0,0.0,0.0,26.27,5,False,0.6845,0.3412,0.3757,-1.6819,-0.4391
SHP-000496,2024-06-05,2024-06-05,2024-06-08,Bengaluru,Pune,1011.3,RapidFreight,Truck,Express,6030.4,30965.0,Delivered,False,True,False,False,False,False,0,3.0,3.0,0.0,0.0,30.62,6,False,0.7955,0.682,0.6572,-0.4735,-0.4391
SHP-000497,2024-11-21,2024-11-22,2024-11-24,Bengaluru,Chennai,383.7,RapidFreight,Mini Truck,Express,619.0,6582.0,Delivered,False,False,False,False,False,False,1,2.0,2.0,0.0,0.0,17.15,11,False,0.4923,0.3447,0.2723,-1.0777,-0.4391
SHP-000498,2024-12-23,2024-12-23,2024-12-28,Kolkata,Bengaluru,1869.4,RapidFreight,Truck,Express,6030.4,55847.0,Delivered,False,True,False,False,False,False,0,5.0,5.0,0.0,0.0,29.87,12,False,0.7955,0.896,0.8038,0.7348,-0.4391
SHP-000499,2024-10-27,2024-10-29,2024-11-02,Mumbai,Chennai,1396.9,Unknown,Truck,Standard,3167.8,33345.0,Delivered,False,False,False,False,False,False,2,4.0,4.0,0.0,0.0,23.87,10,False,0.7097,0.7945,0.6756,0.1307,-0.4391
SHP-000500,2024-03-29,2024-03-29,2024-03-31,Bengaluru,Chennai,366.9,Unknown,Mini Truck,Standard,227.6,4343.0,Delivered,False,False,False,False,False,False,0,2.0,2.0,0.0,0.0,11.84,3,False,0.3594,0.3292,0.169,-1.0777,-0.4391
SHP-000501,2024-02-16,2024-02-16,2024-02-19,Chennai,Pune,1175.2,SafeHaul,Unknown,Express,3849.1,37314.0,Delivered,False,True,False,False,False,False,0,3.0,3.0,0.0,0.0,31.75,2,False,0.7356,0.7343,0.7036,-0.4735,-0.4391
SHP-000502,2024-03-26,2024-03-27,2024-03-31,Hyderabad,Patna,1388.5,BharatCargo,Container,Standard,13476.0,52941.0,Delivered,False,True,False,False,False,False,1,4.0,4.0,0.0,0.0,38.13,3,False,0.9026,0.7924,0.7905,0.1307,-0.4391
SHP-000503,2024-06-21,2024-06-24,2024-06-28,Ahmedabad,Lucknow,1196.5,RapidFreight,Truck,Standard,5755.2,34464.0,Delivered,True,False,False,False,False,False,3,4.0,3.0,1.0,1.0,28.8,6,False,0.7892,0.7405,0.6838,0.1307,1.2884
SHP-000504,2024-04-06,2024-04-09,2024-04-13,Bengaluru,Ahmedabad,1541.9,BharatCargo,Truck,Standard,3728.2,37239.0,Delivered,False,False,False,False,False,False,3,4.0,4.0,0.0,0.0,24.15,4,False,0.7314,0.8289,0.7031,0.1307,-0.4391
SHP-000505,2024-11-30,2024-12-01,2024-12-06,Bengaluru,Delhi,2235.5,SafeHaul,Container,Express,13476.0,120532.0,Delivered,False,True,False,False,False,False,1,5.0,5.0,0.0,0.0,53.92,11,False,0.9026,0.9583,0.995,0.7348,-0.4391
SHP-000506,2024-09-25,2024-09-28,2024-09-30,Hyderabad,Chennai,652.0,RapidFreight,Mini Truck,Standard,539.6,9198.0,Delivered,False,False,False,False,False,False,3,2.0,2.0,0.0,0.0,14.11,9,False,0.4741,0.5292,0.3555,-1.0777,-0.4391
SHP-000507,2024-06-19,2024-06-19,2024-06-23,Mumbai,Chennai,1424.5,TransIndia Logistics,Container,Standard,20506.8,58991.0,Delivered,False,False,False,False,False,False,0,4.0,4.0,0.0,0.0,41.41,6,False,0.9585,0.8013,0.8174,0.1307,-0.4391
SHP-000508,2024-04-21,2024-04-22,2024-04-26,Hyderabad,Patna,1579.4,BharatCargo,Truck,Standard,5445.5,36138.0,Delivered,False,False,False,False,False,False,1,4.0,4.0,0.0,0.0,22.88,4,False,0.7819,0.8373,0.6956,0.1307,-0.4391
SHP-000509,2024-06-04,2024-06-04,2024-06-10,Bengaluru,Kolkata,2001.4,SafeHaul,Truck,Standard,9111.7,47126.0,Delivered,False,False,False,False,False,False,0,6.0,6.0,0.0,0.0,23.55,6,False,0.8504,0.9198,0.7616,1.339,-0.4391
SHP-000510,2024-07-13,2024-07-13,2024-07-16,Delhi,Lucknow,534.9,TransIndia Logistics,Mini Truck,Standard,790.8,7648.0,Delivered,False,False,False,False,False,False,0,3.0,2.0,1.0,1.0,14.3,7,False,0.5249,0.4603,0.3096,-0.4735,1.2884
SHP-000511,2024-10-09,2024-10-10,2024-10-12,Delhi,Chennai,2213.6,BharatCargo,Air Cargo,Standard,36.9,67748.0,Delivered,False,False,False,False,False,False,1,2.0,2.0,0.0,0.0,30.61,10,False,0.12,0.9549,0.8518,-1.0777,-0.4391
SHP-000512,2024-02-06,2024-02-08,2024-02-12,Hyderabad,Patna,1528.1,SafeHaul,Truck,Standard,6030.4,35532.0,Delivered,False,True,False,False,False,False,2,4.0,4.0,0.0,0.0,23.25,2,False,0.7955,0.8258,0.6914,0.1307,-0.4391
SHP-000513,2024-11-16,2024-11-18,2024-11-23,Delhi,Kolkata,1646.4,GreenLine Carriers,Container,Standard,9084.7,64936.0,Delivered,False,False,False,False,False,False,2,5.0,4.0,1.0,1.0,39.44,11,False,0.85,0.8517,0.8413,0.7348,1.2884
SHP-000514,2024-02-22,2024-02-24,2024-02-28,Mumbai,Lucknow,1503.5,RapidFreight,Truck,Standard,5623.1,36550.0,Delivered,False,False,False,False,False,False,2,4.0,4.0,0.0,0.0,24.31,2,False,0.7861,0.8201,0.6984,0.1307,-0.4391
SHP-000515,2024-04-17,2024-04-18,2024-04-22,Mumbai,Lucknow,1589.1,BharatCargo,Truck,Standard,3837.0,39516.0,Delivered,False,False,False,False,False,False,1,4.0,4.0,0.0,0.0,24.87,4,False,0.7352,0.8394,0.7178,0.1307,-0.4391
SHP-000516,2024-12-29,2025-01-01,,Delhi,Ahmedabad,971.6,GreenLine Carriers,Container,Standard,16002.5,37740.0,In Transit,False,False,False,False,False,False,3,,3.0,,,38.84,12,False,0.9255,0.668,0.7064,,
SHP-000517,2024-03-18,2024-03-20,2024-03-24,Mumbai,Bengaluru,1080.4,TransIndia Logistics,Mini Truck,Standard,312.8,14307.0,Delivered,False,False,False,False,False,False,2,4.0,4.0,0.0,0.0,13.24,3,False,0.4016,0.705,0.4653,0.1307,-0.4391
SHP-000518,2024-02-11,2024-02-12,2024-02-19,Chennai,Delhi,2105.1,SafeHaul,Mini Truck,Express,706.2,33801.0,Delivered,False,False,False,False,False,False,1,7.0,7.0,0.0,0.0,16.06,2,False,0.5099,0.9374,0.679,1.9432,-0.4391
SHP-000519,2024-09-13,2024-09-13,2024-09-19,Delhi,Ahmedabad,1020.9,RapidFreight,Truck,Standard,8458.8,29943.0,Returned,False,False,False,False,False,False,0,6.0,3.0,3.0,1.0,29.33,9,True,0.8405,0.6853,0.6489,1.339,4.7434
SHP-000520,2024-06-09,2024-06-10,2024-06-12,Hyderabad,Bengaluru,689.1,BharatCargo,Container,Standard,19234.7,34065.0,Delivered,False,False,False,False,False,False,1,2.0,2.0,0.0,0.0,49.43,6,False,0.95,0.5484,0.6809,-1.0777,-0.4391
SHP-000521,2024-02-07,2024-02-07,2024-02-11,Hyderabad,Lucknow,1393.5,TransIndia Logistics,Truck,Express,3793.4,35590.0,Delivered,True,False,False,False,False,True,0,4.0,4.0,0.0,0.0,25.54,2,False,0.7337,0.7936,0.6918,0.1307,-0.4391
SHP-000522,2024-01-02,2024-01-05,2024-01-06,Mumbai,Pune,163.3,SafeHaul,Mini Truck,Standard,707.5,2776.0,Delivered,False,False,False,False,False,False,3,1.0,1.0,0.0,0.0,17.0,1,False,0.5101,0.0482,0.0578,-1.6819,-0.4391
SHP-000523,2024-02-02,2024-02-03,2024-02-04,Delhi,Patna,1055.5,BharatCargo,Air Cargo,Express,180.3,49439.0,Delivered,False,False,False,False,False,False,1,1.0,1.0,0.0,0.0,46.84,2,False,0.3285,0.6969,0.7735,-1.6819,-0.4391
SHP-000524,2024-08-01,2024-08-02,2024-08-06,Kolkata,Lucknow,1145.7,RapidFreight,Truck,Standard,15180.9,33623.0,Delivered,False,False,False,False,False,False,1,4.0,3.0,1.0,1.0,29.35,8,False,0.9184,0.7254,0.6777,0.1307,1.2884
SHP-000525,2024-04-04,2024-04-05,2024-04-06,Delhi,Jaipur,289.5,TransIndia Logistics,Truck,Standard,2466.9,8271.0,Delivered,False,False,False,False,False,False,1,1.0,1.0,0.0,0.0,28.57,4,False,0.6764,0.2468,0.3291,-1.6819,-0.4391
SHP-000526,2024-10-27,2024-10-27,2024-10-29,Mumbai,Hyderabad,787.5,SafeHaul,Container,Standard,10177.4,30800.0,Delivered,False,False,False,False,False,False,0,2.0,2.0,0.0,0.0,39.11,10,False,0.8652,0.5949,0.6559,-1.0777,-0.4391
SHP-000527,2024-11-19,2024-11-21,2024-11-25,Ahmedabad,Delhi,1023.6,GreenLine Carriers,Truck,Standard,18000.0,29248.0,Delivered,False,False,False,False,False,False,2,4.0,3.0,1.0,1.0,28.57,11,False,0.9411,0.6862,0.643,0.1307,1.2884
SHP-000528,2024-02-29,2024-02-29,2024-03-03,Ahmedabad,Delhi,997.0,BharatCargo,Truck,Standard,5093.2,22933.0,Delivered,False,False,False,False,False,False,0,3.0,3.0,0.0,0.0,23.0,2,False,0.773,0.677,0.5826,-0.4735,-0.4391
SHP-000529,2024-05-17,2024-05-18,2024-05-20,Chennai,Hyderabad,622.2,BharatCargo,Truck,Standard,1929.3,15274.0,Delivered,False,False,False,False,False,False,1,2.0,2.0,0.0,0.0,24.55,5,False,0.6437,0.5129,0.4816,-1.0777,-0.4391
SHP-000530,2024-02-29,2024-03-02,2024-03-06,Mumbai,Patna,1761.8,BharatCargo,Container,Standard,11417.7,69290.0,Delivered,False,False,True,False,False,False,2,4.0,4.0,0.0,0.0,39.33,2,False,0.8805,0.8753,0.8574,0.1307,-0.4391
SHP-000531,2024-04-27,2024-04-28,2024-05-03,Chennai,Delhi,2123.1,BharatCargo,Container,Standard,5889.2,78654.0,Delivered,False,False,False,False,True,False,1,5.0,5.0,0.0,0.0,37.05,4,False,0.7923,0.9403,0.8889,0.7348,-0.4391
SHP-000532,2024-04-07,2024-04-07,2024-04-08,Chennai,Mumbai,1348.7,BharatCargo,Air Cargo,Standard,190.9,47564.0,Delivered,False,False,False,False,False,False,0,1.0,1.0,0.0,0.0,35.27,4,False,0.3361,0.7823,0.7639,-1.6819,-0.4391
SHP-000533,2024-10-30,2024-10-31,2024-11-02,Mumbai,Ahmedabad,608.7,RapidFreight,Truck,Standard,9753.5,19778.0,Delivered,False,False,False,False,False,False,1,2.0,2.0,0.0,0.0,32.49,10,False,0.8595,0.5052,0.5458,-1.0777,-0.4391
SHP-000534,2024-05-21,2024-05-22,2024-05-28,Kolkata,Ahmedabad,2184.8,BharatCargo,Truck,Standard,3472.1,47500.0,Delivered,False,False,False,False,False,False,1,6.0,6.0,0.0,0.0,21.74,5,False,0.7219,0.9503,0.7636,1.339,-0.4391
SHP-000535,2024-07-21,2024-07-21,2024-07-25,Delhi,Mumbai,1357.1,RapidFreight,Truck,Express,4523.7,36178.0,Delivered,False,False,True,False,False,False,0,4.0,4.0,0.0,0.0,26.66,7,False,0.7572,0.7844,0.6959,0.1307,-0.4391
SHP-000536,2024-09-26,2024-09-28,2024-10-04,Mumbai,Patna,1965.3,TransIndia Logistics,Container,Standard,19343.1,77294.0,Delivered,False,False,True,False,False,False,2,6.0,5.0,1.0,1.0,39.33,9,False,0.9507,0.9134,0.8846,1.339,1.2884
SHP-000537,2024-11-09,2024-11-09,2024-11-15,Bengaluru,Delhi,2310.0,Unknown,Truck,Express,2099.4,62529.0,Delivered,False,False,False,False,False,False,0,6.0,6.0,0.0,0.0,27.07,11,False,0.6549,0.9697,0.8319,1.339,-0.4391
SHP-000538,2024-05-03,2024-05-03,2024-05-07,Delhi,Ahmedabad,931.6,BharatCargo,Container,Standard,8815.5,37347.0,Delivered,False,False,False,False,False,False,0,4.0,3.0,1.0,1.0,40.09,5,False,0.846,0.6534,0.7038,0.1307,1.2884
SHP-000539,2024-03-26,2024-03-28,2024-03-29,Delhi,Jaipur,297.2,SafeHaul,Mini Truck,Standard,610.5,4323.0,Returned,False,False,False,False,False,False,2,1.0,1.0,0.0,0.0,14.55,3,False,0.4905,0.2559,0.1678,-1.6819,-0.4391
SHP-000540,2024-12-25,2024-12-26,2024-12-31,Hyderabad,Jaipur,1463.3,RapidFreight,Mini Truck,Standard,445.7,17344.0,Delivered,False,False,False,False,False,False,1,5.0,5.0,0.0,0.0,11.85,12,False,0.4487,0.8107,0.5131,0.7348,-0.4391
SHP-000541,2024-05-10,2024-05-10,2024-05-15,Ahmedabad,Hyderabad,1150.3,SafeHaul,Truck,Express,5030.1,34968.0,Delivered,False,False,False,False,False,False,0,5.0,3.0,2.0,1.0,30.4,5,True,0.7713,0.7268,0.6874,0.7348,3.0159
SHP-000542,2024-09-25,2024-09-26,2024-10-02,Kolkata,Pune,1910.0,TransIndia Logistics,Container,Standard,8995.7,77776.0,Delivered,False,False,False,False,False,False,1,6.0,5.0,1.0,1.0,40.72,9,False,0.8487,0.9035,0.8861,1.339,1.2884
SHP-000543,2024-09-28,2024-09-28,2024-10-02,Hyderabad,Lucknow,1420.4,SafeHaul,Container,Express,13476.0,76760.0,Delivered,False,True,False,False,False,False,0,4.0,4.0,0.0,0.0,54.04,9,False,0.9026,0.8003,0.8829,0.1307,-0.4391
SHP-000544,2024-07-29,2024-07-29,2024-08-05,Ahmedabad,Patna,1527.5,BharatCargo,Truck,Express,5486.1,46732.0,Delivered,False,False,False,False,False,False,0,7.0,4.0,3.0,1.0,30.59,7,True,0.7829,0.8256,0.7595,1.9432,4.7434
SHP-000545,2024-04-03,2024-04-05,2024-04-09,Delhi,Hyderabad,1592.6,TransIndia Logistics,Container,Standard,16967.1,62779.0,Delivered,False,False,False,False,False,False,2,4.0,4.0,0.0,0.0,39.42,4,False,0.9333,0.8402,0.8329,0.1307,-0.4391
SHP-000546,2024-02-27,2024-02-29,2024-03-05,Bengaluru,Ahmedabad,1655.2,Unknown,Container,Standard,15017.2,57836.0,Delivered,False,False,False,False,False,False,2,5.0,4.0,1.0,1.0,34.94,2,False,0.917,0.8536,0.8125,0.7348,1.2884
SHP-000547,2024-07-18,2024-07-18,2024-07-23,Mumbai,Patna,1860.9,TransIndia Logistics,Container,Standard,15050.3,80252.0,Delivered,False,False,False,False,False,False,0,5.0,5.0,0.0,0.0,43.13,7,False,0.9173,0.8944,0.8939,0.7348,-0.4391
SHP-000548,2024-07-27,2024-07-28,2024-07-29,Delhi,Jaipur,294.9,BharatCargo,Mini Truck,Standard,293.9,4184.0,Delivered,False,False,False,False,False,False,1,1.0,1.0,0.0,0.0,14.19,7,False,0.3933,0.2532,0.1597,-1.6819,-0.4391
SHP-000549,2024-10-26,2024-10-28,2024-10-30,Chennai,Patna,1963.7,SafeHaul,Air Cargo,Standard,245.5,66753.0,Delivered,False,False,False,False,False,False,2,2.0,2.0,0.0,0.0,33.99,10,False,0.3695,0.9131,0.8481,-1.0777,-0.4391
SHP-000550,2024-10-08,2024-10-08,2024-10-10,Bengaluru,Jaipur,2076.5,SafeHaul,Air Cargo,Express,107.7,68473.0,Delivered,False,False,False,False,False,False,0,2.0,2.0,0.0,0.0,32.98,10,False,0.2604,0.9326,0.8545,-1.0777,-0.4391
SHP-000551,2024-12-04,2024-12-05,2024-12-12,Bengaluru,Delhi,2343.3,BharatCargo,Container,Standard,13207.0,92160.0,Delivered,False,False,True,False,False,False,1,7.0,6.0,1.0,1.0,39.33,12,False,0.8999,0.9747,0.9283,1.9432,1.2884
SHP-000552,2024-12-22,2024-12-24,2024-12-28,Delhi,Mumbai,1519.8,BharatCargo,Container,Standard,20205.4,60732.0,Delivered,False,False,False,False,False,False,2,4.0,4.0,0.0,0.0,39.96,12,False,0.9565,0.8239,0.8246,0.1307,-0.4391
SHP-000553,2024-10-13,2024-10-14,2024-10-18,Delhi,Mumbai,1532.0,TransIndia Logistics,Truck,Standard,3896.6,37806.0,Delivered,False,False,False,False,False,False,1,4.0,4.0,0.0,0.0,24.68,10,False,0.7373,0.8266,0.7068,0.1307,-0.4391
SHP-000554,2024-02-01,2024-02-03,2024-02-06,Ahmedabad,Hyderabad,1158.5,BharatCargo,Truck,Standard,13497.0,32541.0,Delivered,False,False,False,False,False,False,2,3.0,3.0,0.0,0.0,28.09,2,False,0.9028,0.7293,0.6695,-0.4735,-0.4391
SHP-000555,2024-06-14,2024-06-15,2024-06-18,Delhi,Ahmedabad,1003.5,GreenLine Carriers,Truck,Express,14274.1,37686.0,Delivered,False,False,False,False,False,False,1,3.0,3.0,0.0,0.0,37.55,6,False,0.9102,0.6793,0.706,-0.4735,-0.4391
SHP-000556,2024-09-02,2024-09-04,2024-09-08,Mumbai,Chennai,1327.4,GreenLine Carriers,Truck,Standard,9425.6,36403.0,Delivered,False,False,False,False,False,False,2,4.0,4.0,0.0,0.0,27.42,9,False,0.8549,0.7767,0.6974,0.1307,-0.4391
SHP-000557,2024-08-26,2024-08-27,2024-09-03,Mumbai,Kolkata,2097.1,BharatCargo,Mini Truck,Express,388.7,30351.0,Delivered,False,False,False,False,False,False,1,7.0,6.0,1.0,1.0,14.47,8,False,0.4305,0.936,0.6522,1.9432,1.2884
SHP-000558,2024-03-15,2024-03-18,2024-03-23,Bengaluru,Jaipur,1901.6,RapidFreight,Container,Standard,6513.4,66437.0,Delivered,False,False,False,False,False,False,3,5.0,5.0,0.0,0.0,34.94,3,False,0.8057,0.9019,0.847,0.7348,-0.4391
SHP-000559,2024-08-24,2024-08-24,2024-08-30,Kolkata,Ahmedabad,1992.7,GreenLine Carriers,Truck,Standard,11462.3,51408.0,Delivered,False,False,False,False,False,False,0,6.0,5.0,1.0,1.0,25.8,8,False,0.881,0.9182,0.7832,1.339,1.2884
SHP-000560,2024-05-22,2024-05-24,2024-05-27,Bengaluru,Pune,930.0,RapidFreight,Truck,Standard,6414.7,26697.0,Delivered,False,False,False,False,False,False,2,3.0,3.0,0.0,0.0,28.71,5,False,0.8037,0.6528,0.6203,-0.4735,-0.4391
SHP-000561,2024-05-18,2024-05-20,2024-05-24,Delhi,Hyderabad,1622.5,TransIndia Logistics,Container,Standard,10785.9,63812.0,Delivered,False,False,True,False,False,False,2,4.0,4.0,0.0,0.0,39.33,5,False,0.8729,0.8466,0.8369,0.1307,-0.4391
SHP-000562,2024-11-12,2024-11-13,2024-11-16,Mumbai,Hyderabad,840.5,RapidFreight,Mini Truck,Standard,1415.5,12706.0,Delivered,False,False,False,False,False,False,1,3.0,3.0,0.0,0.0,15.12,11,False,0.6024,0.6176,0.4358,-0.4735,-0.4391
SHP-000563,2024-06-21,2024-06-22,2024-06-27,Hyderabad,Delhi,1604.3,RapidFreight,Truck,Express,3578.1,47010.0,Delivered,False,False,False,False,False,False,1,5.0,5.0,0.0,0.0,29.3,6,False,0.7259,0.8427,0.761,0.7348,-0.4391
SHP-000564,2024-08-03,2024-08-04,2024-08-06,Kolkata,Mumbai,2202.1,RapidFreight,Air Cargo,Express,98.1,94140.0,Delivered,False,False,False,False,False,False,1,2.0,2.0,0.0,0.0,42.75,8,False,0.248,0.9531,0.9336,-1.0777,-0.4391
SHP-000565,2024-08-16,2024-08-17,2024-08-22,Kolkata,Jaipur,1812.2,BharatCargo,Container,Standard,16823.4,62106.0,Delivered,False,False,False,False,False,False,1,5.0,5.0,0.0,0.0,34.27,8,False,0.9321,0.8852,0.8302,0.7348,-0.4391
SHP-000566,2024-08-16,2024-08-17,2024-08-19,Chennai,Bengaluru,368.5,GreenLine Carriers,Mini Truck,Standard,358.9,5591.0,Delivered,False,False,False,False,False,False,1,2.0,2.0,0.0,0.0,15.17,8,False,0.4199,0.3307,0.2318,-1.0777,-0.4391
SHP-000567,2024-03-28,2024-03-29,2024-04-03,Chennai,Ahmedabad,1797.8,RapidFreight,Truck,Express,5618.5,62375.0,Delivered,False,False,False,False,False,False,1,5.0,5.0,0.0,0.0,34.7,3,False,0.786,0.8824,0.8313,0.7348,-0.4391
SHP-000568,2024-08-30,2024-08-31,2024-09-03,Delhi,Ahmedabad,983.3,RapidFreight,Truck,Express,11533.3,36850.0,Delivered,False,False,False,False,False,False,1,3.0,3.0,0.0,0.0,37.48,8,False,0.8818,0.6722,0.7005,-0.4735,-0.4391
SHP-000569,2024-05-16,2024-05-19,2024-05-22,Mumbai,Bengaluru,1139.3,Unknown,Truck,Standard,6810.2,30899.0,Delivered,False,False,False,False,False,False,3,3.0,3.0,0.0,0.0,27.12,5,False,0.8117,0.7235,0.6567,-0.4735,-0.4391
SHP-000570,2024-09-19,2024-09-20,2024-09-26,Bengaluru,Kolkata,2048.5,GreenLine Carriers,Container,Standard,21664.1,80150.0,Delivered,False,False,False,False,False,False,1,6.0,5.0,1.0,1.0,39.13,9,False,0.9658,0.9279,0.8936,1.339,1.2884
SHP-000571,2024-02-29,2024-03-01,2024-03-02,Mumbai,Pune,146.9,BharatCargo,Mini Truck,Express,1381.9,4214.0,Delivered,False,False,False,False,False,False,1,1.0,1.0,0.0,0.0,28.69,2,False,0.5992,0.0115,0.1615,-1.6819,-0.4391
SHP-000572,2024-12-30,2024-12-30,,Hyderabad,Delhi,1617.3,TransIndia Logistics,Container,Standard,14038.0,59616.0,In Transit,False,False,False,False,False,False,0,,4.0,,,36.86,12,False,0.908,0.8455,0.82,,
SHP-000573,2024-10-26,2024-10-27,2024-10-29,Bengaluru,Hyderabad,681.6,RapidFreight,Truck,Standard,1595.0,15827.0,Delivered,False,False,False,False,True,False,1,2.0,2.0,0.0,0.0,23.22,10,False,0.6183,0.5446,0.4904,-1.0777,-0.4391
SHP-000574,2024-06-19,2024-06-20,2024-06-25,Chennai,Jaipur,2053.9,TransIndia Logistics,Container,Express,9507.1,97829.0,Delivered,True,False,False,False,False,False,1,5.0,5.0,0.0,0.0,47.63,6,False,0.8561,0.9288,0.9431,0.7348,-0.4391
SHP-000575,2024-05-03,2024-05-05,2024-05-09,Hyderabad,Ahmedabad,1145.7,TransIndia Logistics,Mini Truck,Standard,1106.6,15526.0,Delivered,False,False,False,False,False,False,2,4.0,4.0,0.0,0.0,13.55,5,False,0.5697,0.7254,0.4856,0.1307,-0.4391
SHP-000576,2024-06-07,2024-06-08,2024-06-14,Bengaluru,Ahmedabad,1617.7,GreenLine Carriers,Truck,Express,2367.0,40423.0,Delivered,False,False,True,False,False,False,1,6.0,5.0,1.0,1.0,24.99,6,False,0.6709,0.8456,0.7235,1.339,1.2884
SHP-000577,2024-10-11,2024-10-11,2024-10-15,Ahmedabad,Delhi,951.8,SafeHaul,Truck,Standard,6030.4,24067.0,Delivered,False,True,False,False,False,False,0,4.0,3.0,1.0,1.0,25.29,10,False,0.7955,0.6609,0.5946,0.1307,1.2884
SHP-000578,2024-09-19,2024-09-20,2024-09-29,Kolkata,Mumbai,2160.4,GreenLine Carriers,Truck,Standard,7351.1,46799.0,Delivered,False,False,False,False,False,False,1,9.0,6.0,3.0,1.0,21.66,9,True,0.8218,0.9464,0.7599,3.1516,4.7434
SHP-000579,2024-10-05,2024-10-06,2024-10-11,Hyderabad,Kolkata,1429.0,BharatCargo,Truck,Express,14490.6,56285.0,Delivered,False,False,False,False,False,False,1,5.0,4.0,1.0,1.0,39.39,10,False,0.9122,0.8024,0.8057,0.7348,1.2884
SHP-000580,2024-11-27,2024-11-28,2024-12-02,Mumbai,Chennai,1289.6,TransIndia Logistics,Mini Truck,Express,495.7,18442.0,Delivered,False,False,False,False,False,False,1,4.0,4.0,0.0,0.0,14.3,11,False,0.4628,0.7666,0.5284,0.1307,-0.4391
SHP-000581,2024-07-05,2024-07-05,2024-07-10,Bengaluru,Mumbai,1128.6,TransIndia Logistics,Mini Truck,Express,475.8,16965.0,Delivered,False,False,False,False,False,False,0,5.0,4.0,1.0,1.0,15.03,7,False,0.4574,0.7202,0.5076,0.7348,1.2884
SHP-000582,2024-09-25,2024-09-26,2024-10-02,Bengaluru,Lucknow,2054.6,RapidFreight,Container,Express,13745.4,98620.0,Delivered,False,False,False,False,False,False,1,6.0,5.0,1.0,1.0,48.0,9,False,0.9052,0.9289,0.9451,1.339,1.2884
SHP-000583,2024-06-29,2024-06-30,2024-07-05,Delhi,Kolkata,1648.0,GreenLine Carriers,Truck,Standard,7406.1,41906.0,Delivered,False,False,False,False,False,False,1,5.0,5.0,0.0,0.0,25.43,6,False,0.8228,0.8521,0.7324,0.7348,-0.4391
SHP-000584,2024-09-13,2024-09-14,2024-09-16,Mumbai,Ahmedabad,572.3,TransIndia Logistics,Truck,Express,5469.6,17931.0,Delivered,False,False,False,False,False,False,1,2.0,2.0,0.0,0.0,31.33,9,False,0.7824,0.4838,0.5214,-1.0777,-0.4391
SHP-000585,2024-07-13,2024-07-13,2024-07-17,Ahmedabad,Hyderabad,1122.8,TransIndia Logistics,Mini Truck,Express,1313.8,17855.0,Delivered,False,False,False,False,False,False,0,4.0,4.0,0.0,0.0,15.9,7,False,0.5925,0.7184,0.5204,0.1307,-0.4391
SHP-000586,2024-10-27,2024-10-28,2024-11-02,Kolkata,Pune,2016.5,BharatCargo,Container,Standard,10584.1,67445.0,Delivered,False,False,False,False,False,False,1,5.0,5.0,0.0,0.0,33.45,10,False,0.8704,0.9224,0.8507,0.7348,-0.4391
SHP-000587,2024-01-03,2024-01-06,2024-01-12,Delhi,Chennai,2306.3,TransIndia Logistics,Truck,Standard,6448.6,57037.0,Delivered,False,False,False,False,False,False,3,6.0,6.0,0.0,0.0,24.73,1,False,0.8044,0.9692,0.809,1.339,-0.4391
SHP-000588,2024-03-29,2024-03-29,2024-04-01,Mumbai,Bengaluru,1050.6,BharatCargo,Container,Standard,16360.7,47056.0,Delivered,False,False,False,False,False,False,0,3.0,3.0,0.0,0.0,44.79,3,False,0.9284,0.6953,0.7612,-0.4735,-0.4391
SHP-000589,2024-05-01,2024-05-02,2024-05-06,Delhi,Pune,1503.3,GreenLine Carriers,Container,Standard,12170.0,52771.0,Delivered,False,False,False,False,False,False,1,4.0,4.0,0.0,0.0,35.1,5,False,0.889,0.8201,0.7897,0.1307,-0.4391
SHP-000590,2024-12-14,2024-12-16,2024-12-22,Delhi,Chennai,2219.1,RapidFreight,Truck,Standard,9930.2,58732.0,Delivered,False,False,False,False,False,False,2,6.0,6.0,0.0,0.0,26.47,12,False,0.8619,0.9557,0.8163,1.339,-0.4391
SHP-000591,2024-07-26,2024-07-26,2024-08-01,Ahmedabad,Patna,1564.3,SafeHaul,Container,Standard,14749.3,64733.0,Delivered,False,False,False,False,False,False,0,6.0,4.0,2.0,1.0,41.38,7,True,0.9146,0.8339,0.8405,1.339,3.0159
SHP-000592,2024-05-28,2024-05-29,2024-06-04,Bengaluru,Delhi,2144.6,RapidFreight,Truck,Standard,9631.8,50572.0,Delivered,False,False,False,False,False,False,1,6.0,6.0,0.0,0.0,23.58,5,False,0.8578,0.9438,0.7791,1.339,-0.4391
SHP-000593,2024-06-14,2024-06-16,2024-06-20,Mumbai,Delhi,1560.6,SafeHaul,Container,Standard,14984.2,52760.0,Delivered,False,False,False,False,False,False,2,4.0,4.0,0.0,0.0,33.81,6,False,0.9167,0.8331,0.7897,0.1307,-0.4391
SHP-000594,2024-07-03,2024-07-05,2024-07-11,Kolkata,Ahmedabad,2103.7,BharatCargo,Truck,Standard,7520.3,47124.0,Delivered,False,False,False,False,False,False,2,6.0,6.0,0.0,0.0,22.4,7,False,0.8249,0.9371,0.7616,1.339,-0.4391
SHP-000595,2024-11-21,2024-11-21,2024-11-25,Delhi,Pune,1421.4,TransIndia Logistics,Truck,Express,4105.5,40447.0,Delivered,False,False,False,False,False,False,0,4.0,4.0,0.0,0.0,28.46,11,False,0.7442,0.8005,0.7236,0.1307,-0.4391
SHP-000596,2024-12-20,2024-12-22,2024-12-26,Mumbai,Delhi,1378.0,TransIndia Logistics,Mini Truck,Standard,479.4,19061.0,Delivered,False,False,False,False,False,False,2,4.0,4.0,0.0,0.0,13.83,12,False,0.4584,0.7897,0.5366,0.1307,-0.4391
SHP-000597,2024-11-15,2024-11-16,2024-11-18,Chennai,Jaipur,2047.8,Unknown,Air Cargo,Standard,510.3,70037.0,Delivered,False,False,False,False,False,False,1,2.0,2.0,0.0,0.0,34.2,11,False,0.4667,0.9277,0.8601,-1.0777,-0.4391
SHP-000598,2024-11-14,2024-11-17,2024-11-22,Kolkata,Delhi,1772.5,TransIndia Logistics,Truck,Standard,8785.2,41254.0,Delivered,False,False,False,False,False,False,3,5.0,5.0,0.0,0.0,23.27,11,False,0.8456,0.8774,0.7285,0.7348,-0.4391
SHP-000599,2024-03-22,2024-03-23,2024-03-27,Ahmedabad,Lucknow,1201.7,Unknown,Truck,Express,3247.8,32036.0,Delivered,False,False,True,False,False,False,1,4.0,4.0,0.0,0.0,26.66,3,False,0.713,0.7421,0.6657,0.1307,-0.4391
SHP-000600,2024-04-19,2024-04-20,2024-04-26,Kolkata,Ahmedabad,2180.2,BharatCargo,Truck,Express,6687.8,59339.0,Delivered,False,False,False,False,False,False,1,6.0,6.0,0.0,0.0,27.22,4,False,0.8092,0.9496,0.8189,1.339,-0.4391
SHP-000601,2024-08-28,2024-08-30,2024-09-05,Bengaluru,Lucknow,2054.2,BharatCargo,Truck,Standard,1595.0,47747.0,Delivered,False,False,False,False,True,False,2,6.0,6.0,0.0,0.0,23.24,8,False,0.6183,0.9288,0.7648,1.339,-0.4391
SHP-000602,2024-09-20,2024-09-22,2024-09-27,Chennai,Lucknow,1999.0,RapidFreight,Truck,Standard,4252.0,43451.0,Delivered,False,False,False,False,False,False,2,5.0,5.0,0.0,0.0,21.74,9,False,0.7489,0.9193,0.7414,0.7348,-0.4391
SHP-000603,2024-03-23,2024-03-26,2024-03-28,Ahmedabad,Chennai,1662.2,RapidFreight,Air Cargo,Standard,392.2,53703.0,Delivered,False,False,False,False,False,False,3,2.0,2.0,0.0,0.0,32.31,3,False,0.4317,0.8551,0.7941,-1.0777,-0.4391
SHP-000604,2024-10-18,2024-10-18,2024-10-23,Chennai,Ahmedabad,1821.9,BharatCargo,Container,Standard,13400.0,70968.0,Delivered,False,False,False,False,False,False,0,5.0,5.0,0.0,0.0,38.95,10,False,0.9018,0.887,0.8634,0.7348,-0.4391
SHP-000605,2024-03-22,2024-03-24,2024-03-30,Ahmedabad,Kolkata,2044.1,SafeHaul,Truck,Standard,6439.9,55199.0,Delivered,False,False,False,False,False,False,2,6.0,6.0,0.0,0.0,27.0,3,False,0.8042,0.9271,0.8009,1.339,-0.4391
SHP-000606,2024-04-17,2024-04-17,2024-04-19,Chennai,Hyderabad,682.3,BharatCargo,Truck,Standard,6030.4,18194.0,Delivered,False,True,False,False,False,False,0,2.0,2.0,0.0,0.0,26.67,4,False,0.7955,0.545,0.525,-1.0777,-0.4391
SHP-000607,2024-05-05,2024-05-07,2024-05-11,Hyderabad,Kolkata,1464.0,GreenLine Carriers,Truck,Standard,4741.8,32592.0,Delivered,False,False,False,False,False,False,2,4.0,4.0,0.0,0.0,22.26,5,False,0.7634,0.8108,0.6699,0.1307,-0.4391
SHP-000608,2024-11-15,2024-11-17,2024-11-22,Delhi,Hyderabad,1618.3,RapidFreight,Mini Truck,Standard,857.5,19612.0,Delivered,False,False,False,False,False,False,2,5.0,5.0,0.0,0.0,12.12,11,False,0.5357,0.8457,0.5437,0.7348,-0.4391
SHP-000609,2024-10-14,2024-10-14,2024-10-19,Chennai,Jaipur,2086.0,TransIndia Logistics,Container,Standard,16476.1,82041.0,Delivered,False,False,True,False,False,False,0,5.0,5.0,0.0,0.0,39.33,10,False,0.9294,0.9342,0.8994,0.7348,-0.4391
SHP-000610,2024-08-04,2024-08-06,2024-08-09,Bengaluru,Hyderabad,635.5,TransIndia Logistics,Mini Truck,Standard,1247.0,9900.0,Delivered,False,False,False,False,False,False,2,3.0,2.0,1.0,1.0,15.58,8,False,0.5856,0.5202,0.3738,-0.4735,1.2884
SHP-000611,2024-11-08,2024-11-09,2024-11-14,Kolkata,Delhi,1695.3,TransIndia Logistics,Truck,Standard,5288.9,34781.0,Delivered,False,False,False,False,False,False,1,5.0,5.0,0.0,0.0,20.52,11,False,0.778,0.8619,0.6861,0.7348,-0.4391
SHP-000612,2024-11-06,2024-11-07,2024-11-12,Kolkata,Bengaluru,1976.4,SafeHaul,Container,Standard,13211.4,74915.0,Delivered,False,False,False,False,False,False,1,5.0,5.0,0.0,0.0,37.9,11,False,0.8999,0.9154,0.8768,0.7348,-0.4391
SHP-000613,2024-06-08,2024-06-11,2024-06-13,Ahmedabad,Pune,645.9,RapidFreight,Truck,Standard,2697.9,15298.0,Delivered,False,False,False,False,False,False,3,2.0,2.0,0.0,0.0,23.68,6,False,0.6883,0.5259,0.4819,-1.0777,-0.4391
SHP-000614,2024-10-29,2024-10-30,2024-11-02,Ahmedabad,Hyderabad,1197.8,TransIndia Logistics,Container,Standard,13032.9,41197.0,Delivered,False,False,False,False,False,False,1,3.0,3.0,0.0,0.0,34.39,10,False,0.8981,0.7409,0.7282,-0.4735,-0.4391
SHP-000615,2024-03-25,2024-03-26,2024-03-31,Mumbai,Patna,1937.6,TransIndia Logistics,Container,Express,9002.5,81294.0,Delivered,False,False,False,False,False,False,1,5.0,5.0,0.0,0.0,41.96,3,False,0.8488,0.9085,0.8971,0.7348,-0.4391
SHP-000616,2024-07-24,2024-07-24,2024-07-27,Chennai,Hyderabad,639.4,TransIndia Logistics,Container,Standard,7332.4,24326.0,Delivered,False,False,False,False,False,False,0,3.0,2.0,1.0,1.0,38.05,7,False,0.8215,0.5224,0.5972,-0.4735,1.2884
SHP-000617,2024-02-18,2024-02-18,2024-02-22,Chennai,Kolkata,1778.0,RapidFreight,Container,Standard,9575.9,66333.0,Delivered,False,False,False,False,False,False,0,4.0,4.0,0.0,0.0,37.31,2,False,0.8571,0.8785,0.8466,0.1307,-0.4391
SHP-000618,2024-06-23,2024-06-23,2024-06-25,Mumbai,Patna,1804.3,SafeHaul,Air Cargo,Standard,678.1,71185.0,Delivered,False,False,False,False,False,False,0,2.0,2.0,0.0,0.0,39.45,6,False,0.5045,0.8836,0.8641,-1.0777,-0.4391
SHP-000619,2024-07-31,2024-07-31,2024-08-04,Delhi,Pune,1429.7,BharatCargo,Truck,Express,5100.9,44226.0,Delivered,False,False,False,False,False,False,0,4.0,4.0,0.0,0.0,30.93,7,False,0.7732,0.8026,0.7458,0.1307,-0.4391
SHP-000620,2024-02-02,2024-02-02,2024-02-03,Delhi,Jaipur,313.3,SafeHaul,Mini Truck,Express,798.7,6302.0,Delivered,False,False,False,False,False,False,0,1.0,1.0,0.0,0.0,20.11,2,False,0.5263,0.2743,0.2615,-1.6819,-0.4391
SHP-000621,2024-07-08,2024-07-08,2024-07-11,Chennai,Pune,1090.4,TransIndia Logistics,Truck,Express,4409.1,29069.0,Delivered,False,False,True,False,False,False,0,3.0,3.0,0.0,0.0,26.66,7,False,0.7537,0.7082,0.6415,-0.4735,-0.4391
SHP-000622,2024-09-18,2024-09-19,2024-09-21,Bengaluru,Lucknow,2100.8,RapidFreight,Air Cargo,Standard,25.0,70992.0,Delivered,False,False,True,False,False,False,1,2.0,2.0,0.0,0.0,33.79,9,False,0.0698,0.9366,0.8634,-1.0777,-0.4391
SHP-000623,2024-09-04,2024-09-05,2024-09-07,Ahmedabad,Jaipur,685.1,RapidFreight,Mini Truck,Express,1227.5,11963.0,Delivered,False,False,False,False,False,False,1,2.0,2.0,0.0,0.0,17.46,9,False,0.5835,0.5464,0.4208,-1.0777,-0.4391
SHP-000624,2024-01-23,2024-01-24,2024-01-30,Bengaluru,Delhi,2207.8,RapidFreight,Container,Standard,6545.6,83877.0,Delivered,False,False,False,False,False,False,1,6.0,5.0,1.0,1.0,37.99,1,False,0.8064,0.954,0.9049,1.339,1.2884
SHP-000625,2024-02-08,2024-02-08,2024-02-12,Ahmedabad,Chennai,1784.8,RapidFreight,Container,Express,11529.2,90135.0,Delivered,False,False,False,False,False,False,0,4.0,4.0,0.0,0.0,50.5,2,False,0.8818,0.8799,0.9228,0.1307,-0.4391
SHP-000626,2024-05-23,2024-05-23,2024-05-26,Bengaluru,Chennai,380.6,RapidFreight,Mini Truck,Express,677.4,6656.0,Delivered,False,False,False,False,False,False,0,3.0,2.0,1.0,1.0,17.49,5,False,0.5043,0.3419,0.2751,-0.4735,1.2884
SHP-000627,2024-11-14,2024-11-15,2024-11-17,Hyderabad,Delhi,1553.8,RapidFreight,Air Cargo,Standard,188.9,46865.0,Delivered,False,False,False,False,False,False,1,2.0,2.0,0.0,0.0,30.16,11,False,0.3347,0.8316,0.7602,-1.0777,-0.4391
SHP-000628,2024-11-22,2024-11-22,2024-11-27,Delhi,Kolkata,1716.2,BharatCargo,Truck,Standard,3880.2,41038.0,Delivered,False,False,False,False,False,False,0,5.0,5.0,0.0,0.0,23.91,11,False,0.7367,0.8662,0.7272,0.7348,-0.4391
SHP-000629,2024-05-06,2024-05-07,2024-05-13,Kolkata,Ahmedabad,2081.2,SafeHaul,Truck,Standard,6030.4,48580.0,Delivered,False,True,False,False,False,False,1,6.0,6.0,0.0,0.0,23.34,5,False,0.7955,0.9334,0.7691,1.339,-0.4391
SHP-000630,2024-10-10,2024-10-12,2024-10-14,Hyderabad,Chennai,626.4,TransIndia Logistics,Truck,Standard,3710.3,17450.0,Returned,False,False,False,False,False,False,2,2.0,2.0,0.0,0.0,27.86,10,False,0.7308,0.5152,0.5147,-1.0777,-0.4391
SHP-000631,2024-08-21,2024-08-21,2024-08-23,Ahmedabad,Mumbai,558.5,BharatCargo,Truck,Express,6030.4,17384.0,Delivered,False,True,False,False,False,False,0,2.0,2.0,0.0,0.0,31.13,8,False,0.7955,0.4753,0.5137,-1.0777,-0.4391
SHP-000632,2024-12-26,2024-12-27,2025-01-01,Hyderabad,Kolkata,1596.9,RapidFreight,Mini Truck,Standard,440.2,18792.0,Delivered,False,False,False,False,False,False,1,5.0,5.0,0.0,0.0,11.77,12,False,0.447,0.8411,0.5331,0.7348,-0.4391
SHP-000633,2024-02-08,2024-02-10,2024-02-16,Delhi,Chennai,2397.9,TransIndia Logistics,Truck,Standard,10738.1,62414.0,Delivered,False,False,False,False,False,False,2,6.0,6.0,0.0,0.0,26.03,2,False,0.8723,0.9827,0.8314,1.339,-0.4391
SHP-000634,2024-08-10,2024-08-10,2024-08-17,Mumbai,Kolkata,2177.9,BharatCargo,Truck,Express,6030.4,60320.0,Delivered,False,True,False,False,False,False,0,7.0,6.0,1.0,1.0,27.7,8,False,0.7955,0.9492,0.8229,1.9432,1.2884
SHP-000635,2024-08-27,2024-08-29,2024-09-03,Delhi,Kolkata,1588.9,RapidFreight,Container,Standard,15555.3,59918.0,Delivered,False,False,False,False,False,False,2,5.0,4.0,1.0,1.0,37.71,8,False,0.9217,0.8393,0.8213,0.7348,1.2884
SHP-000636,2024-05-05,2024-05-06,2024-05-09,Delhi,Ahmedabad,1012.4,BharatCargo,Container,Standard,14797.5,45147.0,Delivered,False,False,False,False,False,False,1,3.0,3.0,0.0,0.0,44.59,5,False,0.915,0.6824,0.7509,-0.4735,-0.4391
SHP-000637,2024-01-20,2024-01-20,2024-01-26,Chennai,Jaipur,2127.0,GreenLine Carriers,Container,Standard,19593.9,74753.0,Delivered,False,False,False,False,False,False,0,6.0,5.0,1.0,1.0,35.14,1,False,0.9524,0.941,0.8763,1.339,1.2884
SHP-000638,2024-01-22,2024-01-22,2024-01-24,Chennai,Hyderabad,678.7,BharatCargo,Mini Truck,Express,646.3,12876.0,Delivered,False,False,False,False,False,False,0,2.0,2.0,0.0,0.0,18.97,1,False,0.4981,0.5431,0.4391,-1.0777,-0.4391
SHP-000639,2024-07-04,2024-07-05,2024-07-09,Chennai,Pune,1206.9,GreenLine Carriers,Truck,Standard,9645.0,30981.0,Delivered,False,False,False,False,False,False,1,4.0,4.0,0.0,0.0,25.67,7,False,0.858,0.7436,0.6573,0.1307,-0.4391
SHP-000640,2024-10-03,2024-10-03,2024-10-07,Hyderabad,Lucknow,1393.5,RapidFreight,Container,Standard,13181.1,57916.0,Delivered,True,False,False,False,False,False,0,4.0,4.0,0.0,0.0,41.56,10,False,0.8996,0.7936,0.8128,0.1307,-0.4391
SHP-000641,2024-10-05,2024-10-08,2024-10-13,Chennai,Jaipur,2051.0,RapidFreight,Container,Standard,16298.9,77710.0,Delivered,False,False,False,False,False,False,3,5.0,5.0,0.0,0.0,37.89,10,False,0.9279,0.9283,0.8859,0.7348,-0.4391
SHP-000642,2024-03-14,2024-03-14,2024-03-18,Hyderabad,Delhi,1567.9,RapidFreight,Truck,Express,2435.1,45805.0,Delivered,False,False,False,False,False,False,0,4.0,4.0,0.0,0.0,29.21,3,False,0.6747,0.8347,0.7545,0.1307,-0.4391
SHP-000643,2024-11-19,2024-11-21,2024-11-23,Delhi,Lucknow,493.1,TransIndia Logistics,Mini Truck,Standard,143.8,5979.0,Delivered,False,False,False,False,False,False,2,2.0,2.0,0.0,0.0,12.13,11,False,0.2986,0.432,0.2484,-1.0777,-0.4391
SHP-000644,2024-06-03,2024-06-03,2024-06-07,Mumbai,Delhi,1488.4,SafeHaul,Container,Standard,15977.8,62099.0,Delivered,False,False,False,False,False,False,0,4.0,4.0,0.0,0.0,41.72,6,False,0.9253,0.8166,0.8302,0.1307,-0.4391
SHP-000645,2024-12-20,2024-12-21,2024-12-23,Kolkata,Delhi,1680.7,SafeHaul,Air Cargo,Express,157.7,66583.0,Delivered,False,True,False,False,False,False,1,2.0,2.0,0.0,0.0,39.62,12,False,0.3108,0.8589,0.8475,-1.0777,-0.4391
SHP-000646,2024-02-18,2024-02-20,2024-02-24,Hyderabad,Bengaluru,653.7,GreenLine Carriers,Mini Truck,Standard,931.1,8609.0,Delivered,False,False,False,False,False,False,2,4.0,2.0,2.0,1.0,13.17,2,True,0.5467,0.5301,0.339,0.1307,3.0159
SHP-000647,2024-11-13,2024-11-14,2024-11-17,Delhi,Ahmedabad,939.8,BharatCargo,Container,Standard,11650.3,42636.0,Delivered,False,False,False,False,False,False,1,3.0,3.0,0.0,0.0,45.37,11,False,0.8832,0.6564,0.7367,-0.4735,-0.4391
SHP-000648,2024-12-03,2024-12-03,2024-12-09,Bengaluru,Delhi,2284.1,RapidFreight,Truck,Standard,14666.9,59172.0,Delivered,False,False,False,False,False,False,0,6.0,6.0,0.0,0.0,25.91,12,False,0.9139,0.9658,0.8182,1.339,-0.4391
SHP-000649,2024-11-09,2024-11-11,2024-11-16,Chennai,Kolkata,1881.3,SafeHaul,Truck,Standard,4553.2,47010.0,Delivered,False,False,True,False,False,False,2,5.0,5.0,0.0,0.0,24.99,11,False,0.758,0.8982,0.761,0.7348,-0.4391
SHP-000650,2024-11-05,2024-11-06,2024-11-13,Delhi,Chennai,2254.3,RapidFreight,Container,Standard,16221.9,76930.0,Delivered,False,False,False,False,False,False,1,7.0,6.0,1.0,1.0,34.13,11,False,0.9273,0.9612,0.8834,1.9432,1.2884
SHP-000651,2024-05-27,2024-05-28,2024-05-30,Bengaluru,Chennai,371.0,SafeHaul,Mini Truck,Standard,1000.1,6441.0,Delivered,False,False,False,False,False,False,1,2.0,2.0,0.0,0.0,17.36,5,False,0.5562,0.333,0.2669,-1.0777,-0.4391
SHP-000652,2024-10-09,2024-10-11,2024-10-15,Hyderabad,Lucknow,1403.7,TransIndia Logistics,Truck,Standard,16827.3,39425.0,Delivered,False,False,False,False,False,False,2,4.0,4.0,0.0,0.0,28.09,10,False,0.9322,0.7962,0.7172,0.1307,-0.4391
SHP-000653,2024-08-22,2024-08-23,2024-08-26,Chennai,Bengaluru,402.2,BharatCargo,Truck,Standard,4960.7,13661.0,Delivered,False,False,False,False,False,False,1,3.0,2.0,1.0,1.0,33.97,8,False,0.7694,0.3611,0.4538,-0.4735,1.2884
SHP-000654,2024-06-22,2024-06-23,2024-06-26,Mumbai,Chennai,1268.5,BharatCargo,Container,Standard,11138.9,50236.0,Delivered,False,False,False,False,False,False,1,3.0,3.0,0.0,0.0,39.6,6,False,0.8772,0.7609,0.7775,-0.4735,-0.4391
SHP-000655,2024-12-29,2024-12-31,,Hyderabad,Mumbai,801.2,SafeHaul,Mini Truck,Standard,284.9,10056.0,In Transit,False,False,False,False,False,False,2,,3.0,,,12.55,12,False,0.3892,0.6009,0.3777,,
SHP-000656,2024-04-28,2024-04-29,2024-05-04,Mumbai,Kolkata,2049.4,RapidFreight,Container,Standard,24104.2,82344.0,Delivered,False,False,False,False,False,False,1,5.0,5.0,0.0,0.0,40.18,4,False,0.98,0.928,0.9003,0.7348,-0.4391
SHP-000657,2024-06-17,2024-06-17,2024-06-19,Hyderabad,Mumbai,777.3,BharatCargo,Container,Express,16225.0,49187.0,Delivered,False,False,False,False,False,False,0,2.0,2.0,0.0,0.0,63.28,6,False,0.9273,0.5904,0.7722,-1.0777,-0.4391
SHP-000658,2024-12-01,2024-12-02,2024-12-07,Mumbai,Patna,1855.9,BharatCargo,Container,Express,16405.7,76681.0,Delivered,False,False,False,False,False,False,1,5.0,5.0,0.0,0.0,41.32,12,False,0.9288,0.8935,0.8826,0.7348,-0.4391
SHP-000659,2024-04-28,2024-04-29,2024-05-01,Kolkata,Hyderabad,1594.9,RapidFreight,Air Cargo,Standard,1647.5,85115.0,Delivered,False,False,False,False,True,False,1,2.0,2.0,0.0,0.0,53.37,4,False,0.6226,0.8407,0.9085,-1.0777,-0.4391
SHP-000660,2024-03-03,2024-03-03,2024-03-06,Mumbai,Hyderabad,852.0,RapidFreight,Truck,Express,7292.1,28368.0,Delivered,False,False,False,False,False,False,0,3.0,3.0,0.0,0.0,33.3,3,False,0.8208,0.6223,0.6354,-0.4735,-0.4391
SHP-000661,2024-05-06,2024-05-07,2024-05-11,Mumbai,Jaipur,1198.8,SafeHaul,Mini Truck,Express,320.4,18189.0,Delivered,False,False,False,False,False,False,1,4.0,4.0,0.0,0.0,15.17,5,False,0.4048,0.7412,0.525,0.1307,-0.4391
SHP-000662,2024-10-22,2024-10-24,2024-10-29,Hyderabad,Patna,1441.3,BharatCargo,Mini Truck,Standard,622.4,18232.0,Delivered,False,False,False,False,False,False,2,5.0,5.0,0.0,0.0,12.65,10,False,0.4931,0.8054,0.5256,0.7348,-0.4391
SHP-000663,2024-11-19,2024-11-19,2024-11-21,Delhi,Kolkata,1834.7,BharatCargo,Air Cargo,Express,56.6,68781.0,Delivered,False,False,False,False,False,False,0,2.0,2.0,0.0,0.0,37.49,11,False,0.1758,0.8895,0.8556,-1.0777,-0.4391
SHP-000664,2024-02-16,2024-02-17,2024-02-19,Delhi,Bengaluru,2188.5,GreenLine Carriers,Air Cargo,Express,101.0,85459.0,Delivered,False,False,False,False,False,False,1,2.0,2.0,0.0,0.0,39.05,2,False,0.2519,0.9509,0.9095,-1.0777,-0.4391
SHP-000665,2024-09-07,2024-09-08,2024-09-12,Mumbai,Bengaluru,1057.4,RapidFreight,Mini Truck,Standard,549.8,13327.0,Delivered,False,False,False,False,False,False,1,4.0,4.0,0.0,0.0,12.6,9,False,0.4766,0.6975,0.4477,0.1307,-0.4391
SHP-000666,2024-08-18,2024-08-20,2024-08-27,Chennai,Jaipur,1911.0,RapidFreight,Truck,Standard,4218.8,40658.0,Delivered,False,False,False,False,False,False,2,7.0,5.0,2.0,1.0,21.28,8,True,0.7479,0.9037,0.7249,1.9432,3.0159
SHP-000667,2024-09-24,2024-09-27,2024-10-02,Hyderabad,Chennai,696.3,TransIndia Logistics,Container,Standard,8597.0,28562.0,Delivered,False,False,False,False,False,False,3,5.0,2.0,3.0,1.0,41.02,9,True,0.8427,0.552,0.6371,0.7348,4.7434
SHP-000668,2024-09-25,2024-09-27,2024-09-29,Ahmedabad,Mumbai,584.1,RapidFreight,Mini Truck,Standard,1820.0,9666.0,Delivered,False,False,False,False,False,False,2,2.0,2.0,0.0,0.0,16.55,9,False,0.6359,0.4909,0.3678,-1.0777,-0.4391
SHP-000669,2024-12-19,2024-12-19,2024-12-21,Mumbai,Ahmedabad,616.7,GreenLine Carriers,Mini Truck,Standard,837.5,8092.0,Delivered,False,False,False,False,False,False,0,2.0,2.0,0.0,0.0,13.12,12,False,0.5326,0.5098,0.3237,-1.0777,-0.4391
SHP-000670,2024-05-21,2024-05-23,2024-05-26,Bengaluru,Hyderabad,603.9,SafeHaul,Container,Standard,12937.7,29987.0,Delivered,False,False,False,False,False,False,2,3.0,2.0,1.0,1.0,49.66,5,False,0.8971,0.5025,0.6492,-0.4735,1.2884
SHP-000671,2024-05-02,2024-05-02,2024-05-04,Delhi,Mumbai,1554.1,SafeHaul,Air Cargo,Standard,320.0,52517.0,Delivered,False,False,True,False,False,False,0,2.0,2.0,0.0,0.0,33.79,5,False,0.4046,0.8316,0.7885,-1.0777,-0.4391
SHP-000672,2024-08-23,2024-08-24,2024-08-26,Kolkata,Pune,2021.1,RapidFreight,Air Cargo,Standard,240.3,68912.0,Delivered,False,False,False,True,False,False,1,2.0,2.0,0.0,0.0,34.1,8,False,0.3666,0.9232,0.856,-1.0777,-0.4391
SHP-000673,2024-06-24,2024-06-24,2024-06-29,Ahmedabad,Kolkata,2138.7,BharatCargo,Container,Express,15418.2,107349.0,Delivered,False,False,False,False,False,False,0,5.0,5.0,0.0,0.0,50.19,6,False,0.9205,0.9429,0.9662,0.7348,-0.4391
SHP-000674,2024-07-12,2024-07-13,2024-07-20,Chennai,Jaipur,1921.4,TransIndia Logistics,Truck,Standard,9049.9,47801.0,Delivered,False,False,False,False,False,False,1,7.0,5.0,2.0,1.0,24.88,7,True,0.8495,0.9055,0.7651,1.9432,3.0159
SHP-000675,2024-01-29,2024-01-30,2024-02-01,Kolkata,Jaipur,1839.2,RapidFreight,Air Cargo,Standard,171.5,63109.0,Delivered,False,False,False,False,False,False,1,2.0,2.0,0.0,0.0,34.31,1,False,0.3219,0.8903,0.8342,-1.0777,-0.4391
SHP-000676,2024-03-01,2024-03-01,2024-03-04,Mumbai,Bengaluru,1116.1,TransIndia Logistics,Truck,Standard,8970.1,29754.0,Delivered,False,False,True,False,False,False,0,3.0,3.0,0.0,0.0,26.66,3,False,0.8483,0.7163,0.6473,-0.4735,-0.4391
SHP-000677,2024-12-11,2024-12-11,2024-12-15,Ahmedabad,Hyderabad,1123.8,TransIndia Logistics,Truck,Standard,9427.5,32148.0,Delivered,False,False,False,False,False,False,0,4.0,3.0,1.0,1.0,28.61,12,False,0.855,0.7187,0.6665,0.1307,1.2884
SHP-000678,2024-01-28,2024-01-30,2024-02-01,Bengaluru,Patna,2114.6,SafeHaul,Air Cargo,Standard,176.5,64008.0,Delivered,False,False,False,False,False,False,2,2.0,2.0,0.0,0.0,30.27,1,False,0.3257,0.9389,0.8377,-1.0777,-0.4391
SHP-000679,2024-08-26,2024-08-26,2024-09-03,Delhi,Pune,1454.9,RapidFreight,Truck,Standard,5256.8,35064.0,Delivered,False,False,False,False,False,False,0,8.0,4.0,4.0,1.0,24.1,8,True,0.7772,0.8087,0.6881,2.5474,6.4709
SHP-000680,2024-10-21,2024-10-22,2024-10-26,Mumbai,Delhi,1434.4,TransIndia Logistics,Container,Standard,23919.6,62221.0,Delivered,False,False,False,False,False,False,1,4.0,4.0,0.0,0.0,43.38,10,False,0.979,0.8037,0.8307,0.1307,-0.4391
SHP-000681,2024-01-05,2024-01-05,2024-01-11,Delhi,Bengaluru,2185.3,TransIndia Logistics,Truck,Standard,4504.2,53230.0,Delivered,False,False,False,False,False,True,0,6.0,6.0,0.0,0.0,24.36,1,False,0.7566,0.9504,0.7919,1.339,-0.4391
SHP-000682,2024-04-01,2024-04-02,2024-04-04,Mumbai,Kolkata,1960.3,RapidFreight,Air Cargo,Standard,221.8,62462.0,Delivered,False,False,False,False,False,False,1,2.0,2.0,0.0,0.0,31.86,4,False,0.356,0.9125,0.8316,-1.0777,-0.4391
SHP-000683,2024-06-03,2024-06-03,2024-06-09,Delhi,Pune,1552.6,GreenLine Carriers,Container,Standard,16182.4,58448.0,Delivered,False,False,False,False,False,False,0,6.0,4.0,2.0,1.0,37.65,6,True,0.927,0.8313,0.8151,1.339,3.0159
SHP-000684,2024-07-26,2024-07-28,2024-08-04,Bengaluru,Delhi,2332.7,RapidFreight,Container,Standard,11310.3,96274.0,Delivered,False,False,False,False,False,False,2,7.0,6.0,1.0,1.0,41.27,7,False,0.8792,0.9731,0.9392,1.9432,1.2884
SHP-000685,2024-05-19,2024-05-20,2024-05-22,Kolkata,Patna,583.0,GreenLine Carriers,Container,Standard,10552.0,22845.0,Delivered,False,False,False,False,False,False,1,2.0,2.0,0.0,0.0,39.19,5,False,0.87,0.4902,0.5816,-1.0777,-0.4391
SHP-000686,2024-09-17,2024-09-17,2024-09-19,Mumbai,Ahmedabad,570.1,Unknown,Truck,Standard,4852.3,14468.0,Delivered,False,False,False,False,False,False,0,2.0,2.0,0.0,0.0,25.38,9,False,0.7665,0.4824,0.4681,-1.0777,-0.4391
SHP-000687,2024-04-02,2024-04-03,2024-04-08,Bengaluru,Lucknow,2022.4,RapidFreight,Container,Express,11784.5,85274.0,Delivered,True,False,False,False,False,False,1,5.0,5.0,0.0,0.0,42.16,4,False,0.8847,0.9234,0.909,0.7348,-0.4391
SHP-000688,2024-01-11,2024-01-11,2024-01-16,Ahmedabad,Kolkata,2099.1,SafeHaul,Container,Standard,8404.0,71920.0,Delivered,False,False,False,True,False,False,0,5.0,5.0,0.0,0.0,34.26,1,False,0.8397,0.9364,0.8667,0.7348,-0.4391
SHP-000689,2024-01-01,2024-01-03,2024-01-09,Chennai,Delhi,2190.8,RapidFreight,Container,Standard,11145.5,88539.0,Delivered,False,False,False,False,False,False,2,6.0,5.0,1.0,1.0,40.41,1,False,0.8773,0.9513,0.9183,1.339,1.2884
SHP-000690,2024-05-21,2024-05-21,2024-05-23,Bengaluru,Ahmedabad,1527.2,RapidFreight,Air Cargo,Standard,195.8,53969.0,Delivered,False,False,False,False,False,False,0,2.0,2.0,0.0,0.0,35.34,5,False,0.3395,0.8256,0.7953,-1.0777,-0.4391
SHP-000691,2024-05-27,2024-05-30,2024-06-04,Mumbai,Delhi,1462.9,RapidFreight,Container,Standard,21805.0,61961.0,Delivered,True,False,False,False,False,False,3,5.0,4.0,1.0,1.0,42.35,5,False,0.9667,0.8106,0.8296,0.7348,1.2884
SHP-000692,2024-12-15,2024-12-16,2024-12-21,Hyderabad,Delhi,1602.9,TransIndia Logistics,Truck,Express,8367.8,52136.0,Delivered,False,False,False,False,False,False,1,5.0,5.0,0.0,0.0,32.53,12,False,0.8391,0.8424,0.7867,0.7348,-0.4391
SHP-000693,2024-01-19,2024-01-20,2024-01-25,Mumbai,Lucknow,1652.9,RapidFreight,Truck,Standard,1595.0,37093.0,Delivered,False,False,False,False,True,False,1,5.0,5.0,0.0,0.0,22.44,1,False,0.6183,0.8531,0.7021,0.7348,-0.4391
SHP-000694,2024-08-04,2024-08-05,2024-08-06,Mumbai,Jaipur,1179.9,SafeHaul,Air Cargo,Standard,284.8,37279.0,Delivered,False,False,False,True,False,False,1,1.0,1.0,0.0,0.0,31.6,8,False,0.3892,0.7357,0.7033,-1.6819,-0.4391
SHP-000695,2024-08-22,2024-08-23,2024-08-24,Ahmedabad,Pune,638.5,SafeHaul,Air Cargo,Standard,85.8,24176.0,Delivered,False,False,False,False,False,False,1,1.0,1.0,0.0,0.0,37.86,8,False,0.2304,0.5219,0.5957,-1.6819,-0.4391
SHP-000696,2024-10-05,2024-10-07,2024-10-09,Bengaluru,Jaipur,2096.6,BharatCargo,Air Cargo,Standard,236.0,73929.0,Delivered,False,False,False,False,False,False,2,2.0,2.0,0.0,0.0,35.26,10,False,0.3642,0.936,0.8735,-1.0777,-0.4391
SHP-000697,2024-09-13,2024-09-13,2024-09-23,Chennai,Delhi,2303.9,BharatCargo,Mini Truck,Standard,694.1,29195.0,Delivered,False,False,False,False,False,False,0,10.0,7.0,3.0,1.0,12.67,9,True,0.5076,0.9688,0.6426,3.7557,4.7434
SHP-000698,2024-01-04,2024-01-05,2024-01-11,Kolkata,Delhi,1716.8,BharatCargo,Truck,Standard,5344.9,38594.0,Delivered,False,False,False,False,False,False,1,6.0,5.0,1.0,1.0,22.48,1,False,0.7794,0.8663,0.7119,1.339,1.2884
SHP-000699,2024-09-11,2024-09-13,2024-09-18,Kolkata,Bengaluru,2092.8,GreenLine Carriers,Container,Standard,13507.9,77422.0,Delivered,False,False,False,False,False,False,2,5.0,5.0,0.0,0.0,36.99,9,False,0.9029,0.9353,0.885,0.7348,-0.4391
SHP-000700,2024-05-11,2024-05-13,2024-05-17,Mumbai,Delhi,1430.1,TransIndia Logistics,Container,Standard,13890.6,52979.0,Delivered,False,False,False,False,False,False,2,4.0,4.0,0.0,0.0,37.05,5,False,0.9066,0.8027,0.7907,0.1307,-0.4391
SHP-000701,2024-10-26,2024-10-27,2024-11-02,Mumbai,Jaipur,1171.7,GreenLine Carriers,Mini Truck,Standard,1568.3,16052.0,Delivered,False,False,False,False,False,False,1,6.0,4.0,2.0,1.0,13.7,10,True,0.6161,0.7333,0.4939,1.339,3.0159
SHP-000702,2024-03-18,2024-03-18,2024-03-22,Mumbai,Delhi,1458.4,TransIndia Logistics,Truck,Express,5929.6,45530.0,Delivered,False,False,False,False,False,False,0,4.0,4.0,0.0,0.0,31.22,3,False,0.7932,0.8095,0.753,0.1307,-0.4391
SHP-000703,2024-10-10,2024-10-12,2024-10-15,Delhi,Patna,1036.1,TransIndia Logistics,Mini Truck,Standard,1342.7,13713.0,Delivered,False,False,False,False,False,False,2,3.0,3.0,0.0,0.0,13.24,10,False,0.5954,0.6904,0.4548,-0.4735,-0.4391
SHP-000704,2024-09-08,2024-09-10,2024-09-14,Hyderabad,Jaipur,1387.1,GreenLine Carriers,Truck,Standard,10545.5,33277.0,Delivered,False,False,False,False,False,False,2,4.0,4.0,0.0,0.0,23.99,9,False,0.8699,0.792,0.6751,0.1307,-0.4391
SHP-000705,2024-09-18,2024-09-20,2024-09-22,Mumbai,Ahmedabad,592.3,BharatCargo,Mini Truck,Standard,1044.5,9707.0,Delivered,False,False,False,False,False,False,2,2.0,2.0,0.0,0.0,16.39,9,False,0.562,0.4957,0.3689,-1.0777,-0.4391
SHP-000706,2024-03-12,2024-03-14,2024-03-19,Kolkata,Chennai,1755.0,GreenLine Carriers,Truck,Standard,2054.0,40510.0,Delivered,False,False,False,False,False,False,2,5.0,5.0,0.0,0.0,23.08,3,False,0.652,0.874,0.724,0.7348,-0.4391
SHP-000707,2024-09-25,2024-09-26,2024-09-28,Hyderabad,Bengaluru,605.0,RapidFreight,Mini Truck,Standard,1367.9,9191.0,Delivered,False,False,False,False,False,False,1,2.0,2.0,0.0,0.0,15.19,9,False,0.5979,0.5031,0.3553,-1.0777,-0.4391
SHP-000708,2024-10-16,2024-10-17,2024-10-19,Chennai,Patna,1778.2,RapidFreight,Air Cargo,Standard,94.9,53450.0,Delivered,False,False,False,False,False,False,1,2.0,2.0,0.0,0.0,30.06,10,False,0.2437,0.8786,0.7929,-1.0777,-0.4391
SHP-000709,2024-07-19,2024-07-20,2024-07-25,Bengaluru,Ahmedabad,1688.5,BharatCargo,Container,Standard,17985.4,59425.0,Delivered,False,False,False,False,False,False,1,5.0,4.0,1.0,1.0,35.19,7,False,0.941,0.8605,0.8192,0.7348,1.2884
SHP-000710,2024-05-19,2024-05-19,2024-05-21,Bengaluru,Hyderabad,637.2,BharatCargo,Container,Standard,9960.9,26134.0,Delivered,False,False,False,False,False,False,0,2.0,2.0,0.0,0.0,41.01,5,False,0.8623,0.5212,0.615,-1.0777,-0.4391
SHP-000711,2024-03-09,2024-03-11,2024-03-16,Ahmedabad,Kolkata,2018.2,BharatCargo,Container,Standard,13476.0,72673.0,Delivered,False,True,False,False,False,False,2,5.0,5.0,0.0,0.0,36.01,3,False,0.9026,0.9227,0.8693,0.7348,-0.4391
SHP-000712,2024-04-28,2024-04-29,2024-05-04,Chennai,Ahmedabad,1736.8,SafeHaul,Truck,Standard,18000.0,51505.0,Delivered,False,False,False,False,False,False,1,5.0,5.0,0.0,0.0,29.66,4,False,0.9411,0.8704,0.7837,0.7348,-0.4391
SHP-000713,2024-10-23,2024-10-23,2024-10-27,Hyderabad,Jaipur,1319.0,SafeHaul,Truck,Standard,3379.0,33078.0,Delivered,False,False,False,False,False,False,0,4.0,4.0,0.0,0.0,25.08,10,False,0.7183,0.7745,0.6736,0.1307,-0.4391
SHP-000714,2024-06-16,2024-06-17,2024-06-21,Ahmedabad,Bengaluru,1556.55,TransIndia Logistics,Container,Standard,20909.3,70607.0,Delivered,True,False,False,False,False,False,1,4.0,4.0,0.0,0.0,45.36,6,False,0.9611,0.8322,0.8621,0.1307,-0.4391
SHP-000715,2024-10-06,2024-10-06,2024-10-12,Chennai,Delhi,2211.9,BharatCargo,Truck,Standard,6441.8,56289.0,Delivered,False,False,False,False,False,False,0,6.0,6.0,0.0,0.0,25.45,10,False,0.8042,0.9546,0.8058,1.339,-0.4391
SHP-000716,2024-10-17,2024-10-17,2024-10-21,Delhi,Patna,1152.3,BharatCargo,Truck,Standard,4663.1,31936.0,Delivered,False,False,False,False,False,False,0,4.0,3.0,1.0,1.0,27.72,10,False,0.7612,0.7274,0.6649,0.1307,1.2884
SHP-000717,2024-09-26,2024-09-27,2024-09-29,Kolkata,Jaipur,1740.8,SafeHaul,Air Cargo,Standard,157.7,56321.0,Delivered,False,True,False,False,False,False,1,2.0,2.0,0.0,0.0,32.35,9,False,0.3108,0.8712,0.8059,-1.0777,-0.4391
SHP-000718,2024-09-26,2024-09-27,2024-09-29,Delhi,Lucknow,564.1,SafeHaul,Container,Express,8878.9,31448.0,Delivered,False,False,False,False,False,False,1,2.0,2.0,0.0,0.0,55.75,9,False,0.847,0.4788,0.6611,-1.0777,-0.4391
SHP-000719,2024-09-03,2024-09-04,2024-09-09,Kolkata,Hyderabad,1528.9,TransIndia Logistics,Truck,Standard,5950.7,38515.0,Delivered,False,False,False,False,False,False,1,5.0,4.0,1.0,1.0,25.19,9,False,0.7937,0.8259,0.7114,0.7348,1.2884
SHP-000720,2024-07-30,2024-07-30,2024-08-01,Ahmedabad,Mumbai,581.5,BharatCargo,Truck,Standard,3133.4,12846.0,Delivered,False,False,False,False,False,False,0,2.0,2.0,0.0,0.0,22.09,7,False,0.7082,0.4893,0.4385,-1.0777,-0.4391
SHP-000721,2024-03-21,2024-03-22,2024-03-29,Bengaluru,Patna,2120.7,RapidFreight,Truck,Standard,4732.7,48963.0,Delivered,False,False,False,False,False,False,1,7.0,6.0,1.0,1.0,23.09,3,False,0.7632,0.9399,0.7711,1.9432,1.2884
SHP-000722,2024-11-15,2024-11-16,2024-11-22,Bengaluru,Jaipur,2048.4,GreenLine Carriers,Mini Truck,Express,1219.6,30637.0,Delivered,False,False,False,False,False,False,1,6.0,6.0,0.0,0.0,14.96,11,False,0.5826,0.9278,0.6546,1.339,-0.4391
SHP-000723,2024-12-20,2024-12-23,2024-12-25,Delhi,Lucknow,541.0,RapidFreight,Truck,Standard,6988.6,16358.0,Delivered,False,False,False,False,False,False,3,2.0,2.0,0.0,0.0,30.24,12,False,0.8151,0.4642,0.4986,-1.0777,-0.4391
SHP-000724,2024-07-09,2024-07-09,2024-07-12,Ahmedabad,Delhi,983.7,SafeHaul,Truck,Standard,2465.7,21875.0,Delivered,False,False,False,False,False,False,0,3.0,3.0,0.0,0.0,22.24,7,False,0.6763,0.6723,0.5708,-0.4735,-0.4391
SHP-000725,2024-12-11,2024-12-13,2024-12-19,Delhi,Chennai,2419.4,BharatCargo,Container,Standard,13476.0,95153.0,Delivered,False,True,True,False,False,False,2,6.0,6.0,0.0,0.0,39.33,12,False,0.9026,0.9858,0.9363,1.339,-0.4391
SHP-000726,2024-12-31,2024-12-31,,Delhi,Hyderabad,1548.7,BharatCargo,Truck,Standard,5974.5,40333.0,In Transit,False,False,False,False,False,False,0,,4.0,,,26.04,12,False,0.7942,0.8304,0.7229,,
SHP-000727,2024-07-17,2024-07-18,2024-07-19,Mumbai,Delhi,1468.7,TransIndia Logistics,Air Cargo,Express,87.2,62052.0,Delivered,False,False,False,False,False,False,1,1.0,1.0,0.0,0.0,42.25,7,False,0.2325,0.8119,0.83,-1.6819,-0.4391
SHP-000728,2024-10-12,2024-10-13,2024-10-14,Delhi,Jaipur,301.1,BharatCargo,Container,Standard,18181.3,19949.0,Delivered,False,False,False,True,False,False,1,1.0,1.0,0.0,0.0,66.25,10,False,0.9425,0.2605,0.5479,-1.6819,-0.4391
SHP-000729,2024-09-15,2024-09-17,2024-09-22,Bengaluru,Mumbai,1099.5,RapidFreight,Truck,Standard,5427.3,29311.0,Delivered,False,False,True,False,False,False,2,5.0,3.0,2.0,1.0,26.66,9,True,0.7814,0.7111,0.6436,0.7348,3.0159
SHP-000730,2024-04-06,2024-04-09,2024-04-12,Bengaluru,Pune,924.5,TransIndia Logistics,Container,Standard,9309.9,43621.0,Delivered,False,False,True,False,False,False,3,3.0,3.0,0.0,0.0,47.18,4,False,0.8533,0.6507,0.7424,-0.4735,-0.4391
SHP-000731,2024-01-20,2024-01-21,2024-01-25,Mumbai,Lucknow,1548.5,RapidFreight,Truck,Standard,18000.0,55072.0,Delivered,False,False,False,False,False,False,1,4.0,4.0,0.0,0.0,35.56,1,False,0.9411,0.8304,0.8003,0.1307,-0.4391
SHP-000732,2024-07-04,2024-07-05,2024-07-09,Delhi,Pune,1490.7,RapidFreight,Truck,Express,5938.1,48776.0,Delivered,False,False,False,False,False,False,1,4.0,4.0,0.0,0.0,32.72,7,False,0.7934,0.8171,0.7701,0.1307,-0.4391
SHP-000733,2024-10-30,2024-10-30,2024-11-02,Delhi,Ahmedabad,930.1,SafeHaul,Container,Express,13606.8,48247.0,Delivered,False,False,False,False,False,False,0,3.0,3.0,0.0,0.0,51.87,10,False,0.9039,0.6528,0.7674,-0.4735,-0.4391
SHP-000734,2024-05-12,2024-05-12,2024-05-15,Mumbai,Chennai,1323.2,BharatCargo,Container,Express,12149.3,64108.0,Delivered,False,False,False,False,False,False,0,3.0,3.0,0.0,0.0,48.45,5,False,0.8888,0.7756,0.8381,-0.4735,-0.4391
SHP-000735,2024-10-29,2024-10-30,2024-10-31,Delhi,Jaipur,287.6,SafeHaul,Truck,Standard,12179.3,13581.0,Delivered,False,False,False,False,False,False,1,1.0,1.0,0.0,0.0,47.22,10,False,0.8891,0.2445,0.4524,-1.6819,-0.4391
SHP-000736,2024-09-19,2024-09-22,2024-09-24,Chennai,Hyderabad,613.8,BharatCargo,Truck,Standard,4379.1,14089.0,Delivered,False,False,False,False,False,False,3,2.0,2.0,0.0,0.0,22.95,9,False,0.7528,0.5081,0.4615,-1.0777,-0.4391
SHP-000737,2024-10-04,2024-10-05,2024-10-09,Mumbai,Delhi,1476.5,BharatCargo,Container,Standard,8152.4,52047.0,Delivered,False,False,False,False,False,False,1,4.0,4.0,0.0,0.0,35.25,10,False,0.8356,0.8138,0.7863,0.1307,-0.4391
SHP-000738,2024-04-26,2024-04-28,2024-05-01,Mumbai,Bengaluru,1103.2,BharatCargo,Truck,Standard,3993.0,26458.0,Delivered,False,False,False,False,False,False,2,3.0,3.0,0.0,0.0,23.98,4,False,0.7405,0.7123,0.6181,-0.4735,-0.4391
SHP-000739,2024-07-11,2024-07-11,2024-07-15,Mumbai,Bengaluru,1104.9,GreenLine Carriers,Mini Truck,Express,1551.8,17977.0,Delivered,False,False,False,False,False,False,0,4.0,4.0,0.0,0.0,16.27,7,False,0.6147,0.7128,0.5221,0.1307,-0.4391
SHP-000740,2024-03-15,2024-03-15,2024-03-21,Bengaluru,Patna,2108.2,RapidFreight,Truck,Standard,9885.2,50212.0,Delivered,False,False,False,False,False,False,0,6.0,6.0,0.0,0.0,23.82,3,False,0.8613,0.9379,0.7774,1.339,-0.4391
SHP-000741,2024-04-10,2024-04-11,2024-04-17,Delhi,Chennai,2073.5,GreenLine Carriers,Container,Standard,12804.6,92934.0,Delivered,False,False,False,False,False,False,1,6.0,5.0,1.0,1.0,44.82,4,False,0.8958,0.9321,0.9304,1.339,1.2884
SHP-000742,2024-02-06,2024-02-08,2024-02-12,Delhi,Hyderabad,1594.4,BharatCargo,Container,Standard,22639.5,61152.0,Returned,True,False,False,False,False,False,2,4.0,4.0,0.0,0.0,38.35,2,False,0.9717,0.8406,0.8264,0.1307,-0.4391
SHP-000743,2024-02-21,2024-02-21,2024-02-23,Hyderabad,Bengaluru,689.9,BharatCargo,Truck,Express,9398.3,26533.0,Delivered,False,False,False,False,False,False,0,2.0,2.0,0.0,0.0,38.46,2,False,0.8546,0.5488,0.6188,-1.0777,-0.4391
SHP-000744,2024-03-27,2024-03-28,2024-03-30,Delhi,Bengaluru,2133.3,TransIndia Logistics,Air Cargo,Standard,114.9,67198.0,Delivered,False,False,False,False,False,False,1,2.0,2.0,0.0,0.0,31.5,3,False,0.2689,0.942,0.8498,-1.0777,-0.4391
SHP-000745,2024-08-22,2024-08-24,2024-08-27,Bengaluru,Pune,963.6,BharatCargo,Truck,Standard,5431.5,25488.0,Delivered,False,False,False,False,False,False,2,3.0,3.0,0.0,0.0,26.45,8,False,0.7815,0.6652,0.6088,-0.4735,-0.4391
SHP-000746,2024-06-29,2024-06-29,2024-07-01,Bengaluru,Chennai,361.7,SafeHaul,Mini Truck,Standard,852.9,5188.0,Delivered,False,False,False,False,False,False,0,2.0,2.0,0.0,0.0,14.34,6,False,0.535,0.3242,0.2132,-1.0777,-0.4391
SHP-000747,2024-04-19,2024-04-19,2024-04-21,Mumbai,Ahmedabad,564.1,GreenLine Carriers,Truck,Express,3642.3,19909.0,Delivered,False,False,False,False,False,False,0,2.0,2.0,0.0,0.0,35.29,4,False,0.7283,0.4788,0.5474,-1.0777,-0.4391
SHP-000748,2024-11-20,2024-11-21,2024-11-26,Bengaluru,Kolkata,1947.1,TransIndia Logistics,Container,Standard,14022.1,76083.0,Delivered,False,False,False,False,False,False,1,5.0,5.0,0.0,0.0,39.08,11,False,0.9079,0.9102,0.8807,0.7348,-0.4391
SHP-000749,2024-08-02,2024-08-03,2024-08-10,Chennai,Jaipur,2103.2,BharatCargo,Container,Standard,15596.4,72971.0,Delivered,False,False,False,False,False,False,1,7.0,5.0,2.0,1.0,34.7,8,True,0.922,0.937,0.8703,1.9432,3.0159
SHP-000750,2024-12-07,2024-12-08,2024-12-10,Hyderabad,Chennai,663.1,SafeHaul,Truck,Standard,2180.6,15777.0,Delivered,False,False,False,False,False,False,1,2.0,2.0,0.0,0.0,23.79,12,False,0.66,0.535,0.4896,-1.0777,-0.4391
SHP-000751,2024-09-12,2024-09-13,2024-09-18,Mumbai,Delhi,1442.1,BharatCargo,Truck,Express,5355.7,43151.0,Delivered,False,False,False,False,False,False,1,5.0,4.0,1.0,1.0,29.92,9,False,0.7796,0.8056,0.7397,0.7348,1.2884
SHP-000752,2024-01-07,2024-01-07,2024-01-12,Mumbai,Kolkata,2028.2,TransIndia Logistics,Container,Express,12591.1,93589.0,Delivered,False,False,False,False,False,False,0,5.0,5.0,0.0,0.0,46.14,1,False,0.8935,0.9244,0.9321,0.7348,-0.4391
SHP-000753,2024-12-04,2024-12-04,2024-12-07,Mumbai,Jaipur,1190.3,RapidFreight,Truck,Standard,11118.4,34050.0,Delivered,False,False,False,False,False,False,0,3.0,3.0,0.0,0.0,28.61,12,False,0.877,0.7387,0.6808,-0.4735,-0.4391
SHP-000754,2024-11-19,2024-11-20,2024-11-22,Bengaluru,Jaipur,1901.6,RapidFreight,Air Cargo,Standard,23.7,60086.0,Delivered,False,False,False,False,False,False,1,2.0,2.0,0.0,0.0,31.6,11,False,0.0629,0.9019,0.822,-1.0777,-0.4391
SHP-000755,2024-09-12,2024-09-13,2024-09-20,Chennai,Kolkata,1768.2,SafeHaul,Truck,Standard,4772.4,43302.0,Delivered,False,False,False,False,False,False,1,7.0,5.0,2.0,1.0,24.49,9,True,0.7643,0.8766,0.7406,1.9432,3.0159
SHP-000756,2024-08-06,2024-08-07,2024-08-09,Mumbai,Pune,170.4,RapidFreight,Unknown,Standard,4493.8,6600.0,Delivered,False,False,False,False,False,False,1,2.0,1.0,1.0,1.0,38.73,8,False,0.7563,0.0629,0.273,-1.0777,1.2884
SHP-000757,2024-07-04,2024-07-04,2024-07-09,Mumbai,Patna,1960.0,TransIndia Logistics,Container,Standard,19591.2,76896.0,Delivered,False,False,False,False,False,False,0,5.0,5.0,0.0,0.0,39.23,7,False,0.9524,0.9125,0.8833,0.7348,-0.4391
SHP-000758,2024-07-16,2024-07-16,2024-07-18,Ahmedabad,Mumbai,564.25,RapidFreight,Mini Truck,Standard,681.9,6674.0,Delivered,True,False,False,False,False,False,0,2.0,2.0,0.0,0.0,11.83,7,False,0.5052,0.4789,0.2758,-1.0777,-0.4391
SHP-000759,2024-10-25,2024-10-25,2024-10-29,Delhi,Hyderabad,1601.5,RapidFreight,Container,Express,26250.6,87846.0,Delivered,False,False,False,False,False,False,0,4.0,4.0,0.0,0.0,54.85,10,False,0.9914,0.8421,0.9164,0.1307,-0.4391
SHP-000760,2024-07-28,2024-07-29,2024-08-02,Bengaluru,Pune,867.7,SafeHaul,Truck,Standard,8927.1,25296.0,Delivered,False,False,False,False,False,False,1,4.0,3.0,1.0,1.0,29.15,7,False,0.8477,0.6287,0.6069,0.1307,1.2884
SHP-000761,2024-03-12,2024-03-12,2024-03-17,Chennai,Lucknow,1858.2,BharatCargo,Container,Standard,12127.5,65233.0,Delivered,False,False,False,False,False,False,0,5.0,5.0,0.0,0.0,35.11,3,False,0.8885,0.8939,0.8424,0.7348,-0.4391
SHP-000762,2024-01-24,2024-01-24,2024-01-25,Delhi,Jaipur,316.3,GreenLine Carriers,Truck,Standard,6927.9,11336.0,Delivered,False,False,False,False,False,False,0,1.0,1.0,0.0,0.0,35.84,1,False,0.8139,0.2776,0.4074,-1.6819,-0.4391
SHP-000763,2024-02-21,2024-02-22,2024-02-27,Delhi,Mumbai,1422.1,Unknown,Truck,Standard,4851.6,37911.0,Delivered,False,False,True,False,False,False,1,5.0,4.0,1.0,1.0,26.66,2,False,0.7665,0.8007,0.7075,0.7348,1.2884
SHP-000764,2024-04-12,2024-04-14,2024-04-20,Delhi,Chennai,2184.4,RapidFreight,Truck,Standard,10048.2,54583.0,Delivered,False,False,True,False,False,False,2,6.0,6.0,0.0,0.0,24.99,4,False,0.8635,0.9502,0.7981,1.339,-0.4391
SHP-000765,2024-05-30,2024-05-31,2024-06-04,Ahmedabad,Bengaluru,1572.6,RapidFreight,Truck,Standard,2697.8,37533.0,Delivered,False,False,False,False,False,False,1,4.0,4.0,0.0,0.0,23.87,5,False,0.6883,0.8358,0.705,0.1307,-0.4391
SHP-000766,2024-11-28,2024-11-28,2024-12-03,Delhi,Kolkata,1597.4,BharatCargo,Truck,Standard,3660.3,38189.0,Delivered,False,False,False,False,False,False,0,5.0,4.0,1.0,1.0,23.91,11,False,0.7289,0.8412,0.7093,0.7348,1.2884
SHP-000767,2024-04-07,2024-04-09,2024-04-12,Delhi,Patna,1038.9,RapidFreight,Truck,Standard,7886.7,29478.0,Delivered,False,False,False,True,False,False,2,3.0,3.0,0.0,0.0,28.37,4,False,0.8312,0.6914,0.645,-0.4735,-0.4391
SHP-000768,2024-05-10,2024-05-11,2024-05-15,Delhi,Mumbai,1465.5,TransIndia Logistics,Container,Standard,21500.4,58621.0,Delivered,False,False,False,True,False,False,1,4.0,4.0,0.0,0.0,40.0,5,False,0.9648,0.8112,0.8158,0.1307,-0.4391
SHP-000769,2024-04-01,2024-04-02,2024-04-07,Delhi,Kolkata,1608.8,RapidFreight,Container,Standard,6477.7,60622.0,Delivered,False,False,False,False,False,False,1,5.0,4.0,1.0,1.0,37.68,4,False,0.805,0.8437,0.8242,0.7348,1.2884
SHP-000770,2024-08-10,2024-08-10,2024-08-15,Kolkata,Delhi,1618.9,GreenLine Carriers,Truck,Standard,13686.9,41963.0,Delivered,False,False,False,False,False,False,0,5.0,5.0,0.0,0.0,25.92,8,False,0.9046,0.8459,0.7328,0.7348,-0.4391
SHP-000771,2024-09-05,2024-09-05,2024-09-09,Mumbai,Chennai,1281.3,SafeHaul,Truck,Standard,5516.1,34044.0,Delivered,False,False,False,False,False,False,0,4.0,4.0,0.0,0.0,26.57,9,False,0.7836,0.7644,0.6808,0.1307,-0.4391
SHP-000772,2024-08-05,2024-08-06,2024-08-12,Kolkata,Ahmedabad,2115.1,SafeHaul,Truck,Standard,1937.6,42612.0,Delivered,False,False,False,False,False,False,1,6.0,6.0,0.0,0.0,20.15,8,False,0.6442,0.939,0.7366,1.339,-0.4391
SHP-000773,2024-12-16,2024-12-16,2024-12-21,Kolkata,Mumbai,2097.5,RapidFreight,Container,Standard,5889.2,79850.0,Delivered,False,False,False,False,True,False,0,5.0,5.0,0.0,0.0,38.07,12,False,0.7923,0.9361,0.8927,0.7348,-0.4391
SHP-000774,2024-12-30,2024-12-31,,Hyderabad,Lucknow,1376.6,RapidFreight,Mini Truck,Standard,279.6,16876.0,In Transit,False,False,False,False,False,False,1,,4.0,,,12.26,12,False,0.3867,0.7894,0.5063,,
SHP-000775,2024-11-13,2024-11-14,2024-11-20,Delhi,Chennai,2300.9,BharatCargo,Container,Standard,13903.8,90493.0,Delivered,False,False,True,False,False,False,1,6.0,6.0,0.0,0.0,39.33,11,False,0.9067,0.9683,0.9238,1.339,-0.4391
SHP-000776,2024-11-04,2024-11-05,2024-11-09,Hyderabad,Delhi,1597.8,SafeHaul,Container,Express,13680.8,72663.0,Delivered,False,False,False,False,False,False,1,4.0,4.0,0.0,0.0,45.48,11,False,0.9046,0.8413,0.8692,0.1307,-0.4391
SHP-000777,2024-05-29,2024-05-29,2024-06-03,Kolkata,Bengaluru,1975.4,SafeHaul,Container,Standard,17473.4,76609.0,Delivered,False,False,False,False,False,False,0,5.0,5.0,0.0,0.0,38.78,5,False,0.9372,0.9152,0.8824,0.7348,-0.4391
SHP-000778,2024-08-22,2024-08-22,2024-08-26,Delhi,Ahmedabad,1011.6,BharatCargo,Truck,Standard,4314.9,24950.0,Delivered,False,False,False,False,False,False,0,4.0,3.0,1.0,1.0,24.66,8,False,0.7509,0.6821,0.6035,0.1307,1.2884
SHP-000779,2024-05-23,2024-05-24,2024-05-28,Chennai,Mumbai,1358.0,RapidFreight,Truck,Standard,3086.2,36202.0,Delivered,False,False,True,False,False,False,1,4.0,4.0,0.0,0.0,26.66,5,False,0.7062,0.7846,0.696,0.1307,-0.4391
SHP-000780,2024-10-29,2024-10-30,2024-11-03,Hyderabad,Delhi,1597.5,GreenLine Carriers,Container,Express,12115.4,70578.0,Delivered,False,False,False,False,False,False,1,4.0,4.0,0.0,0.0,44.18,10,False,0.8884,0.8412,0.862,0.1307,-0.4391
SHP-000781,2024-03-11,2024-03-12,2024-03-15,Mumbai,Jaipur,1181.5,RapidFreight,Truck,Standard,6122.2,31017.0,Delivered,False,False,False,False,False,False,1,3.0,3.0,0.0,0.0,26.25,3,False,0.7975,0.7362,0.6576,-0.4735,-0.4391
SHP-000782,2024-03-29,2024-03-30,2024-04-03,Ahmedabad,Hyderabad,1090.3,Unknown,Mini Truck,Express,804.0,15432.0,Delivered,False,False,False,False,False,False,1,4.0,4.0,0.0,0.0,14.15,3,False,0.5271,0.7082,0.4841,0.1307,-0.4391
SHP-000783,2024-01-16,2024-01-17,2024-01-18,Bengaluru,Chennai,359.2,BharatCargo,Unknown,Standard,3736.9,9681.0,Delivered,False,False,False,False,False,False,1,1.0,1.0,0.0,0.0,26.95,1,False,0.7317,0.3218,0.3682,-1.6819,-0.4391
SHP-000784,2024-09-02,2024-09-03,2024-09-08,Kolkata,Ahmedabad,2135.6,BharatCargo,Container,Express,19193.3,92353.0,Delivered,False,False,False,False,False,False,1,5.0,5.0,0.0,0.0,43.24,9,False,0.9497,0.9424,0.9288,0.7348,-0.4391
SHP-000785,2024-10-01,2024-10-03,2024-10-06,Ahmedabad,Jaipur,704.5,BharatCargo,Truck,Standard,4132.7,19052.0,Delivered,False,False,False,False,False,False,2,3.0,2.0,1.0,1.0,27.04,10,False,0.7451,0.5561,0.5365,-0.4735,1.2884
SHP-000786,2024-01-02,2024-01-03,2024-01-07,Mumbai,Bengaluru,1101.8,SafeHaul,Unknown,Standard,415.4,14110.0,Delivered,False,False,False,False,False,False,1,4.0,3.0,1.0,1.0,12.81,1,False,0.4393,0.7118,0.4618,0.1307,1.2884
SHP-000787,2024-07-27,2024-07-28,2024-08-01,Hyderabad,Patna,1479.8,SafeHaul,Truck,Standard,4333.3,36296.0,Delivered,False,False,False,False,False,False,1,4.0,4.0,0.0,0.0,24.53,7,False,0.7514,0.8146,0.6967,0.1307,-0.4391
SHP-000788,2024-06-03,2024-06-04,2024-06-08,Mumbai,Delhi,1471.2,SafeHaul,Truck,Standard,11434.8,43488.0,Delivered,False,False,False,False,False,False,1,4.0,4.0,0.0,0.0,29.56,6,False,0.8807,0.8125,0.7416,0.1307,-0.4391
SHP-000789,2024-11-01,2024-11-02,2024-11-04,Hyderabad,Chennai,677.9,RapidFreight,Truck,Express,6030.4,22299.0,Delivered,False,True,False,False,False,False,1,2.0,2.0,0.0,0.0,32.89,11,False,0.7955,0.5427,0.5756,-1.0777,-0.4391
SHP-000790,2024-01-16,2024-01-16,2024-01-18,Kolkata,Patna,622.2,RapidFreight,Truck,Express,3955.3,20952.0,Delivered,False,False,False,False,False,False,0,2.0,2.0,0.0,0.0,33.67,1,False,0.7393,0.5129,0.5601,-1.0777,-0.4391
SHP-000791,2024-01-20,2024-01-20,2024-01-25,Mumbai,Kolkata,2194.3,TransIndia Logistics,Container,Standard,19359.7,84936.0,Delivered,False,False,False,False,False,False,0,5.0,5.0,0.0,0.0,38.71,1,False,0.9508,0.9518,0.908,0.7348,-0.4391
SHP-000792,2024-09-06,2024-09-08,2024-09-11,Bengaluru,Lucknow,2017.5,RapidFreight,Air Cargo,Standard,1278.4,83033.0,Delivered,False,False,False,False,False,False,2,3.0,2.0,1.0,1.0,41.16,9,False,0.5889,0.9226,0.9024,-0.4735,1.2884
SHP-000793,2024-08-27,2024-08-27,2024-08-29,Mumbai,Lucknow,1525.2,BharatCargo,Air Cargo,Standard,185.0,56710.0,Delivered,True,False,False,False,False,False,0,2.0,2.0,0.0,0.0,37.18,8,False,0.3319,0.8251,0.8076,-1.0777,-0.4391
SHP-000794,2024-11-11,2024-11-13,2024-11-20,Delhi,Chennai,2277.2,BharatCargo,Truck,Standard,12579.5,66448.0,Delivered,True,False,False,False,False,False,2,7.0,6.0,1.0,1.0,29.18,11,False,0.8934,0.9647,0.847,1.9432,1.2884
SHP-000795,2024-08-27,2024-08-27,2024-09-02,Delhi,Bengaluru,2282.9,SafeHaul,Truck,Standard,11172.0,55233.0,Delivered,False,False,False,False,False,False,0,6.0,6.0,0.0,0.0,24.19,8,False,0.8776,0.9656,0.8011,1.339,-0.4391
SHP-000796,2024-12-16,2024-12-16,2024-12-21,Mumbai,Kolkata,2141.1,RapidFreight,Container,Standard,13476.0,84245.0,Delivered,False,True,False,False,False,False,0,5.0,5.0,0.0,0.0,39.35,12,False,0.9026,0.9433,0.906,0.7348,-0.4391
SHP-000797,2024-05-08,2024-05-10,2024-05-11,Delhi,Patna,1103.3,GreenLine Carriers,Air Cargo,Standard,154.0,36681.0,Delivered,False,False,False,False,False,False,2,1.0,1.0,0.0,0.0,33.25,5,False,0.3076,0.7123,0.6993,-1.6819,-0.4391
SHP-000798,2024-06-11,2024-06-11,2024-06-13,Delhi,Kolkata,1619.2,BharatCargo,Air Cargo,Express,41.6,63102.0,Delivered,False,False,False,True,False,False,0,2.0,2.0,0.0,0.0,38.97,6,False,0.1356,0.8459,0.8342,-1.0777,-0.4391
SHP-000799,2024-12-24,2024-12-25,2024-12-27,Chennai,Bengaluru,382.4,GreenLine Carriers,Mini Truck,Standard,619.0,5920.0,Delivered,False,False,True,False,False,False,1,2.0,2.0,0.0,0.0,15.48,12,False,0.4923,0.3435,0.246,-1.0777,-0.4391
SHP-000800,2024-02-13,2024-02-13,2024-02-19,Chennai,Patna,2112.1,BharatCargo,Truck,Express,4120.8,59764.0,Delivered,False,False,False,False,False,False,0,6.0,6.0,0.0,0.0,28.3,2,False,0.7447,0.9385,0.8206,1.339,-0.4391
SHP-000801,2024-11-02,2024-11-04,2024-11-09,Chennai,Pune,1152.7,TransIndia Logistics,Mini Truck,Standard,549.7,11276.0,Delivered,False,False,False,False,False,False,2,5.0,4.0,1.0,1.0,9.78,11,False,0.4766,0.7276,0.4061,0.7348,1.2884
SHP-000802,2024-01-05,2024-01-06,2024-01-08,Mumbai,Patna,1864.9,BharatCargo,Air Cargo,Express,70.9,79642.0,Delivered,False,False,False,False,False,False,1,2.0,2.0,0.0,0.0,42.71,1,False,0.2053,0.8951,0.892,-1.0777,-0.4391
SHP-000803,2024-07-17,2024-07-20,2024-07-24,Hyderabad,Kolkata,1486.3,TransIndia Logistics,Truck,Standard,5050.6,34033.0,Delivered,False,False,False,True,False,False,3,4.0,4.0,0.0,0.0,22.9,7,False,0.7718,0.8161,0.6807,0.1307,-0.4391
SHP-000804,2024-03-03,2024-03-04,2024-03-09,Kolkata,Ahmedabad,2031.4,BharatCargo,Container,Standard,16866.7,76540.0,Delivered,False,False,False,False,False,False,1,5.0,5.0,0.0,0.0,37.68,3,False,0.9325,0.9249,0.8821,0.7348,-0.4391
SHP-000805,2024-08-29,2024-08-29,2024-09-03,Delhi,Pune,1593.6,TransIndia Logistics,Container,Standard,13476.0,60211.0,Delivered,False,True,False,False,False,False,0,5.0,4.0,1.0,1.0,37.78,8,False,0.9026,0.8404,0.8225,0.7348,1.2884
SHP-000806,2024-11-02,2024-11-02,2024-11-05,Delhi,Ahmedabad,966.2,TransIndia Logistics,Truck,Express,1960.4,26544.0,Delivered,False,False,False,False,False,False,0,3.0,3.0,0.0,0.0,27.47,11,False,0.6458,0.6661,0.6189,-0.4735,-0.4391
SHP-000807,2024-01-14,2024-01-15,2024-01-17,Chennai,Hyderabad,647.0,SafeHaul,Truck,Standard,3834.7,18429.0,Delivered,False,False,False,False,False,True,1,2.0,2.0,0.0,0.0,28.48,1,False,0.7351,0.5265,0.5282,-1.0777,-0.4391
SHP-000808,2024-03-07,2024-03-08,2024-03-09,Delhi,Jaipur,281.8,RapidFreight,Mini Truck,Express,281.3,4635.0,Delivered,False,False,False,False,False,False,1,1.0,1.0,0.0,0.0,16.45,3,False,0.3875,0.2375,0.1852,-1.6819,-0.4391
SHP-000809,2024-05-20,2024-05-20,2024-05-21,Bengaluru,Chennai,360.7,RapidFreight,Truck,Standard,6946.2,12968.0,Delivered,False,False,True,False,False,False,0,1.0,1.0,0.0,0.0,35.95,5,False,0.8143,0.3232,0.4409,-1.6819,-0.4391
SHP-000810,2024-04-14,2024-04-15,2024-04-17,Ahmedabad,Jaipur,644.8,GreenLine Carriers,Truck,Express,8115.3,18873.0,Delivered,False,False,True,False,False,False,1,2.0,2.0,0.0,0.0,29.27,4,False,0.835,0.5253,0.5341,-1.0777,-0.4391
SHP-000811,2024-06-05,2024-06-05,2024-06-11,Delhi,Chennai,2304.0,GreenLine Carriers,Container,Standard,13476.0,86566.0,Delivered,False,True,False,False,False,False,0,6.0,6.0,0.0,0.0,37.57,6,False,0.9026,0.9688,0.9127,1.339,-0.4391
SHP-000812,2024-12-16,2024-12-16,2024-12-23,Delhi,Chennai,2498.9,RapidFreight,Truck,Express,3740.9,76325.0,Delivered,False,False,False,False,False,False,0,7.0,7.0,0.0,0.0,30.54,12,False,0.7318,0.9971,0.8814,1.9432,-0.4391
SHP-000813,2024-02-11,2024-02-13,2024-02-17,Ahmedabad,Hyderabad,1109.0,RapidFreight,Container,Standard,15263.4,40897.0,Delivered,False,False,False,False,False,False,2,4.0,3.0,1.0,1.0,36.88,2,False,0.9192,0.7141,0.7264,0.1307,1.2884
SHP-000814,2024-06-22,2024-06-23,2024-06-25,Kolkata,Patna,559.8,RapidFreight,Truck,Standard,4525.3,14207.0,Delivered,False,False,False,False,False,False,1,2.0,2.0,0.0,0.0,25.38,6,False,0.7572,0.4761,0.4636,-1.0777,-0.4391
SHP-000815,2024-07-05,2024-07-05,2024-07-08,Delhi,Ahmedabad,1028.7,RapidFreight,Mini Truck,Standard,353.6,13434.0,Delivered,False,False,False,False,False,False,0,3.0,3.0,0.0,0.0,13.06,7,False,0.4179,0.6879,0.4496,-0.4735,-0.4391
SHP-000816,2024-04-24,2024-04-25,2024-04-30,Hyderabad,Kolkata,1469.3,BharatCargo,Mini Truck,Standard,1092.5,18113.0,Delivered,False,False,False,False,False,False,1,5.0,5.0,0.0,0.0,12.33,4,False,0.5679,0.8121,0.5239,0.7348,-0.4391
SHP-000817,2024-04-23,2024-04-24,2024-04-29,Hyderabad,Jaipur,1474.7,TransIndia Logistics,Truck,Standard,6030.4,35976.0,Delivered,False,True,False,False,False,False,1,5.0,4.0,1.0,1.0,24.4,4,False,0.7955,0.8134,0.6945,0.7348,1.2884
SHP-000818,2024-10-09,2024-10-10,2024-10-13,Bengaluru,Chennai,367.8,RapidFreight,Mini Truck,Standard,1237.0,5659.0,Delivered,False,False,False,False,False,False,1,3.0,2.0,1.0,1.0,15.39,10,False,0.5845,0.33,0.2348,-0.4735,1.2884
SHP-000819,2024-09-05,2024-09-06,2024-09-09,Kolkata,Patna,584.6,GreenLine Carriers,Mini Truck,Standard,485.9,7545.0,Delivered,False,False,False,False,False,False,1,3.0,2.0,1.0,1.0,12.91,9,False,0.4601,0.4912,0.3063,-0.4735,1.2884
SHP-000820,2024-11-06,2024-11-06,2024-11-10,Mumbai,Lucknow,1518.3,GreenLine Carriers,Truck,Express,6030.4,50539.0,Delivered,False,True,False,False,False,False,0,4.0,4.0,0.0,0.0,33.29,11,False,0.7955,0.8235,0.779,0.1307,-0.4391
SHP-000821,2024-06-14,2024-06-15,2024-06-20,Delhi,Patna,1125.6,BharatCargo,Mini Truck,Standard,520.6,13926.0,Delivered,False,False,False,False,False,False,1,5.0,4.0,1.0,1.0,12.37,6,False,0.4693,0.7193,0.4586,0.7348,1.2884
SHP-000822,2024-09-01,2024-09-01,2024-09-07,Kolkata,Pune,1997.2,BharatCargo,Container,Express,17598.0,89495.0,Delivered,False,False,False,False,False,False,0,6.0,5.0,1.0,1.0,44.81,9,False,0.9381,0.919,0.921,1.339,1.2884
SHP-000823,2024-11-28,2024-11-28,2024-12-02,Mumbai,Lucknow,1498.8,SafeHaul,Truck,Standard,4415.9,37604.0,Delivered,False,False,False,False,False,False,0,4.0,4.0,0.0,0.0,25.09,11,False,0.7539,0.819,0.7055,0.1307,-0.4391
SHP-000824,2024-11-17,2024-11-18,2024-11-23,Kolkata,Lucknow,1125.9,RapidFreight,Mini Truck,Standard,612.0,15631.0,Delivered,False,False,False,False,False,False,1,5.0,4.0,1.0,1.0,13.88,11,False,0.4908,0.7194,0.4873,0.7348,1.2884
SHP-000825,2024-12-06,2024-12-07,2024-12-09,Hyderabad,Bengaluru,606.9,TransIndia Logistics,Truck,Express,1595.0,15522.0,Delivered,False,False,False,False,True,False,1,2.0,2.0,0.0,0.0,25.58,12,False,0.6183,0.5042,0.4856,-1.0777,-0.4391
SHP-000826,2024-04-19,2024-04-20,2024-04-25,Delhi,Hyderabad,1632.5,SafeHaul,Truck,Standard,5005.9,34908.0,Delivered,False,False,False,False,False,False,1,5.0,5.0,0.0,0.0,21.38,4,False,0.7706,0.8488,0.687,0.7348,-0.4391
SHP-000827,2024-12-27,2024-12-27,2025-01-01,Kolkata,Mumbai,1965.9,RapidFreight,Truck,Standard,6337.1,50474.0,Delivered,False,False,False,True,False,False,0,5.0,5.0,0.0,0.0,25.67,12,False,0.8021,0.9135,0.7787,0.7348,-0.4391
SHP-000828,2024-11-07,2024-11-07,2024-11-13,Mumbai,Patna,1826.5,GreenLine Carriers,Truck,Standard,4691.4,47992.0,Delivered,False,False,False,False,False,False,0,6.0,5.0,1.0,1.0,26.28,11,False,0.762,0.8879,0.7661,1.339,1.2884
SHP-000829,2024-11-01,2024-11-03,2024-11-07,Hyderabad,Lucknow,1428.6,BharatCargo,Container,Standard,25886.5,51998.0,Delivered,False,False,False,False,False,False,2,4.0,4.0,0.0,0.0,36.4,11,False,0.9895,0.8023,0.786,0.1307,-0.4391
SHP-000830,2024-09-24,2024-09-24,2024-09-25,Mumbai,Hyderabad,804.3,RapidFreight,Air Cargo,Standard,46.9,26440.0,Delivered,False,False,False,False,False,False,0,1.0,1.0,0.0,0.0,32.87,9,False,0.1512,0.6022,0.6179,-1.6819,-0.4391
SHP-000831,2024-12-26,2024-12-28,2025-01-02,Kolkata,Bengaluru,2044.8,GreenLine Carriers,Container,Standard,11493.8,85418.0,Delivered,False,False,False,False,False,False,2,5.0,5.0,0.0,0.0,41.77,12,False,0.8814,0.9272,0.9094,0.7348,-0.4391
SHP-000832,2024-06-29,2024-06-29,2024-07-07,Kolkata,Mumbai,2111.7,RapidFreight,Mini Truck,Express,406.7,30394.0,Delivered,False,False,False,False,False,False,0,8.0,7.0,1.0,1.0,14.39,6,False,0.4365,0.9385,0.6526,2.5474,1.2884
SHP-000833,2024-10-17,2024-10-18,2024-10-21,Mumbai,Bengaluru,1132.7,RapidFreight,Truck,Standard,4278.0,30700.0,Delivered,False,False,False,False,False,False,1,3.0,3.0,0.0,0.0,27.1,10,False,0.7497,0.7215,0.6551,-0.4735,-0.4391
SHP-000834,2024-10-04,2024-10-06,2024-10-11,Chennai,Kolkata,1802.8,RapidFreight,Truck,Standard,11140.7,45772.0,Delivered,False,False,False,False,False,False,2,5.0,5.0,0.0,0.0,25.39,10,False,0.8772,0.8833,0.7543,0.7348,-0.4391
SHP-000835,2024-10-14,2024-10-15,2024-10-17,Chennai,Lucknow,1997.0,BharatCargo,Air Cargo,Standard,657.6,73345.0,Delivered,False,False,False,False,False,False,1,2.0,2.0,0.0,0.0,36.73,10,False,0.5004,0.919,0.8715,-1.0777,-0.4391
SHP-000836,2024-10-20,2024-10-20,2024-10-23,Kolkata,Patna,622.1,BharatCargo,Mini Truck,Standard,459.7,7623.0,Delivered,False,False,False,False,False,False,0,3.0,2.0,1.0,1.0,12.25,10,False,0.4528,0.5128,0.3088,-0.4735,1.2884
SHP-000837,2024-03-18,2024-03-18,2024-03-19,Chennai,Mumbai,1362.4,SafeHaul,Air Cargo,Standard,72.8,45244.0,Delivered,False,False,False,False,False,False,0,1.0,1.0,0.0,0.0,33.21,3,False,0.2088,0.7858,0.7515,-1.6819,-0.4391
SHP-000838,2024-05-22,2024-05-22,2024-05-25,Ahmedabad,Delhi,975.5,BharatCargo,Truck,Express,6030.4,27355.0,Delivered,False,True,False,False,False,True,0,3.0,3.0,0.0,0.0,28.04,5,False,0.7955,0.6694,0.6264,-0.4735,-0.4391
SHP-000839,2024-06-09,2024-06-10,2024-06-16,Bengaluru,Jaipur,1891.1,SafeHaul,Container,Standard,13476.0,84663.0,Delivered,False,True,False,False,False,False,1,6.0,5.0,1.0,1.0,44.77,6,False,0.9026,0.9,0.9072,1.339,1.2884
SHP-000840,2024-10-19,2024-10-21,2024-10-23,Bengaluru,Lucknow,2059.8,RapidFreight,Air Cargo,Standard,460.2,77513.0,Delivered,False,False,False,False,False,False,2,2.0,2.0,0.0,0.0,37.63,10,False,0.4529,0.9298,0.8853,-1.0777,-0.4391
SHP-000841,2024-10-10,2024-10-10,2024-10-14,Delhi,Ahmedabad,1014.6,BharatCargo,Mini Truck,Express,656.9,16194.0,Delivered,False,False,False,False,False,False,0,4.0,3.0,1.0,1.0,15.96,10,False,0.5002,0.6831,0.4961,0.1307,1.2884
SHP-000842,2024-11-12,2024-11-13,2024-11-15,Hyderabad,Mumbai,829.4,GreenLine Carriers,Container,Standard,8588.5,39134.0,Delivered,False,False,True,False,False,False,1,2.0,2.0,0.0,0.0,47.18,11,False,0.8426,0.6129,0.7154,-1.0777,-0.4391
SHP-000843,2024-10-31,2024-10-31,2024-11-06,Bengaluru,Delhi,2143.2,TransIndia Logistics,Truck,Standard,2739.5,53633.0,Delivered,False,False,False,True,False,False,0,6.0,6.0,0.0,0.0,25.02,10,False,0.6904,0.9436,0.7937,1.339,-0.4391
SHP-000844,2024-08-28,2024-08-28,2024-08-31,Bengaluru,Mumbai,1042.8,TransIndia Logistics,Container,Standard,14861.6,44079.0,Delivered,False,False,False,False,False,False,0,3.0,3.0,0.0,0.0,42.27,8,False,0.9156,0.6927,0.745,-0.4735,-0.4391
SHP-000845,2024-02-27,2024-02-29,2024-03-03,Delhi,Ahmedabad,1011.2,BharatCargo,Truck,Standard,8342.5,25415.0,Delivered,False,False,False,False,False,False,2,3.0,3.0,0.0,0.0,25.13,2,False,0.8387,0.6819,0.6081,-0.4735,-0.4391
SHP-000846,2024-09-12,2024-09-12,2024-09-17,Hyderabad,Ahmedabad,1122.3,BharatCargo,Mini Truck,Standard,202.6,12318.0,Delivered,False,False,False,False,False,False,0,5.0,4.0,1.0,1.0,10.98,9,False,0.344,0.7183,0.4281,0.7348,1.2884
SHP-000847,2024-11-27,2024-11-28,2024-12-01,Mumbai,Jaipur,1088.9,TransIndia Logistics,Container,Express,12510.9,48710.0,Delivered,False,False,False,False,False,False,1,3.0,3.0,0.0,0.0,44.73,11,False,0.8927,0.7077,0.7698,-0.4735,-0.4391
SHP-000848,2024-09-15,2024-09-15,2024-09-22,Chennai,Delhi,2280.9,GreenLine Carriers,Mini Truck,Standard,1848.4,27717.0,Delivered,False,False,False,False,False,False,0,7.0,7.0,0.0,0.0,12.15,9,False,0.638,0.9653,0.6297,1.9432,-0.4391
SHP-000849,2024-11-29,2024-11-30,2024-12-04,Delhi,Kolkata,1544.7,SafeHaul,Truck,Standard,5265.9,40902.0,Delivered,False,False,False,False,False,False,1,4.0,4.0,0.0,0.0,26.48,11,False,0.7774,0.8295,0.7264,0.1307,-0.4391
SHP-000850,2024-12-31,2024-12-31,,Ahmedabad,Lucknow,1164.9,BharatCargo,Container,Standard,23580.7,51945.0,In Transit,False,False,False,False,False,False,0,,3.0,,,44.59,12,False,0.9771,0.7312,0.7858,,
SHP-000851,2024-05-26,2024-05-26,2024-05-28,Delhi,Lucknow,562.4,RapidFreight,Truck,Express,8856.8,21179.0,Delivered,False,False,False,False,False,False,0,2.0,2.0,0.0,0.0,37.66,5,False,0.8467,0.4777,0.5628,-1.0777,-0.4391
SHP-000852,2024-10-12,2024-10-12,2024-10-15,Delhi,Ahmedabad,1065.4,RapidFreight,Container,Standard,9578.9,40731.0,Delivered,False,False,False,False,False,False,0,3.0,3.0,0.0,0.0,38.23,10,False,0.8571,0.7001,0.7253,-0.4735,-0.4391
SHP-000853,2024-08-08,2024-08-09,2024-08-11,Hyderabad,Mumbai,756.1,RapidFreight,Truck,Express,5033.7,24129.0,Delivered,False,False,False,False,False,False,1,2.0,2.0,0.0,0.0,31.91,8,False,0.7714,0.5807,0.5952,-1.0777,-0.4391
SHP-000854,2024-07-04,2024-07-07,2024-07-10,Ahmedabad,Delhi,979.9,BharatCargo,Truck,Standard,5554.1,26324.0,Delivered,False,False,False,False,False,False,3,3.0,3.0,0.0,0.0,26.86,7,False,0.7845,0.671,0.6168,-0.4735,-0.4391
SHP-000855,2024-04-08,2024-04-08,2024-04-12,Mumbai,Delhi,1471.0,RapidFreight,Truck,Express,3388.0,40428.0,Delivered,False,False,False,False,False,False,0,4.0,4.0,0.0,0.0,27.48,4,False,0.7187,0.8125,0.7235,0.1307,-0.4391
SHP-000856,2024-04-10,2024-04-10,2024-04-13,Bengaluru,Pune,1007.7,BharatCargo,Mini Truck,Standard,391.2,12873.0,Delivered,False,False,False,False,False,False,0,3.0,3.0,0.0,0.0,12.77,4,False,0.4313,0.6807,0.439,-0.4735,-0.4391
SHP-000857,2024-03-16,2024-03-18,2024-03-20,Chennai,Jaipur,2016.4,SafeHaul,Air Cargo,Standard,676.8,74217.0,Delivered,False,False,False,False,False,False,2,2.0,2.0,0.0,0.0,36.81,3,False,0.5042,0.9224,0.8745,-1.0777,-0.4391
SHP-000858,2024-09-11,2024-09-12,2024-09-16,Hyderabad,Pune,633.9,SafeHaul,Mini Truck,Standard,389.4,7608.0,Delivered,False,False,False,False,False,False,1,4.0,2.0,2.0,1.0,12.0,9,True,0.4307,0.5194,0.3083,0.1307,3.0159
SHP-000859,2024-02-28,2024-02-29,2024-03-04,Mumbai,Chennai,1404.6,SafeHaul,Truck,Express,11459.5,52773.0,Delivered,False,False,False,False,False,False,1,4.0,4.0,0.0,0.0,37.57,2,False,0.881,0.7964,0.7897,0.1307,-0.4391
SHP-000860,2024-06-25,2024-06-26,2024-06-30,Bengaluru,Ahmedabad,1559.4,RapidFreight,Truck,Standard,4617.6,36318.0,Delivered,False,False,False,False,False,False,1,4.0,4.0,0.0,0.0,23.29,6,False,0.7599,0.8328,0.6968,0.1307,-0.4391
SHP-000861,2024-08-01,2024-08-03,2024-08-10,Chennai,Delhi,2312.1,BharatCargo,Truck,Standard,5908.4,50758.0,Delivered,False,False,False,False,False,False,2,7.0,6.0,1.0,1.0,21.95,8,False,0.7927,0.97,0.78,1.9432,1.2884
SHP-000862,2024-06-28,2024-06-29,2024-07-04,Chennai,Jaipur,1935.5,GreenLine Carriers,Container,Standard,17042.4,79146.0,Delivered,False,False,False,False,False,False,1,5.0,5.0,0.0,0.0,40.89,6,False,0.9339,0.9081,0.8905,0.7348,-0.4391
SHP-000863,2024-11-18,2024-11-20,2024-11-25,Chennai,Jaipur,2042.9,BharatCargo,Container,Standard,11353.9,76334.0,Delivered,False,False,False,False,False,False,2,5.0,5.0,0.0,0.0,37.37,11,False,0.8797,0.9269,0.8815,0.7348,-0.4391
SHP-000864,2024-06-30,2024-07-01,2024-07-06,Kolkata,Ahmedabad,1934.3,TransIndia Logistics,Container,Express,17078.6,95867.0,Delivered,False,False,False,False,False,False,1,5.0,5.0,0.0,0.0,49.56,6,False,0.9341,0.9079,0.9381,0.7348,-0.4391
SHP-000865,2024-02-03,2024-02-04,2024-02-06,Delhi,Jaipur,288.2,BharatCargo,Truck,Express,1757.5,8508.0,Delivered,False,False,False,False,False,False,1,2.0,1.0,1.0,1.0,29.52,2,False,0.6312,0.2453,0.3361,-1.0777,1.2884
SHP-000866,2024-12-29,2024-12-30,2025-01-02,Ahmedabad,Hyderabad,1163.3,SafeHaul,Truck,Standard,7811.4,32051.0,Delivered,False,False,False,False,False,False,1,3.0,3.0,0.0,0.0,27.55,12,False,0.8299,0.7307,0.6658,-0.4735,-0.4391
SHP-000867,2024-11-15,2024-11-17,2024-11-19,Hyderabad,Bengaluru,638.2,BharatCargo,Truck,Standard,1595.0,17299.0,Delivered,False,False,False,False,True,False,2,2.0,2.0,0.0,0.0,27.11,11,False,0.6183,0.5217,0.5125,-1.0777,-0.4391
SHP-000868,2024-09-21,2024-09-22,2024-09-24,Hyderabad,Chennai,651.1,SafeHaul,Mini Truck,Standard,610.9,7823.0,Delivered,False,False,False,False,False,False,1,2.0,2.0,0.0,0.0,12.02,9,False,0.4906,0.5287,0.3153,-1.0777,-0.4391
SHP-000869,2024-10-21,2024-10-21,2024-10-23,Delhi,Lucknow,517.6,GreenLine Carriers,Truck,Standard,10017.2,17834.0,Delivered,False,False,False,False,False,False,0,2.0,2.0,0.0,0.0,34.46,10,False,0.8631,0.4488,0.5201,-1.0777,-0.4391
SHP-000870,2024-02-22,2024-02-23,2024-02-24,Mumbai,Pune,152.9,BharatCargo,Mini Truck,Standard,1016.8,2892.0,Delivered,False,False,False,False,False,False,1,1.0,1.0,0.0,0.0,18.91,2,False,0.5584,0.0254,0.068,-1.6819,-0.4391
SHP-000871,2024-10-24,2024-10-26,2024-10-30,Chennai,Mumbai,1338.6,TransIndia Logistics,Truck,Standard,2753.1,37544.0,Delivered,False,False,False,False,False,False,2,4.0,4.0,0.0,0.0,28.05,10,False,0.691,0.7796,0.7051,0.1307,-0.4391
SHP-000872,2024-03-25,2024-03-25,2024-03-28,Delhi,Lucknow,554.6,GreenLine Carriers,Mini Truck,Standard,347.0,7713.0,Delivered,False,False,False,False,False,False,0,3.0,2.0,1.0,1.0,13.91,3,False,0.4154,0.4729,0.3117,-0.4735,1.2884
SHP-000873,2024-07-18,2024-07-18,2024-07-20,Ahmedabad,Delhi,888.7,TransIndia Logistics,Container,Standard,11001.4,36213.0,Delivered,False,False,False,False,False,False,0,2.0,2.0,0.0,0.0,40.75,7,False,0.8755,0.637,0.6961,-1.0777,-0.4391
SHP-000874,2024-03-13,2024-03-13,2024-03-15,Mumbai,Patna,1797.7,RapidFreight,Air Cargo,Standard,180.7,52474.0,Delivered,False,False,False,False,False,False,0,2.0,2.0,0.0,0.0,29.19,3,False,0.3288,0.8824,0.7883,-1.0777,-0.4391
SHP-000875,2024-10-21,2024-10-21,2024-10-25,Chennai,Mumbai,1331.1,RapidFreight,Container,Standard,6874.9,46048.0,Delivered,False,False,False,False,False,False,0,4.0,3.0,1.0,1.0,34.59,10,False,0.8129,0.7777,0.7558,0.1307,1.2884
SHP-000876,2024-04-10,2024-04-10,2024-04-12,Hyderabad,Pune,643.7,GreenLine Carriers,Mini Truck,Express,694.5,11271.0,Delivered,False,False,False,False,False,False,0,2.0,2.0,0.0,0.0,17.51,4,False,0.5077,0.5247,0.406,-1.0777,-0.4391
SHP-000877,2024-04-13,2024-04-14,2024-04-15,Mumbai,Hyderabad,807.5,TransIndia Logistics,Air Cargo,Standard,204.8,25372.0,Delivered,False,False,False,False,False,False,1,1.0,1.0,0.0,0.0,31.42,4,False,0.3454,0.6036,0.6077,-1.6819,-0.4391
SHP-000878,2024-02-14,2024-02-16,2024-02-19,Mumbai,Hyderabad,803.2,GreenLine Carriers,Mini Truck,Standard,590.7,9427.0,Delivered,False,False,False,False,False,False,2,3.0,3.0,0.0,0.0,11.74,2,False,0.4861,0.6018,0.3616,-0.4735,-0.4391
SHP-000879,2024-10-11,2024-10-13,2024-10-18,Kolkata,Pune,1990.9,BharatCargo,Truck,Standard,8223.1,48764.0,Delivered,False,False,False,False,False,False,2,5.0,5.0,0.0,0.0,24.49,10,False,0.8368,0.9179,0.7701,0.7348,-0.4391
SHP-000880,2024-04-30,2024-05-01,2024-05-08,Kolkata,Ahmedabad,2028.2,TransIndia Logistics,Truck,Standard,6862.0,49195.0,Returned,False,False,False,False,False,False,1,7.0,6.0,1.0,1.0,24.26,4,False,0.8127,0.9244,0.7723,1.9432,1.2884
SHP-000881,2024-07-30,2024-08-01,2024-08-03,Bengaluru,Chennai,368.3,TransIndia Logistics,Mini Truck,Standard,505.8,5162.0,Delivered,False,False,False,True,False,False,2,2.0,2.0,0.0,0.0,14.02,7,False,0.4655,0.3305,0.2119,-1.0777,-0.4391
SHP-000882,2024-05-15,2024-05-18,2024-05-22,Kolkata,Lucknow,1187.1,TransIndia Logistics,Truck,Standard,1877.7,26417.0,Delivered,False,False,False,False,False,False,3,4.0,3.0,1.0,1.0,22.25,5,False,0.64,0.7378,0.6177,0.1307,1.2884
SHP-000883,2024-10-27,2024-10-29,2024-11-02,Ahmedabad,Bengaluru,1536.8,SafeHaul,Truck,Standard,6500.0,40218.0,Delivered,False,False,False,False,False,False,2,4.0,4.0,0.0,0.0,26.17,10,False,0.8054,0.8277,0.7222,0.1307,-0.4391
SHP-000884,2024-04-02,2024-04-04,2024-04-07,Bengaluru,Mumbai,1079.4,RapidFreight,Truck,Standard,3386.9,24270.0,Delivered,False,False,False,False,False,False,2,3.0,3.0,0.0,0.0,22.48,4,False,0.7186,0.7047,0.5967,-0.4735,-0.4391
SHP-000885,2024-12-13,2024-12-13,2024-12-17,Delhi,Mumbai,1479.2,SafeHaul,Truck,Express,4240.8,45825.0,Delivered,False,False,False,False,False,False,0,4.0,4.0,0.0,0.0,30.98,12,False,0.7486,0.8144,0.7546,0.1307,-0.4391
SHP-000886,2024-05-11,2024-05-13,2024-05-18,Mumbai,Chennai,1405.2,SafeHaul,Container,Standard,16556.0,56647.0,Delivered,False,False,False,False,False,False,2,5.0,4.0,1.0,1.0,40.31,5,False,0.93,0.7966,0.8073,0.7348,1.2884
SHP-000887,2024-02-12,2024-02-12,2024-02-13,Mumbai,Pune,152.4,BharatCargo,Truck,Standard,14043.5,6006.0,Delivered,False,False,False,False,False,True,0,1.0,1.0,0.0,0.0,39.41,2,False,0.9081,0.0242,0.2496,-1.6819,-0.4391
SHP-000888,2024-04-08,2024-04-10,2024-04-13,Delhi,Patna,1134.4,RapidFreight,Truck,Standard,5864.5,30242.0,Delivered,False,False,True,False,False,False,2,3.0,3.0,0.0,0.0,26.66,4,False,0.7917,0.722,0.6513,-0.4735,-0.4391
SHP-000889,2024-01-31,2024-02-01,2024-02-08,Delhi,Bengaluru,2336.3,GreenLine Carriers,Truck,Standard,8366.2,54648.0,Delivered,False,False,False,False,False,False,1,7.0,6.0,1.0,1.0,23.39,1,False,0.8391,0.9737,0.7984,1.9432,1.2884
SHP-000890,2024-07-10,2024-07-10,2024-07-12,Chennai,Hyderabad,657.8,RapidFreight,Container,Express,8444.3,31509.0,Delivered,False,False,False,False,False,False,0,2.0,2.0,0.0,0.0,47.9,7,False,0.8403,0.5322,0.6615,-1.0777,-0.4391
SHP-000891,2024-04-12,2024-04-14,2024-04-18,Mumbai,Jaipur,1181.75,BharatCargo,Mini Truck,Standard,811.1,13316.0,Delivered,True,False,False,False,False,False,2,4.0,4.0,0.0,0.0,11.27,4,False,0.5283,0.7362,0.4475,0.1307,-0.4391
SHP-000892,2024-11-26,2024-11-27,2024-11-30,Ahmedabad,Hyderabad,1110.7,SafeHaul,Truck,Standard,5788.2,24230.0,Delivered,False,False,False,False,False,False,1,3.0,3.0,0.0,0.0,21.82,11,False,0.79,0.7146,0.5962,-0.4735,-0.4391
SHP-000893,2024-07-30,2024-07-30,2024-08-04,Mumbai,Delhi,1453.4,GreenLine Carriers,Mini Truck,Standard,682.5,18962.0,Delivered,False,True,False,False,False,False,0,5.0,5.0,0.0,0.0,13.05,7,False,0.5053,0.8083,0.5353,0.7348,-0.4391
SHP-000894,2024-04-05,2024-04-07,2024-04-11,Delhi,Mumbai,1518.6,Unknown,Container,Standard,11587.2,57353.0,Delivered,False,False,False,False,False,False,2,4.0,4.0,0.0,0.0,37.77,4,False,0.8825,0.8236,0.8104,0.1307,-0.4391
SHP-000895,2024-07-03,2024-07-03,2024-07-05,Chennai,Hyderabad,657.8,BharatCargo,Truck,Express,5190.2,20572.0,Delivered,True,False,False,False,False,False,0,2.0,2.0,0.0,0.0,31.27,7,False,0.7755,0.5322,0.5556,-1.0777,-0.4391
SHP-000896,2024-03-21,2024-03-22,2024-03-24,Hyderabad,Bengaluru,645.5,RapidFreight,Truck,Standard,11325.4,19754.0,Delivered,False,False,False,False,False,False,1,2.0,2.0,0.0,0.0,30.6,3,False,0.8794,0.5257,0.5455,-1.0777,-0.4391
SHP-000897,2024-03-14,2024-03-16,2024-03-19,Mumbai,Jaipur,1124.7,BharatCargo,Truck,Standard,5677.7,31318.0,Delivered,False,False,False,False,False,False,2,3.0,3.0,0.0,0.0,27.85,3,False,0.7874,0.719,0.66,-0.4735,-0.4391
SHP-000898,2024-05-02,2024-05-03,2024-05-07,Mumbai,Patna,1787.6,BharatCargo,Container,Express,9496.9,88201.0,Delivered,False,False,False,False,False,False,1,4.0,4.0,0.0,0.0,49.34,5,False,0.856,0.8804,0.9174,0.1307,-0.4391
SHP-000899,2024-02-14,2024-02-14,2024-02-18,Delhi,Ahmedabad,1078.1,TransIndia Logistics,Truck,Express,18000.0,39501.0,Delivered,False,False,False,False,False,False,0,4.0,3.0,1.0,1.0,36.64,2,False,0.9411,0.7043,0.7177,0.1307,1.2884
SHP-000900,2024-03-18,2024-03-19,2024-03-25,Bengaluru,Patna,2046.7,BharatCargo,Mini Truck,Express,366.5,30297.0,Delivered,False,False,False,False,False,False,1,6.0,6.0,0.0,0.0,14.8,3,False,0.4227,0.9276,0.6518,1.339,-0.4391
SHP-000901,2024-12-12,2024-12-13,2024-12-16,Bengaluru,Chennai,360.4,RapidFreight,Mini Truck,Standard,673.3,5281.0,Delivered,False,False,False,False,False,False,1,3.0,2.0,1.0,1.0,14.65,12,False,0.5035,0.3229,0.2176,-0.4735,1.2884
SHP-000902,2024-09-24,2024-09-26,2024-09-28,Mumbai,Pune,163.1,TransIndia Logistics,Truck,Standard,7387.4,7677.0,Delivered,False,False,False,False,False,False,2,2.0,1.0,1.0,1.0,47.07,9,False,0.8225,0.0477,0.3106,-1.0777,1.2884
SHP-000903,2024-12-07,2024-12-10,2024-12-14,Delhi,Pune,1517.8,RapidFreight,Container,Standard,13476.0,56011.0,Delivered,False,True,False,False,False,False,3,4.0,4.0,0.0,0.0,36.9,12,False,0.9026,0.8234,0.8045,0.1307,-0.4391
SHP-000904,2024-04-14,2024-04-14,2024-04-19,Bengaluru,Ahmedabad,1619.7,RapidFreight,Truck,Standard,5354.4,37937.0,Delivered,False,False,False,False,False,False,0,5.0,5.0,0.0,0.0,23.42,4,False,0.7796,0.846,0.7077,0.7348,-0.4391
SHP-000905,2024-11-18,2024-11-18,2024-11-20,Ahmedabad,Mumbai,559.2,Unknown,Truck,Standard,5370.4,16756.0,Delivered,False,False,False,False,False,False,0,2.0,2.0,0.0,0.0,29.96,11,False,0.78,0.4757,0.5046,-1.0777,-0.4391
SHP-000906,2024-05-28,2024-05-29,2024-06-03,Kolkata,Pune,1989.8,RapidFreight,Truck,Standard,5211.1,50946.0,Delivered,False,False,False,False,False,False,1,5.0,5.0,0.0,0.0,25.6,5,False,0.776,0.9177,0.781,0.7348,-0.4391
SHP-000907,2024-02-28,2024-03-01,2024-03-07,Bengaluru,Kolkata,1984.1,RapidFreight,Mini Truck,Standard,358.4,23023.0,Delivered,False,False,False,False,False,False,2,6.0,6.0,0.0,0.0,11.6,2,False,0.4197,0.9167,0.5835,1.339,-0.4391
SHP-000908,2024-11-04,2024-11-06,2024-11-09,Delhi,Ahmedabad,938.0,GreenLine Carriers,Mini Truck,Standard,2500.0,14723.0,Delivered,False,False,False,False,False,False,2,3.0,3.0,0.0,0.0,15.7,11,False,0.6782,0.6558,0.4724,-0.4735,-0.4391
SHP-000909,2024-01-25,2024-01-26,2024-01-28,Mumbai,Ahmedabad,560.3,TransIndia Logistics,Truck,Standard,5258.1,15475.0,Delivered,False,False,False,False,False,False,1,2.0,2.0,0.0,0.0,27.62,1,False,0.7772,0.4764,0.4848,-1.0777,-0.4391
SHP-000910,2024-06-14,2024-06-14,2024-06-15,Mumbai,Pune,156.1,TransIndia Logistics,Mini Truck,Standard,682.5,2865.0,Delivered,False,True,False,False,False,False,0,1.0,1.0,0.0,0.0,18.35,6,False,0.5053,0.0325,0.0656,-1.6819,-0.4391
SHP-000911,2024-11-08,2024-11-09,2024-11-14,Chennai,Lucknow,2107.2,SafeHaul,Container,Standard,12452.6,77113.0,Delivered,False,False,False,False,False,False,1,5.0,5.0,0.0,0.0,36.6,11,False,0.8921,0.9377,0.884,0.7348,-0.4391
SHP-000912,2024-09-05,2024-09-07,2024-09-13,Hyderabad,Patna,1468.4,Unknown,Mini Truck,Standard,565.8,16750.0,Delivered,False,False,False,False,False,False,2,6.0,5.0,1.0,1.0,11.41,9,False,0.4804,0.8119,0.5045,1.339,1.2884
SHP-000913,2024-07-30,2024-07-31,2024-08-03,Ahmedabad,Delhi,900.2,TransIndia Logistics,Container,Standard,11937.1,39359.0,Delivered,False,False,False,False,False,False,1,3.0,3.0,0.0,0.0,43.72,7,False,0.8864,0.6415,0.7168,-0.4735,-0.4391
SHP-000914,2024-05-24,2024-05-24,2024-05-29,Ahmedabad,Patna,1622.8,BharatCargo,Truck,Standard,2367.5,42394.0,Delivered,True,False,False,False,False,False,0,5.0,5.0,0.0,0.0,26.12,5,False,0.6709,0.8467,0.7353,0.7348,-0.4391
SHP-000915,2024-01-31,2024-02-01,2024-02-03,Ahmedabad,Pune,735.7,RapidFreight,Truck,Standard,5448.8,18904.0,Delivered,False,False,False,False,False,False,1,2.0,2.0,0.0,0.0,25.7,1,False,0.7819,0.5712,0.5345,-1.0777,-0.4391
SHP-000916,2024-12-29,2024-12-31,2025-01-02,Ahmedabad,Mumbai,581.8,BharatCargo,Container,Standard,12141.2,27451.0,Delivered,False,False,True,False,False,False,2,2.0,2.0,0.0,0.0,47.18,12,False,0.8887,0.4895,0.6273,-1.0777,-0.4391
SHP-000917,2024-03-12,2024-03-13,2024-03-18,Delhi,Kolkata,1614.2,BharatCargo,Truck,Standard,6030.4,46061.0,Delivered,False,True,False,False,False,False,1,5.0,5.0,0.0,0.0,28.53,3,False,0.7955,0.8449,0.7559,0.7348,-0.4391
SHP-000918,2024-04-14,2024-04-14,2024-04-23,Delhi,Chennai,2300.3,RapidFreight,Mini Truck,Standard,341.4,30503.0,Delivered,False,False,False,False,False,False,0,9.0,7.0,2.0,1.0,13.26,4,True,0.4132,0.9683,0.6535,3.1516,3.0159
SHP-000919,2024-04-06,2024-04-07,2024-04-10,Mumbai,Jaipur,1142.7,RapidFreight,Truck,Standard,4243.9,25608.0,Delivered,False,False,False,False,False,False,1,3.0,3.0,0.0,0.0,22.41,4,False,0.7487,0.7245,0.61,-0.4735,-0.4391
SHP-000920,2024-12-03,2024-12-03,2024-12-04,Kolkata,Patna,567.3,Unknown,Air Cargo,Express,61.1,22415.0,Delivered,False,False,False,True,False,False,0,1.0,1.0,0.0,0.0,39.51,12,False,0.1858,0.4807,0.5769,-1.6819,-0.4391
SHP-000921,2024-10-23,2024-10-24,2024-10-25,Delhi,Lucknow,526.1,Unknown,Air Cargo,Standard,634.7,27096.0,Delivered,False,False,False,False,False,False,1,1.0,1.0,0.0,0.0,51.5,10,False,0.4957,0.4545,0.624,-1.6819,-0.4391
SHP-000922,2024-07-05,2024-07-06,2024-07-11,Hyderabad,Jaipur,1407.0,RapidFreight,Mini Truck,Standard,415.5,16470.0,Delivered,False,False,False,False,False,False,1,5.0,5.0,0.0,0.0,11.71,7,False,0.4393,0.797,0.5003,0.7348,-0.4391
SHP-000923,2024-12-17,2024-12-17,2024-12-19,Kolkata,Patna,554.9,SafeHaul,Container,Standard,13476.0,26958.0,Delivered,False,True,False,False,False,False,0,2.0,2.0,0.0,0.0,48.58,12,False,0.9026,0.473,0.6228,-1.0777,-0.4391
SHP-000924,2024-01-22,2024-01-23,2024-01-26,Bengaluru,Pune,897.4,RapidFreight,Unknown,Standard,10738.7,24934.0,Delivered,False,False,False,False,False,False,1,3.0,3.0,0.0,0.0,27.78,1,False,0.8723,0.6404,0.6034,-0.4735,-0.4391
SHP-000925,2024-11-28,2024-11-30,2024-12-06,Delhi,Bengaluru,2227.5,SafeHaul,Truck,Standard,5496.4,50362.0,Delivered,False,False,False,False,False,False,2,6.0,6.0,0.0,0.0,22.61,11,False,0.7831,0.9571,0.7781,1.339,-0.4391
SHP-000926,2024-01-25,2024-01-27,2024-01-31,Mumbai,Delhi,1444.5,RapidFreight,Truck,Standard,2626.6,33119.0,Delivered,False,False,False,False,False,False,2,4.0,4.0,0.0,0.0,22.93,1,False,0.6847,0.8062,0.6739,0.1307,-0.4391
SHP-000927,2024-06-08,2024-06-08,2024-06-14,Delhi,Bengaluru,2217.75,BharatCargo,Container,Express,8685.1,93071.0,Delivered,True,False,False,False,False,False,0,6.0,5.0,1.0,1.0,41.97,6,False,0.844,0.9555,0.9308,1.339,1.2884
SHP-000928,2024-01-23,2024-01-25,2024-01-29,Hyderabad,Patna,1392.2,SafeHaul,Truck,Standard,10050.5,31744.0,Delivered,False,False,False,False,False,False,2,4.0,4.0,0.0,0.0,22.8,1,False,0.8635,0.7933,0.6634,0.1307,-0.4391
SHP-000929,2024-12-31,2025-01-01,,Kolkata,Mumbai,2177.6,SafeHaul,Air Cargo,Standard,42.5,70481.0,In Transit,False,False,False,False,False,False,1,,2.0,,,32.37,12,False,0.1383,0.9492,0.8616,,
SHP-000930,2024-12-05,2024-12-05,2024-12-10,Chennai,Kolkata,1656.1,RapidFreight,Unknown,Express,7591.1,48649.0,Delivered,False,False,False,False,False,False,0,5.0,5.0,0.0,0.0,29.38,12,False,0.8261,0.8538,0.7695,0.7348,-0.4391
SHP-000931,2024-08-24,2024-08-24,2024-08-28,Mumbai,Delhi,1565.0,SafeHaul,Container,Standard,14571.7,70372.0,Delivered,False,False,False,False,False,False,0,4.0,4.0,0.0,0.0,44.97,8,False,0.913,0.8341,0.8613,0.1307,-0.4391
SHP-000932,2024-03-30,2024-03-31,2024-04-02,Mumbai,Ahmedabad,523.7,TransIndia Logistics,Truck,Standard,7523.6,18409.0,Delivered,False,False,False,False,False,False,1,2.0,2.0,0.0,0.0,35.15,3,False,0.8249,0.4529,0.528,-1.0777,-0.4391
SHP-000933,2024-04-23,2024-04-25,2024-05-01,Bengaluru,Jaipur,1911.2,RapidFreight,Mini Truck,Standard,928.9,24173.0,Delivered,False,False,True,False,False,False,2,6.0,6.0,0.0,0.0,12.65,4,False,0.5464,0.9037,0.5957,1.339,-0.4391
SHP-000934,2024-07-02,2024-07-05,2024-07-12,Chennai,Jaipur,2091.3,SafeHaul,Truck,Standard,3426.6,56615.0,Delivered,False,False,False,False,False,False,3,7.0,6.0,1.0,1.0,27.07,7,False,0.7202,0.9351,0.8072,1.9432,1.2884
SHP-000935,2024-05-11,2024-05-13,2024-05-14,Chennai,Bengaluru,396.7,BharatCargo,Container,Standard,9950.5,19076.0,Delivered,False,False,False,False,False,False,2,1.0,1.0,0.0,0.0,48.09,5,False,0.8622,0.3563,0.5368,-1.6819,-0.4391
SHP-000936,2024-01-09,2024-01-09,2024-01-14,Mumbai,Patna,1883.0,TransIndia Logistics,Container,Express,17980.4,87336.0,Delivered,False,False,False,False,False,False,0,5.0,5.0,0.0,0.0,46.38,1,False,0.941,0.8985,0.9149,0.7348,-0.4391
SHP-000937,2024-09-20,2024-09-22,2024-09-27,Ahmedabad,Lucknow,1238.0,BharatCargo,Mini Truck,Standard,479.9,12880.0,Delivered,False,False,False,False,False,False,2,5.0,4.0,1.0,1.0,10.4,9,False,0.4585,0.7524,0.4392,0.7348,1.2884
SHP-000938,2024-09-04,2024-09-06,2024-09-11,Delhi,Patna,1093.3,GreenLine Carriers,Truck,Standard,1595.0,25965.0,Delivered,False,False,False,False,True,False,2,5.0,3.0,2.0,1.0,23.75,9,True,0.6183,0.7091,0.6134,0.7348,3.0159
SHP-000939,2024-12-01,2024-12-01,2024-12-02,Hyderabad,Kolkata,1451.2,Unknown,Air Cargo,Express,287.0,61011.0,Delivered,False,False,False,False,False,False,0,1.0,1.0,0.0,0.0,42.04,12,False,0.3902,0.8078,0.8258,-1.6819,-0.4391
SHP-000940,2024-07-13,2024-07-14,2024-07-16,Delhi,Bengaluru,2217.75,SafeHaul,Air Cargo,Standard,53.2,68482.0,Delivered,True,False,False,False,False,False,1,2.0,2.0,0.0,0.0,30.88,7,False,0.1676,0.9555,0.8545,-1.0777,-0.4391
SHP-000941,2024-05-20,2024-05-21,2024-05-23,Mumbai,Ahmedabad,535.0,BharatCargo,Truck,Express,6030.4,20340.0,Delivered,False,True,False,False,False,False,1,2.0,2.0,0.0,0.0,38.02,5,False,0.7955,0.4603,0.5527,-1.0777,-0.4391
SHP-000942,2024-07-28,2024-07-29,2024-08-02,Hyderabad,Bengaluru,606.8,SafeHaul,Truck,Standard,13838.5,19987.0,Delivered,False,False,False,False,False,False,1,4.0,2.0,2.0,1.0,32.94,7,True,0.9061,0.5042,0.5484,0.1307,3.0159
SHP-000943,2024-03-20,2024-03-22,2024-03-24,Delhi,Jaipur,305.7,Unknown,Mini Truck,Standard,707.1,4384.0,Delivered,False,False,False,False,False,False,2,2.0,1.0,1.0,1.0,14.34,3,False,0.51,0.2657,0.1713,-1.0777,1.2884
SHP-000944,2024-09-08,2024-09-09,2024-09-11,Bengaluru,Jaipur,1908.7,BharatCargo,Air Cargo,Express,406.0,84804.0,Delivered,False,False,False,False,False,False,1,2.0,2.0,0.0,0.0,44.43,9,False,0.4363,0.9032,0.9076,-1.0777,-0.4391
SHP-000945,2024-10-25,2024-10-25,2024-10-27,Bengaluru,Delhi,2255.1,BharatCargo,Air Cargo,Standard,174.9,69066.0,Delivered,False,False,False,False,False,False,0,2.0,2.0,0.0,0.0,30.63,10,False,0.3245,0.9613,0.8566,-1.0777,-0.4391
SHP-000946,2024-03-03,2024-03-03,2024-03-05,Mumbai,Ahmedabad,533.0,SafeHaul,Container,Standard,24401.8,27708.0,Delivered,False,False,False,False,False,False,0,2.0,2.0,0.0,0.0,51.98,3,False,0.9817,0.459,0.6296,-1.0777,-0.4391
SHP-000947,2024-05-10,2024-05-11,2024-05-13,Chennai,Bengaluru,376.4,TransIndia Logistics,Mini Truck,Express,370.1,5575.0,Delivered,False,False,False,False,False,False,1,2.0,2.0,0.0,0.0,14.81,5,False,0.424,0.338,0.2311,-1.0777,-0.4391
SHP-000948,2024-11-21,2024-11-21,2024-11-26,Hyderabad,Patna,1434.7,GreenLine Carriers,Mini Truck,Express,696.6,22710.0,Delivered,False,False,False,False,False,False,0,5.0,5.0,0.0,0.0,15.83,11,False,0.5081,0.8038,0.5801,0.7348,-0.4391
SHP-000949,2024-07-25,2024-07-25,2024-07-29,Hyderabad,Kolkata,1598.5,RapidFreight,Container,Express,17719.5,72894.0,Delivered,False,False,False,False,False,False,0,4.0,4.0,0.0,0.0,45.6,7,False,0.939,0.8414,0.87,0.1307,-0.4391
SHP-000950,2024-08-05,2024-08-05,2024-08-10,Mumbai,Bengaluru,1083.3,GreenLine Carriers,Mini Truck,Standard,624.4,14826.0,Delivered,True,False,False,False,False,False,0,5.0,4.0,1.0,1.0,13.69,8,False,0.4935,0.7059,0.4742,0.7348,1.2884
SHP-000951,2024-10-11,2024-10-12,2024-10-14,Bengaluru,Chennai,390.3,TransIndia Logistics,Mini Truck,Standard,1397.5,6042.0,Delivered,False,False,False,False,False,False,1,2.0,2.0,0.0,0.0,15.48,10,False,0.6007,0.3507,0.2511,-1.0777,-0.4391
SHP-000952,2024-08-22,2024-08-24,2024-08-29,Mumbai,Delhi,1424.1,TransIndia Logistics,Truck,Standard,4629.9,33409.0,Delivered,False,False,False,False,False,False,2,5.0,4.0,1.0,1.0,23.46,8,False,0.7602,0.8012,0.6761,0.7348,1.2884
SHP-000953,2024-01-29,2024-01-30,2024-02-01,Mumbai,Ahmedabad,563.5,TransIndia Logistics,Truck,Standard,18000.0,26991.0,Delivered,False,False,False,False,False,False,1,2.0,2.0,0.0,0.0,47.9,1,False,0.9411,0.4784,0.6231,-1.0777,-0.4391
SHP-000954,2024-11-04,2024-11-06,2024-11-08,Delhi,Kolkata,1602.8,RapidFreight,Air Cargo,Standard,1252.4,69128.0,Returned,False,False,False,False,False,False,2,2.0,2.0,0.0,0.0,43.13,11,False,0.5861,0.8424,0.8568,-1.0777,-0.4391
SHP-000955,2024-12-07,2024-12-07,2024-12-11,Ahmedabad,Chennai,1727.0,TransIndia Logistics,Container,Standard,15452.7,64603.0,Delivered,False,False,False,False,False,False,0,4.0,4.0,0.0,0.0,37.41,12,False,0.9208,0.8684,0.84,0.1307,-0.4391
SHP-000956,2024-01-22,2024-01-23,2024-01-25,Hyderabad,Mumbai,786.4,SafeHaul,Container,Standard,16987.3,35755.0,Delivered,False,False,False,False,False,False,1,2.0,2.0,0.0,0.0,45.47,1,False,0.9334,0.5944,0.693,-1.0777,-0.4391
SHP-000957,2024-02-19,2024-02-20,2024-02-23,Chennai,Mumbai,1284.3,TransIndia Logistics,Container,Standard,21245.4,47170.0,Delivered,False,False,False,False,False,False,1,3.0,3.0,0.0,0.0,36.73,2,False,0.9632,0.7652,0.7618,-0.4735,-0.4391
SHP-000958,2024-10-05,2024-10-07,2024-10-08,Bengaluru,Chennai,353.9,RapidFreight,Truck,Standard,2943.0,10426.0,Delivered,False,False,False,False,False,False,2,1.0,1.0,0.0,0.0,29.46,10,False,0.6999,0.3166,0.3866,-1.6819,-0.4391
SHP-000959,2024-09-01,2024-09-01,2024-09-07,Bengaluru,Lucknow,2022.4,RapidFreight,Mini Truck,Standard,318.6,24997.0,Delivered,True,False,False,True,False,False,0,6.0,6.0,0.0,0.0,12.36,9,False,0.4041,0.9234,0.604,1.339,-0.4391
SHP-000960,2024-06-05,2024-06-06,2024-06-11,Bengaluru,Lucknow,1836.1,RapidFreight,Container,Standard,21732.4,75685.0,Delivered,False,False,False,True,False,False,1,5.0,5.0,0.0,0.0,41.22,6,False,0.9662,0.8897,0.8794,0.7348,-0.4391
SHP-000961,2024-08-07,2024-08-07,2024-08-12,Bengaluru,Chennai,371.6,BharatCargo,Mini Truck,Express,825.1,5195.0,Delivered,True,False,False,False,False,False,0,5.0,2.0,3.0,1.0,13.98,8,True,0.5306,0.3336,0.2135,0.7348,4.7434
SHP-000962,2024-10-06,2024-10-09,2024-10-15,Bengaluru,Patna,2113.1,BharatCargo,Truck,Standard,5237.6,48738.0,Delivered,False,False,False,False,False,False,3,6.0,6.0,0.0,0.0,23.06,10,False,0.7767,0.9387,0.77,1.339,-0.4391
SHP-000963,2024-07-25,2024-07-27,2024-07-29,Delhi,Lucknow,499.5,GreenLine Carriers,Mini Truck,Standard,704.7,6257.0,Delivered,False,False,False,False,False,False,2,2.0,2.0,0.0,0.0,12.53,7,False,0.5096,0.4364,0.2597,-1.0777,-0.4391
SHP-000964,2024-02-27,2024-02-29,2024-03-02,Delhi,Chennai,2124.2,RapidFreight,Air Cargo,Standard,14.4,69212.0,Delivered,False,False,False,False,True,False,2,2.0,2.0,0.0,0.0,32.58,2,False,0.0,0.9405,0.8571,-1.0777,-0.4391
SHP-000965,2024-02-06,2024-02-07,2024-02-11,Ahmedabad,Lucknow,1297.4,RapidFreight,Truck,Standard,5351.7,34182.0,Delivered,False,False,False,False,False,False,1,4.0,4.0,0.0,0.0,26.35,2,False,0.7795,0.7687,0.6818,0.1307,-0.4391
SHP-000966,2024-06-28,2024-06-29,2024-07-03,Bengaluru,Mumbai,1054.5,BharatCargo,Container,Standard,10756.3,42345.0,Delivered,False,False,False,False,False,False,1,4.0,3.0,1.0,1.0,40.16,6,False,0.8725,0.6965,0.735,0.1307,1.2884
SHP-000967,2024-12-07,2024-12-07,2024-12-09,Ahmedabad,Kolkata,2098.5,RapidFreight,Air Cargo,Express,375.7,80108.0,Delivered,False,False,False,False,False,False,0,2.0,2.0,0.0,0.0,38.17,12,False,0.426,0.9363,0.8935,-1.0777,-0.4391
SHP-000968,2024-08-14,2024-08-16,2024-08-18,Delhi,Bengaluru,2283.8,BharatCargo,Air Cargo,Standard,405.7,84177.0,Delivered,False,False,False,False,False,False,2,2.0,2.0,0.0,0.0,36.86,8,False,0.4362,0.9657,0.9058,-1.0777,-0.4391
SHP-000969,2024-05-26,2024-05-28,2024-06-03,Kolkata,Delhi,1712.5,SafeHaul,Truck,Standard,8480.5,41985.0,Delivered,False,False,False,False,False,False,2,6.0,5.0,1.0,1.0,24.52,5,False,0.8409,0.8654,0.7329,1.339,1.2884
SHP-000970,2024-12-03,2024-12-05,2024-12-08,Mumbai,Jaipur,1106.0,GreenLine Carriers,Container,Standard,13476.0,51222.0,Delivered,False,True,False,False,False,False,2,3.0,3.0,0.0,0.0,46.31,12,False,0.9026,0.7132,0.7823,-0.4735,-0.4391
SHP-000971,2024-06-07,2024-06-09,2024-06-13,Mumbai,Jaipur,1166.8,RapidFreight,Container,Standard,8289.5,44982.0,Delivered,False,False,False,False,False,False,2,4.0,3.0,1.0,1.0,38.55,6,False,0.8378,0.7318,0.75,0.1307,1.2884
SHP-000972,2024-07-27,2024-07-28,2024-07-30,Delhi,Bengaluru,2082.5,RapidFreight,Air Cargo,Express,270.8,87227.0,Delivered,False,False,False,False,False,False,1,2.0,2.0,0.0,0.0,41.89,7,False,0.3825,0.9336,0.9146,-1.0777,-0.4391
SHP-000973,2024-02-17,2024-02-17,2024-02-18,Delhi,Jaipur,330.3,TransIndia Logistics,Mini Truck,Express,1021.2,6281.0,Delivered,False,False,False,False,False,False,0,1.0,1.0,0.0,0.0,19.02,2,False,0.559,0.2926,0.2607,-1.6819,-0.4391
SHP-000974,2024-10-16,2024-10-19,2024-10-21,Ahmedabad,Pune,620.8,RapidFreight,Mini Truck,Standard,1477.6,10177.0,Delivered,False,False,False,False,False,False,3,2.0,2.0,0.0,0.0,16.39,10,False,0.6081,0.5121,0.3806,-1.0777,-0.4391
SHP-000975,2024-10-05,2024-10-06,2024-10-09,Mumbai,Jaipur,1128.3,SafeHaul,Container,Express,28000.0,66120.0,Delivered,False,False,False,False,False,False,1,3.0,3.0,0.0,0.0,58.6,10,False,1.0,0.7201,0.8458,-0.4735,-0.4391
SHP-000976,2024-11-01,2024-11-01,2024-11-06,Kolkata,Jaipur,1664.9,SafeHaul,Truck,Standard,2173.2,41963.0,Delivered,False,False,False,False,False,False,0,5.0,5.0,0.0,0.0,25.2,11,False,0.6595,0.8556,0.7328,0.7348,-0.4391
SHP-000977,2024-05-12,2024-05-13,2024-05-18,Bengaluru,Patna,1938.0,TransIndia Logistics,Truck,Standard,4752.5,48426.0,Delivered,False,False,True,False,False,False,1,5.0,5.0,0.0,0.0,24.99,5,False,0.7637,0.9085,0.7684,0.7348,-0.4391
SHP-000978,2024-06-27,2024-06-27,2024-06-30,Bengaluru,Mumbai,1140.6,RapidFreight,Truck,Express,3843.6,34137.0,Delivered,False,False,False,False,False,False,0,3.0,3.0,0.0,0.0,29.93,6,False,0.7355,0.7239,0.6814,-0.4735,-0.4391
SHP-000979,2024-03-09,2024-03-11,2024-03-17,Bengaluru,Lucknow,2222.0,GreenLine Carriers,Truck,Standard,6030.4,55126.0,Delivered,False,True,False,False,False,False,2,6.0,6.0,0.0,0.0,24.81,3,False,0.7955,0.9562,0.8006,1.339,-0.4391
SHP-000980,2024-12-20,2024-12-21,2024-12-26,Delhi,Pune,1472.3,GreenLine Carriers,Mini Truck,Express,705.7,25602.0,Delivered,False,False,False,False,False,False,1,5.0,5.0,0.0,0.0,17.39,12,False,0.5098,0.8128,0.6099,0.7348,-0.4391
SHP-000981,2024-02-05,2024-02-05,2024-02-06,Ahmedabad,Lucknow,1146.8,RapidFreight,Air Cargo,Standard,157.7,39236.0,Delivered,False,True,False,False,False,False,0,1.0,1.0,0.0,0.0,34.21,2,False,0.3108,0.7258,0.7161,-1.6819,-0.4391
SHP-000982,2024-09-17,2024-09-18,2024-09-21,Hyderabad,Lucknow,1262.5,BharatCargo,Container,Standard,20059.8,52719.0,Delivered,False,False,False,False,False,False,1,3.0,3.0,0.0,0.0,41.76,9,False,0.9556,0.7593,0.7895,-0.4735,-0.4391
SHP-000983,2024-10-06,2024-10-06,2024-10-10,Chennai,Mumbai,1309.7,BharatCargo,Container,Standard,9521.6,43596.0,Delivered,False,False,False,False,False,False,0,4.0,3.0,1.0,1.0,33.29,10,False,0.8563,0.772,0.7422,0.1307,1.2884
SHP-000984,2024-03-05,2024-03-05,2024-03-07,Bengaluru,Hyderabad,631.4,RapidFreight,Truck,Express,3212.6,20927.0,Delivered,False,False,False,False,False,False,0,2.0,2.0,0.0,0.0,33.14,3,False,0.7116,0.518,0.5598,-1.0777,-0.4391
SHP-000985,2024-05-29,2024-05-29,2024-06-03,Delhi,Kolkata,1624.8,GreenLine Carriers,Truck,Standard,3245.4,34082.0,Delivered,False,False,False,False,False,False,0,5.0,5.0,0.0,0.0,20.98,5,False,0.7129,0.8471,0.681,0.7348,-0.4391
SHP-000986,2024-01-18,2024-01-18,2024-01-21,Ahmedabad,Delhi,1001.7,RapidFreight,Truck,Express,4833.5,31248.0,Delivered,False,False,False,False,False,False,0,3.0,3.0,0.0,0.0,31.19,1,False,0.766,0.6787,0.6595,-0.4735,-0.4391
SHP-000987,2024-08-14,2024-08-15,2024-08-20,Mumbai,Lucknow,1553.4,RapidFreight,Container,Standard,9107.1,57544.0,Delivered,False,False,False,False,False,False,1,5.0,4.0,1.0,1.0,37.04,8,False,0.8504,0.8315,0.8112,0.7348,1.2884
SHP-000988,2024-12-30,2024-12-31,2025-01-02,Delhi,Lucknow,540.5,RapidFreight,Mini Truck,Standard,679.9,7887.0,Delivered,False,False,True,False,False,False,1,2.0,2.0,0.0,0.0,14.59,12,False,0.5048,0.4639,0.3173,-1.0777,-0.4391
SHP-000989,2024-06-24,2024-06-25,2024-06-29,Mumbai,Lucknow,1509.9,SafeHaul,Container,Standard,13212.1,59667.0,Delivered,False,False,False,False,False,False,1,4.0,4.0,0.0,0.0,39.52,6,False,0.8999,0.8216,0.8202,0.1307,-0.4391
SHP-000990,2024-12-28,2024-12-30,2024-12-31,Hyderabad,Jaipur,1340.1,TransIndia Logistics,Air Cargo,Standard,68.3,45849.0,Delivered,False,False,True,True,False,False,2,1.0,1.0,0.0,0.0,34.21,12,False,0.2004,0.78,0.7548,-1.6819,-0.4391
SHP-000991,2024-02-21,2024-02-22,2024-02-27,Kolkata,Pune,2069.2,SafeHaul,Container,Standard,19008.3,78293.0,Delivered,False,False,False,True,False,False,1,5.0,5.0,0.0,0.0,37.84,2,False,0.9484,0.9314,0.8878,0.7348,-0.4391
SHP-000992,2024-06-09,2024-06-09,2024-06-14,Chennai,Patna,1897.2,SafeHaul,Truck,Standard,5789.6,47702.0,Delivered,False,False,False,False,False,False,0,5.0,5.0,0.0,0.0,25.14,6,False,0.79,0.9011,0.7646,0.7348,-0.4391
SHP-000993,2024-12-01,2024-12-02,2024-12-06,Hyderabad,Lucknow,1435.8,RapidFreight,Truck,Standard,11351.5,45282.0,Delivered,False,False,False,False,False,False,1,4.0,4.0,0.0,0.0,31.54,12,False,0.8797,0.8041,0.7517,0.1307,-0.4391
SHP-000994,2024-11-24,2024-11-25,2024-11-30,Mumbai,Patna,1918.3,SafeHaul,Truck,Standard,5337.4,48231.0,Delivered,False,False,False,False,False,False,1,5.0,5.0,0.0,0.0,25.14,11,False,0.7792,0.905,0.7674,0.7348,-0.4391
SHP-000995,2024-05-12,2024-05-13,2024-05-17,Ahmedabad,Patna,1622.8,BharatCargo,Truck,Standard,5913.5,36519.0,Delivered,True,False,False,False,False,False,1,4.0,5.0,-1.0,0.0,22.5,5,False,0.7928,0.8467,0.6982,0.1307,-2.1666
SHP-000996,2024-09-28,2024-09-29,2024-10-04,Bengaluru,Kolkata,1883.1,BharatCargo,Container,Express,11497.0,89609.0,Delivered,False,False,False,False,False,False,1,5.0,5.0,0.0,0.0,47.59,9,False,0.8814,0.8985,0.9213,0.7348,-0.4391
SHP-000997,2024-11-26,2024-11-27,2024-12-03,Kolkata,Ahmedabad,2009.2,SafeHaul,Truck,Standard,5974.7,49423.0,Delivered,False,False,False,False,False,False,1,6.0,6.0,0.0,0.0,24.6,11,False,0.7942,0.9211,0.7734,1.339,-0.4391
SHP-000998,2024-10-24,2024-10-24,2024-10-25,Delhi,Jaipur,288.2,GreenLine Carriers,Mini Truck,Express,1073.2,6559.0,Delivered,False,False,False,False,False,False,0,1.0,1.0,0.0,0.0,22.76,10,False,0.5656,0.2453,0.2715,-1.6819,-0.4391
SHP-000999,2024-09-09,2024-09-09,2024-09-11,Ahmedabad,Patna,1720.7,TransIndia Logistics,Air Cargo,Standard,99.4,58147.0,Delivered,False,False,True,False,False,False,0,2.0,2.0,0.0,0.0,33.79,9,False,0.2498,0.8671,0.8138,-1.0777,-0.4391
SHP-001000,2024-03-03,2024-03-04,2024-03-07,Mumbai,Hyderabad,805.9,SafeHaul,Mini Truck,Express,955.4,11138.0,Delivered,False,False,False,False,False,False,1,3.0,3.0,0.0,0.0,13.82,3,False,0.5501,0.6029,0.4031,-0.4735,-0.4391
SHP-001001,2024-01-30,2024-01-30,2024-02-05,Delhi,Kolkata,1741.7,BharatCargo,Mini Truck,Standard,429.8,20170.0,Delivered,False,False,False,False,False,False,0,6.0,5.0,1.0,1.0,11.58,1,False,0.4438,0.8713,0.5507,1.339,1.2884
SHP-001002,2024-09-04,2024-09-05,2024-09-13,Bengaluru,Delhi,2261.9,RapidFreight,Mini Truck,Standard,1103.8,28328.0,Delivered,False,False,False,False,False,False,1,8.0,7.0,1.0,1.0,12.52,9,False,0.5693,0.9624,0.6351,2.5474,1.2884
SHP-001003,2024-07-23,2024-07-24,2024-07-30,Delhi,Pune,1513.4,SafeHaul,Truck,Standard,4236.8,33378.0,Delivered,False,False,False,False,False,False,1,6.0,4.0,2.0,1.0,22.05,7,True,0.7484,0.8224,0.6759,1.339,3.0159
SHP-001004,2024-04-07,2024-04-08,2024-04-12,Delhi,Pune,1572.9,SafeHaul,Container,Standard,18861.9,48313.0,Delivered,False,False,False,False,False,False,1,4.0,4.0,0.0,0.0,30.72,4,False,0.9474,0.8358,0.7678,0.1307,-0.4391
SHP-001005,2024-04-29,2024-04-29,2024-05-01,Kolkata,Ahmedabad,2110.8,SafeHaul,Air Cargo,Standard,159.4,62915.0,Delivered,False,False,False,False,False,False,0,2.0,2.0,0.0,0.0,29.81,4,False,0.3122,0.9383,0.8334,-1.0777,-0.4391
SHP-001006,2024-06-09,2024-06-11,2024-06-13,Mumbai,Lucknow,1533.4,SafeHaul,Air Cargo,Standard,157.7,58344.0,Delivered,False,True,False,False,False,False,2,2.0,2.0,0.0,0.0,38.05,6,False,0.3108,0.827,0.8147,-1.0777,-0.4391
SHP-001007,2024-07-21,2024-07-22,2024-07-26,Ahmedabad,Bengaluru,1556.55,BharatCargo,Container,Express,9347.7,61218.0,Delivered,True,False,True,False,False,False,1,4.0,4.0,0.0,0.0,39.33,7,False,0.8538,0.8322,0.8266,0.1307,-0.4391
SHP-001008,2024-06-08,2024-06-11,2024-06-15,Mumbai,Jaipur,1183.1,RapidFreight,Truck,Standard,2474.5,25658.0,Delivered,False,False,False,False,False,False,3,4.0,3.0,1.0,1.0,21.69,6,False,0.6768,0.7366,0.6105,0.1307,1.2884
SHP-001009,2024-06-07,2024-06-09,2024-06-14,Chennai,Ahmedabad,1734.6,RapidFreight,Truck,Standard,6030.4,40767.0,Delivered,False,True,False,False,False,False,2,5.0,5.0,0.0,0.0,23.5,6,False,0.7955,0.8699,0.7256,0.7348,-0.4391
SHP-001010,2024-02-17,2024-02-18,2024-02-23,Bengaluru,Kolkata,1930.7,SafeHaul,Truck,Express,2614.3,56393.0,Delivered,False,False,False,True,False,False,1,5.0,5.0,0.0,0.0,29.21,2,False,0.6841,0.9072,0.8062,0.7348,-0.4391
SHP-001011,2024-11-21,2024-11-23,2024-11-28,Kolkata,Jaipur,1786.0,GreenLine Carriers,Truck,Standard,2617.2,39544.0,Delivered,False,False,False,False,False,False,2,5.0,5.0,0.0,0.0,22.14,11,False,0.6843,0.8801,0.718,0.7348,-0.4391
SHP-001012,2024-09-02,2024-09-02,2024-09-04,Kolkata,Delhi,1750.9,SafeHaul,Air Cargo,Standard,279.3,63355.0,Delivered,False,False,False,False,False,False,0,2.0,2.0,0.0,0.0,36.18,9,False,0.3866,0.8732,0.8352,-1.0777,-0.4391
SHP-001013,2024-02-29,2024-03-01,2024-03-06,Bengaluru,Patna,2057.2,SafeHaul,Container,Express,13979.5,97385.0,Delivered,False,False,False,True,False,False,1,5.0,5.0,0.0,0.0,47.34,2,False,0.9075,0.9293,0.942,0.7348,-0.4391
SHP-001014,2024-06-22,2024-06-23,2024-06-27,Ahmedabad,Lucknow,1274.0,SafeHaul,Mini Truck,Express,524.9,16985.0,Delivered,False,False,True,False,False,False,1,4.0,4.0,0.0,0.0,13.33,6,False,0.4704,0.7624,0.5079,0.1307,-0.4391
SHP-001015,2024-06-19,2024-06-20,2024-06-21,Mumbai,Pune,142.1,RapidFreight,Mini Truck,Express,555.0,2200.0,Delivered,False,False,True,False,False,False,1,1.0,1.0,0.0,0.0,15.48,6,False,0.4778,0.0,0.0,-1.6819,-0.4391
SHP-001016,2024-08-30,2024-08-30,2024-09-01,Delhi,Lucknow,532.4,RapidFreight,Mini Truck,Express,489.2,8591.0,Delivered,False,False,False,True,False,False,0,2.0,2.0,0.0,0.0,16.14,8,False,0.461,0.4586,0.3385,-1.0777,-0.4391
SHP-001017,2024-09-02,2024-09-03,2024-09-06,Chennai,Delhi,2243.6,RapidFreight,Air Cargo,Standard,781.3,87967.0,Delivered,False,False,False,False,False,False,1,3.0,2.0,1.0,1.0,39.21,9,False,0.5233,0.9596,0.9167,-0.4735,1.2884
SHP-001018,2024-09-16,2024-09-17,2024-09-23,Hyderabad,Patna,1420.8,GreenLine Carriers,Mini Truck,Standard,450.2,16604.0,Delivered,False,False,False,False,False,False,1,6.0,5.0,1.0,1.0,11.69,9,False,0.45,0.8004,0.5023,1.339,1.2884
SHP-001019,2024-10-04,2024-10-05,2024-10-10,Delhi,Ahmedabad,1087.6,RapidFreight,Mini Truck,Standard,316.7,14500.0,Delivered,False,False,True,False,False,False,1,5.0,4.0,1.0,1.0,13.33,10,False,0.4033,0.7073,0.4686,0.7348,1.2884
SHP-001020,2024-02-12,2024-02-13,2024-02-17,Bengaluru,Pune,938.2,SafeHaul,Mini Truck,Express,1128.6,13690.0,Delivered,False,False,True,False,False,False,1,4.0,3.0,1.0,1.0,14.59,2,False,0.5723,0.6559,0.4543,0.1307,1.2884
SHP-001021,2024-05-04,2024-05-04,2024-05-08,Hyderabad,Jaipur,1379.0,BharatCargo,Unknown,Express,12981.7,76827.0,Delivered,False,False,False,False,False,False,0,4.0,4.0,0.0,0.0,55.71,5,False,0.8976,0.79,0.8831,0.1307,-0.4391
SHP-001022,2024-01-08,2024-01-10,2024-01-12,Chennai,Hyderabad,660.2,SafeHaul,Truck,Standard,6030.4,26026.0,Delivered,False,True,False,False,False,False,2,2.0,2.0,0.0,0.0,39.42,1,False,0.7955,0.5335,0.614,-1.0777,-0.4391
SHP-001023,2024-07-04,2024-07-04,2024-07-10,Ahmedabad,Patna,1536.5,RapidFreight,Container,Standard,11645.1,55648.0,Delivered,False,False,False,False,False,False,0,6.0,4.0,2.0,1.0,36.22,7,True,0.8831,0.8277,0.8029,1.339,3.0159
SHP-001024,2024-06-24,2024-06-25,2024-06-28,Bengaluru,Hyderabad,620.0,GreenLine Carriers,Truck,Standard,9967.7,20659.0,Delivered,False,False,False,False,False,False,1,3.0,2.0,1.0,1.0,33.32,6,False,0.8624,0.5116,0.5566,-0.4735,1.2884
SHP-001025,2024-10-15,2024-10-18,2024-10-23,Kolkata,Jaipur,1805.5,BharatCargo,Truck,Standard,11485.4,49194.0,Delivered,False,False,False,False,False,False,3,5.0,5.0,0.0,0.0,27.25,10,False,0.8813,0.8839,0.7723,0.7348,-0.4391
SHP-001026,2024-03-09,2024-03-10,2024-03-12,Mumbai,Kolkata,2063.9,GreenLine Carriers,Air Cargo,Express,89.1,77225.0,Delivered,False,False,False,True,False,False,1,2.0,2.0,0.0,0.0,37.42,3,False,0.2354,0.9305,0.8844,-1.0777,-0.4391
SHP-001027,2024-09-11,2024-09-11,2024-09-17,Ahmedabad,Kolkata,2003.2,SafeHaul,Truck,Standard,3842.1,42747.0,Delivered,False,False,False,True,False,False,0,6.0,6.0,0.0,0.0,21.34,9,False,0.7354,0.9201,0.7374,1.339,-0.4391
SHP-001028,2024-05-05,2024-05-06,2024-05-11,Mumbai,Delhi,1462.9,BharatCargo,Mini Truck,Standard,1092.1,20614.0,Delivered,True,False,False,False,False,False,1,5.0,5.0,0.0,0.0,14.09,5,False,0.5679,0.8106,0.5561,0.7348,-0.4391
SHP-001029,2024-06-05,2024-06-06,2024-06-12,Chennai,Ahmedabad,1850.1,TransIndia Logistics,Container,Express,17120.4,89901.0,Delivered,False,False,False,False,False,False,1,6.0,5.0,1.0,1.0,48.59,6,False,0.9345,0.8924,0.9221,1.339,1.2884
SHP-001030,2024-10-10,2024-10-13,2024-10-20,Bengaluru,Kolkata,2039.0,SafeHaul,Truck,Standard,2573.8,41729.0,Delivered,False,False,False,False,False,False,3,7.0,6.0,1.0,1.0,20.47,10,False,0.682,0.9262,0.7314,1.9432,1.2884
SHP-001031,2024-01-30,2024-01-31,2024-02-05,Kolkata,Bengaluru,1961.3,RapidFreight,Truck,Standard,6030.4,45786.0,Delivered,False,True,False,False,False,False,1,5.0,5.0,0.0,0.0,23.34,1,False,0.7955,0.9127,0.7544,0.7348,-0.4391
SHP-001032,2024-05-20,2024-05-21,2024-05-23,Chennai,Jaipur,2037.3,SafeHaul,Air Cargo,Standard,14.4,68846.0,Delivered,False,False,True,True,True,False,1,2.0,2.0,0.0,0.0,33.79,5,False,0.0,0.926,0.8558,-1.0777,-0.4391
SHP-001033,2024-06-08,2024-06-08,2024-06-10,Bengaluru,Chennai,360.0,SafeHaul,Mini Truck,Standard,1000.6,4965.0,Delivered,False,False,False,False,False,False,0,2.0,2.0,0.0,0.0,13.79,6,False,0.5562,0.3226,0.2023,-1.0777,-0.4391
SHP-001034,2024-10-09,2024-10-10,2024-10-12,Ahmedabad,Mumbai,539.9,SafeHaul,Mini Truck,Standard,598.2,7021.0,Delivered,False,False,False,False,False,False,1,2.0,2.0,0.0,0.0,13.0,10,False,0.4878,0.4635,0.2884,-1.0777,-0.4391
SHP-001035,2024-03-22,2024-03-22,2024-03-28,Bengaluru,Delhi,2133.6,TransIndia Logistics,Truck,Standard,5443.8,53314.0,Delivered,False,False,True,False,False,False,0,6.0,6.0,0.0,0.0,24.99,3,False,0.7818,0.942,0.7923,1.339,-0.4391
SHP-001036,2024-12-15,2024-12-17,2024-12-21,Kolkata,Chennai,1695.5,SafeHaul,Container,Standard,13476.0,67950.0,Delivered,False,True,False,False,False,False,2,4.0,4.0,0.0,0.0,40.08,12,False,0.9026,0.862,0.8526,0.1307,-0.4391
SHP-001037,2024-12-31,2025-01-01,,Mumbai,Lucknow,1465.9,BharatCargo,Mini Truck,Standard,362.2,19261.0,In Transit,False,False,False,False,False,False,1,,5.0,,,13.14,12,False,0.4211,0.8113,0.5392,,
SHP-001038,2024-11-08,2024-11-09,2024-11-14,Bengaluru,Patna,1932.5,BharatCargo,Truck,Standard,4504.1,46078.0,Delivered,False,False,False,False,False,False,1,5.0,5.0,0.0,0.0,23.84,11,False,0.7566,0.9076,0.756,0.7348,-0.4391
SHP-001039,2024-05-02,2024-05-04,2024-05-09,Bengaluru,Lucknow,2043.5,RapidFreight,Container,Standard,11064.5,79183.0,Delivered,False,False,False,False,False,False,2,5.0,5.0,0.0,0.0,38.75,5,False,0.8763,0.927,0.8906,0.7348,-0.4391
SHP-001040,2024-09-23,2024-09-24,2024-10-02,Delhi,Chennai,2268.3,SafeHaul,Container,Express,14589.5,107271.0,Delivered,False,False,False,False,False,False,1,8.0,6.0,2.0,1.0,47.29,9,True,0.9131,0.9634,0.966,2.5474,3.0159
SHP-001041,2024-02-03,2024-02-03,2024-02-06,Delhi,Bengaluru,2378.1,Unknown,Air Cargo,Standard,268.8,70511.0,Delivered,False,False,False,False,False,False,0,3.0,2.0,1.0,1.0,29.65,2,False,0.3815,0.9798,0.8618,-0.4735,1.2884
SHP-001042,2024-11-22,2024-11-23,2024-11-29,Kolkata,Mumbai,2060.6,RapidFreight,Truck,Standard,18000.0,52686.0,Delivered,False,False,False,False,False,False,1,6.0,6.0,0.0,0.0,25.57,11,False,0.9411,0.9299,0.7893,1.339,-0.4391
SHP-001043,2024-07-29,2024-07-30,2024-08-06,Kolkata,Bengaluru,2021.3,TransIndia Logistics,Truck,Express,5928.4,57534.0,Delivered,False,False,False,False,False,False,1,7.0,6.0,1.0,1.0,28.46,7,False,0.7932,0.9232,0.8112,1.9432,1.2884
SHP-001044,2024-03-13,2024-03-13,2024-03-15,Kolkata,Patna,607.3,RapidFreight,Unknown,Standard,11716.5,22492.0,Delivered,False,False,False,False,False,False,0,2.0,2.0,0.0,0.0,37.04,3,False,0.8839,0.5044,0.5777,-1.0777,-0.4391
SHP-001045,2024-05-13,2024-05-15,2024-05-16,Delhi,Jaipur,297.8,RapidFreight,Truck,Standard,3646.5,9424.0,Delivered,False,False,False,False,False,False,2,1.0,1.0,0.0,0.0,31.65,5,False,0.7284,0.2566,0.3615,-1.6819,-0.4391
SHP-001046,2024-11-03,2024-11-04,2024-11-08,Mumbai,Bengaluru,1114.3,TransIndia Logistics,Mini Truck,Express,256.2,15854.0,Delivered,False,False,False,False,False,False,1,4.0,4.0,0.0,0.0,14.23,11,False,0.3751,0.7158,0.4908,0.1307,-0.4391
SHP-001047,2024-11-22,2024-11-23,2024-11-26,Delhi,Ahmedabad,1023.7,SafeHaul,Unknown,Standard,4856.8,14370.0,Delivered,False,False,True,False,False,False,1,3.0,3.0,0.0,0.0,14.04,11,False,0.7666,0.6862,0.4664,-0.4735,-0.4391
SHP-001048,2024-07-31,2024-08-01,2024-08-06,Chennai,Pune,1185.5,TransIndia Logistics,Mini Truck,Standard,268.4,14144.0,Delivered,False,False,False,False,False,False,1,5.0,4.0,1.0,1.0,11.93,7,False,0.3813,0.7373,0.4624,0.7348,1.2884
SHP-001049,2024-07-15,2024-07-15,2024-07-19,Hyderabad,Kolkata,1497.9,BharatCargo,Container,Standard,14072.1,57428.0,Delivered,False,False,False,False,False,False,0,4.0,4.0,0.0,0.0,38.34,7,False,0.9083,0.8188,0.8107,0.1307,-0.4391
SHP-001050,2024-10-20,2024-10-20,2024-10-22,Mumbai,Lucknow,1507.4,SafeHaul,Air Cargo,Standard,68.7,44748.0,Delivered,False,False,False,False,False,False,0,2.0,2.0,0.0,0.0,29.69,10,False,0.2012,0.821,0.7487,-1.0777,-0.4391
SHP-001051,2024-11-10,2024-11-12,2024-11-18,Kolkata,Hyderabad,1430.5,GreenLine Carriers,Truck,Standard,1857.4,35955.0,Delivered,False,False,False,False,False,False,2,6.0,4.0,2.0,1.0,25.13,11,True,0.6386,0.8028,0.6943,1.339,3.0159
SHP-001052,2024-10-24,2024-10-25,2024-10-27,Delhi,Kolkata,1614.5,BharatCargo,Air Cargo,Standard,851.2,63672.0,Delivered,False,False,False,False,False,False,1,2.0,2.0,0.0,0.0,39.44,10,False,0.5347,0.8449,0.8364,-1.0777,-0.4391
SHP-001053,2024-06-06,2024-06-07,2024-06-08,Mumbai,Lucknow,1491.2,RapidFreight,Air Cargo,Standard,87.6,47019.0,Delivered,False,False,False,False,False,False,1,1.0,1.0,0.0,0.0,31.53,6,False,0.2331,0.8172,0.761,-1.6819,-0.4391
SHP-001054,2024-09-14,2024-09-15,2024-09-17,Delhi,Lucknow,509.6,RapidFreight,Mini Truck,Express,262.0,8164.0,Delivered,False,False,False,True,False,False,1,2.0,2.0,0.0,0.0,16.02,9,False,0.3781,0.4434,0.3259,-1.0777,-0.4391
SHP-001055,2024-11-18,2024-11-18,2024-11-22,Mumbai,Delhi,1494.3,GreenLine Carriers,Truck,Standard,10284.8,36335.0,Delivered,False,False,False,False,False,False,0,4.0,4.0,0.0,0.0,24.32,11,False,0.8666,0.818,0.697,0.1307,-0.4391
SHP-001056,2024-03-03,2024-03-04,2024-03-09,Chennai,Lucknow,2055.9,BharatCargo,Container,Standard,10848.7,76878.0,Delivered,False,False,False,False,False,False,1,5.0,5.0,0.0,0.0,37.39,3,False,0.8737,0.9291,0.8832,0.7348,-0.4391
SHP-001057,2024-06-07,2024-06-08,2024-06-12,Ahmedabad,Lucknow,1166.7,BharatCargo,Mini Truck,Standard,1346.4,16822.0,Delivered,False,False,False,False,False,False,1,4.0,4.0,0.0,0.0,14.42,6,False,0.5958,0.7318,0.5055,0.1307,-0.4391
SHP-001058,2024-01-24,2024-01-24,2024-01-27,Mumbai,Jaipur,1191.1,SafeHaul,Truck,Express,3864.1,39525.0,Delivered,False,False,False,False,False,False,0,3.0,3.0,0.0,0.0,33.18,1,False,0.7362,0.739,0.7179,-0.4735,-0.4391
SHP-001059,2024-06-16,2024-06-19,2024-06-24,Bengaluru,Kolkata,1915.0,GreenLine Carriers,Truck,Standard,4337.2,41279.0,Delivered,False,False,False,False,False,False,3,5.0,5.0,0.0,0.0,21.56,6,False,0.7515,0.9044,0.7287,0.7348,-0.4391
SHP-001060,2024-10-26,2024-10-29,2024-10-30,Chennai,Pune,1155.9,BharatCargo,Air Cargo,Standard,211.8,34608.0,Delivered,False,False,False,False,False,False,3,1.0,1.0,0.0,0.0,29.94,10,False,0.3499,0.7285,0.6849,-1.6819,-0.4391
SHP-001061,2024-03-21,2024-03-22,2024-03-25,Ahmedabad,Hyderabad,1094.4,SafeHaul,Truck,Standard,8565.1,29343.0,Delivered,False,False,False,False,False,False,1,3.0,3.0,0.0,0.0,26.81,3,False,0.8422,0.7095,0.6438,-0.4735,-0.4391
SHP-001062,2024-08-08,2024-08-11,2024-08-16,Kolkata,Pune,2064.0,GreenLine Carriers,Container,Standard,18320.6,85992.0,Delivered,False,False,False,False,False,False,3,5.0,5.0,0.0,0.0,41.66,8,False,0.9435,0.9305,0.9111,0.7348,-0.4391
SHP-001063,2024-01-15,2024-01-15,2024-01-16,Mumbai,Pune,150.0,RapidFreight,Mini Truck,Standard,663.3,2662.0,Returned,False,False,False,False,False,False,0,1.0,1.0,0.0,0.0,17.75,1,False,0.5015,0.0187,0.0474,-1.6819,-0.4391
SHP-001064,2024-11-29,2024-11-30,2024-12-07,Kolkata,Pune,2097.1,SafeHaul,Truck,Express,8239.4,66964.0,Delivered,False,False,False,False,False,False,1,7.0,6.0,1.0,1.0,31.93,11,False,0.837,0.936,0.8489,1.9432,1.2884
SHP-001065,2024-11-08,2024-11-10,2024-11-12,Mumbai,Patna,1841.3,RapidFreight,Air Cargo,Standard,316.2,55397.0,Delivered,False,False,False,False,False,False,2,2.0,2.0,0.0,0.0,30.09,11,False,0.4031,0.8907,0.8018,-1.0777,-0.4391
SHP-001066,2024-08-02,2024-08-02,2024-08-08,Ahmedabad,Patna,1622.8,RapidFreight,Mini Truck,Standard,789.5,19667.0,Delivered,True,False,False,False,False,False,0,6.0,5.0,1.0,1.0,12.12,8,False,0.5247,0.8467,0.5444,1.339,1.2884
SHP-001067,2024-10-07,2024-10-08,2024-10-14,Mumbai,Patna,1766.3,RapidFreight,Truck,Standard,5507.8,36155.0,Delivered,False,False,False,False,False,False,1,6.0,5.0,1.0,1.0,20.47,10,False,0.7834,0.8762,0.6957,1.339,1.2884
SHP-001068,2024-02-12,2024-02-14,2024-02-20,Chennai,Delhi,2270.0,BharatCargo,Truck,Standard,2520.8,50942.0,Delivered,False,False,False,False,False,False,2,6.0,6.0,0.0,0.0,22.44,2,False,0.6793,0.9636,0.7809,1.339,-0.4391
SHP-001069,2024-11-15,2024-11-16,2024-11-20,Delhi,Mumbai,1521.0,RapidFreight,Container,Standard,17266.5,51687.0,Delivered,False,False,False,False,False,False,1,4.0,4.0,0.0,0.0,33.98,11,False,0.9356,0.8241,0.7846,0.1307,-0.4391
SHP-001070,2024-10-09,2024-10-10,2024-10-16,Bengaluru,Lucknow,2047.9,TransIndia Logistics,Truck,Express,6153.8,66890.0,Delivered,False,False,False,False,False,False,1,6.0,6.0,0.0,0.0,32.66,10,False,0.7982,0.9278,0.8486,1.339,-0.4391
SHP-001071,2024-02-19,2024-02-20,2024-02-24,Hyderabad,Lucknow,1510.7,BharatCargo,Truck,Standard,4681.4,40189.0,Delivered,False,False,False,False,False,False,1,4.0,4.0,0.0,0.0,26.6,2,False,0.7617,0.8218,0.722,0.1307,-0.4391
SHP-001072,2024-12-25,2024-12-25,2024-12-27,Kolkata,Patna,634.1,BharatCargo,Truck,Standard,12915.4,21914.0,Delivered,False,False,False,False,False,False,0,2.0,2.0,0.0,0.0,34.56,12,False,0.8969,0.5195,0.5713,-1.0777,-0.4391
SHP-001073,2024-01-10,2024-01-10,2024-01-14,Bengaluru,Mumbai,1068.8,SafeHaul,Mini Truck,Standard,297.2,11858.0,Delivered,False,False,False,True,False,False,0,4.0,4.0,0.0,0.0,11.09,1,False,0.3948,0.7012,0.4186,0.1307,-0.4391
SHP-001074,2024-09-09,2024-09-09,2024-09-12,Ahmedabad,Pune,654.6,GreenLine Carriers,Mini Truck,Standard,1877.1,9552.0,Delivered,False,False,True,False,False,False,0,3.0,2.0,1.0,1.0,14.59,9,False,0.64,0.5305,0.3649,-0.4735,1.2884
SHP-001075,2024-03-11,2024-03-13,2024-03-16,Hyderabad,Mumbai,809.6,BharatCargo,Truck,Standard,5920.3,24333.0,Delivered,False,False,False,False,False,False,2,3.0,3.0,0.0,0.0,30.06,3,False,0.793,0.6045,0.5973,-0.4735,-0.4391
SHP-001076,2024-10-10,2024-10-11,2024-10-15,Mumbai,Bengaluru,1045.8,RapidFreight,Mini Truck,Standard,846.9,14025.0,Delivered,False,False,False,False,False,False,1,4.0,3.0,1.0,1.0,13.41,10,False,0.5341,0.6937,0.4603,0.1307,1.2884
SHP-001077,2024-01-29,2024-01-30,2024-02-01,Bengaluru,Chennai,389.3,RapidFreight,Mini Truck,Standard,552.3,5796.0,Delivered,False,False,False,False,False,False,1,2.0,2.0,0.0,0.0,14.89,1,False,0.4772,0.3498,0.2407,-1.0777,-0.4391
SHP-001078,2024-02-03,2024-02-04,2024-02-10,Bengaluru,Delhi,2258.8,TransIndia Logistics,Container,Express,7811.4,99298.0,Delivered,False,False,False,False,False,False,1,6.0,6.0,0.0,0.0,43.96,2,False,0.8299,0.9619,0.9468,1.339,-0.4391
SHP-001079,2024-07-09,2024-07-10,2024-07-14,Kolkata,Jaipur,1755.0,TransIndia Logistics,Container,Express,13332.4,78511.0,Delivered,False,False,False,False,False,False,1,4.0,4.0,0.0,0.0,44.74,7,False,0.9011,0.874,0.8885,0.1307,-0.4391
SHP-001080,2024-12-30,2024-12-30,,Mumbai,Patna,1910.7,BharatCargo,Unknown,Express,3849.1,57758.0,In Transit,False,True,False,False,False,False,0,,5.0,,,30.23,12,False,0.7356,0.9036,0.8122,,
SHP-001081,2024-04-23,2024-04-23,2024-04-26,Mumbai,Bengaluru,1156.7,RapidFreight,Truck,Express,9002.4,33696.0,Delivered,False,False,False,False,False,False,0,3.0,3.0,0.0,0.0,29.13,4,False,0.8488,0.7288,0.6782,-0.4735,-0.4391
SHP-001082,2024-09-04,2024-09-05,2024-09-10,Ahmedabad,Hyderabad,1126.8,SafeHaul,Mini Truck,Standard,621.6,16808.0,Delivered,True,False,False,False,False,False,1,5.0,4.0,1.0,1.0,14.92,9,False,0.4929,0.7196,0.5053,0.7348,1.2884
SHP-001083,2024-07-31,2024-08-01,2024-08-02,Ahmedabad,Delhi,988.5,SafeHaul,Unknown,Standard,51.2,30250.0,Delivered,False,False,False,False,True,False,1,1.0,3.0,-2.0,0.0,30.6,7,False,0.1626,0.674,0.6514,-1.6819,-3.8941
SHP-001084,2024-11-14,2024-11-15,2024-11-17,Hyderabad,Bengaluru,678.1,BharatCargo,Mini Truck,Standard,277.6,9000.0,Delivered,False,False,False,False,False,False,1,2.0,2.0,0.0,0.0,13.27,11,False,0.3858,0.5428,0.3501,-1.0777,-0.4391
SHP-001085,2024-04-27,2024-04-28,2024-05-02,Ahmedabad,Hyderabad,1126.8,RapidFreight,Mini Truck,Express,2397.8,20461.0,Delivered,True,False,False,False,False,False,1,4.0,4.0,0.0,0.0,18.16,4,False,0.6726,0.7196,0.5542,0.1307,-0.4391
SHP-001086,2024-08-13,2024-08-15,2024-08-17,Chennai,Bengaluru,367.2,BharatCargo,Mini Truck,Standard,363.4,4347.0,Delivered,False,False,False,True,False,False,2,2.0,2.0,0.0,0.0,11.84,8,False,0.4215,0.3294,0.1692,-1.0777,-0.4391
SHP-001087,2024-12-16,2024-12-16,2024-12-22,Chennai,Jaipur,2057.4,SafeHaul,Truck,Standard,14125.6,59378.0,Delivered,False,False,False,True,False,False,0,6.0,6.0,0.0,0.0,28.86,12,False,0.9088,0.9294,0.819,1.339,-0.4391
SHP-001088,2024-05-15,2024-05-17,2024-05-22,Chennai,Kolkata,1752.0,GreenLine Carriers,Truck,Standard,3425.7,37527.0,Delivered,False,False,False,True,False,False,2,5.0,5.0,0.0,0.0,21.42,5,False,0.7201,0.8734,0.705,0.7348,-0.4391
SHP-001089,2024-06-28,2024-06-28,2024-07-03,Bengaluru,Mumbai,1097.7,Unknown,Mini Truck,Standard,627.4,14270.0,Delivered,False,False,False,False,False,False,0,5.0,4.0,1.0,1.0,13.0,6,False,0.4941,0.7105,0.4647,0.7348,1.2884
SHP-001090,2024-11-27,2024-11-27,2024-12-02,Bengaluru,Patna,1949.5,GreenLine Carriers,Container,Standard,17424.6,77571.0,Delivered,False,False,False,False,False,False,0,5.0,5.0,0.0,0.0,39.79,11,False,0.9368,0.9106,0.8855,0.7348,-0.4391
SHP-001091,2024-05-15,2024-05-16,2024-05-19,Mumbai,Jaipur,1105.0,BharatCargo,Truck,Standard,3668.0,26648.0,Delivered,False,False,False,False,False,False,1,3.0,3.0,0.0,0.0,24.12,5,False,0.7292,0.7128,0.6199,-0.4735,-0.4391
SHP-001092,2024-06-04,2024-06-04,2024-06-09,Kolkata,Bengaluru,1926.8,SafeHaul,Container,Standard,13476.0,73089.0,Delivered,False,True,False,False,False,False,0,5.0,5.0,0.0,0.0,37.93,6,False,0.9026,0.9065,0.8707,0.7348,-0.4391
SHP-001093,2024-05-04,2024-05-04,2024-05-08,Mumbai,Delhi,1411.8,TransIndia Logistics,Container,Express,14376.0,68236.0,Delivered,False,False,False,False,False,False,0,4.0,4.0,0.0,0.0,48.33,5,False,0.9112,0.7982,0.8536,0.1307,-0.4391
SHP-001094,2024-11-05,2024-11-07,2024-11-11,Mumbai,Lucknow,1489.8,SafeHaul,Truck,Standard,7911.1,35108.0,Delivered,False,False,False,False,False,False,2,4.0,4.0,0.0,0.0,23.57,11,False,0.8316,0.8169,0.6884,0.1307,-0.4391
SHP-001095,2024-12-10,2024-12-12,2024-12-14,Kolkata,Hyderabad,1551.8,RapidFreight,Air Cargo,Standard,114.8,51454.0,Delivered,False,False,False,False,False,False,2,2.0,2.0,0.0,0.0,33.16,12,False,0.2688,0.8311,0.7834,-1.0777,-0.4391
SHP-001096,2024-09-10,2024-09-11,2024-09-15,Bengaluru,Mumbai,1074.8,RapidFreight,Truck,Standard,8908.4,30174.0,Delivered,False,False,False,False,False,False,1,4.0,3.0,1.0,1.0,28.07,9,False,0.8474,0.7032,0.6508,0.1307,1.2884
SHP-001097,2024-09-08,2024-09-11,2024-09-12,Mumbai,Pune,155.4,TransIndia Logistics,Truck,Standard,6030.4,5587.0,Delivered,False,True,True,False,False,False,3,1.0,1.0,0.0,0.0,35.95,9,False,0.7955,0.031,0.2316,-1.6819,-0.4391
SHP-001098,2024-06-08,2024-06-09,2024-06-11,Hyderabad,Chennai,627.2,SafeHaul,Truck,Standard,5545.5,16458.0,Delivered,False,False,False,False,False,False,1,2.0,2.0,0.0,0.0,26.24,6,False,0.7843,0.5157,0.5001,-1.0777,-0.4391
SHP-001099,2024-01-06,2024-01-06,2024-01-10,Hyderabad,Lucknow,1393.5,BharatCargo,Truck,Standard,16938.5,46477.0,Delivered,True,False,False,False,False,False,0,4.0,4.0,0.0,0.0,33.35,1,False,0.933,0.7936,0.7581,0.1307,-0.4391
SHP-001100,2024-03-12,2024-03-14,2024-03-20,Delhi,Chennai,2300.0,Unknown,Truck,Standard,6030.4,48469.0,Delivered,False,True,False,False,False,False,2,6.0,6.0,0.0,0.0,21.07,3,False,0.7955,0.9682,0.7686,1.339,-0.4391
SHP-001101,2024-03-01,2024-03-01,2024-03-05,Delhi,Patna,1118.5,RapidFreight,Truck,Standard,9489.8,27196.0,Delivered,False,False,False,False,False,False,0,4.0,3.0,1.0,1.0,24.31,3,False,0.8559,0.7171,0.6249,0.1307,1.2884
SHP-001102,2024-02-17,2024-02-17,2024-02-22,Mumbai,Patna,1805.7,RapidFreight,Truck,Standard,8046.4,44298.0,Delivered,False,False,False,False,False,False,0,5.0,5.0,0.0,0.0,24.53,2,False,0.8339,0.8839,0.7462,0.7348,-0.4391
SHP-001103,2024-09-19,2024-09-20,2024-09-24,Hyderabad,Kolkata,1527.0,TransIndia Logistics,Container,Express,9631.6,70172.0,Delivered,True,False,False,False,False,False,1,4.0,4.0,0.0,0.0,45.95,9,False,0.8578,0.8255,0.8606,0.1307,-0.4391
SHP-001104,2024-02-25,2024-02-26,2024-02-28,Hyderabad,Bengaluru,695.7,BharatCargo,Mini Truck,Standard,795.8,10046.0,Delivered,False,False,False,False,False,False,1,2.0,2.0,0.0,0.0,14.44,2,False,0.5258,0.5517,0.3774,-1.0777,-0.4391
SHP-001105,2024-02-05,2024-02-06,2024-02-11,Delhi,Kolkata,1667.1,RapidFreight,Mini Truck,Standard,703.1,21085.0,Delivered,False,False,True,False,False,False,1,5.0,5.0,0.0,0.0,12.65,2,False,0.5093,0.8561,0.5617,0.7348,-0.4391
SHP-001106,2024-06-05,2024-06-06,2024-06-09,Chennai,Pune,1137.8,BharatCargo,Container,Standard,10385.8,44068.0,Delivered,False,False,False,False,False,False,1,3.0,3.0,0.0,0.0,38.73,6,False,0.8679,0.723,0.7449,-0.4735,-0.4391
SHP-001107,2024-04-11,2024-04-12,2024-04-15,Delhi,Ahmedabad,986.0,GreenLine Carriers,Truck,Standard,7437.7,27087.0,Delivered,False,False,False,False,False,False,1,3.0,3.0,0.0,0.0,27.47,4,False,0.8234,0.6732,0.6239,-0.4735,-0.4391
SHP-001108,2024-02-29,2024-03-01,2024-03-05,Mumbai,Lucknow,1534.9,RapidFreight,Container,Express,14735.5,77078.0,Delivered,False,False,False,False,False,False,1,4.0,4.0,0.0,0.0,50.22,2,False,0.9145,0.8273,0.8839,0.1307,-0.4391
SHP-001109,2024-02-29,2024-03-03,2024-03-08,Ahmedabad,Chennai,1745.4,RapidFreight,Truck,Standard,5744.3,48484.0,Delivered,False,False,False,False,False,False,3,5.0,5.0,0.0,0.0,27.78,2,False,0.789,0.8721,0.7687,0.7348,-0.4391
SHP-001110,2024-04-14,2024-04-14,2024-04-19,Delhi,Chennai,2244.4,BharatCargo,Container,Standard,13668.0,85525.0,Delivered,False,False,False,True,False,False,0,5.0,5.0,0.0,0.0,38.11,4,False,0.9045,0.9597,0.9097,0.7348,-0.4391
SHP-001111,2024-08-06,2024-08-06,2024-08-09,Delhi,Patna,1029.4,RapidFreight,Container,Standard,13565.8,39525.0,Delivered,False,False,False,False,False,False,0,3.0,3.0,0.0,0.0,38.4,8,False,0.9035,0.6882,0.7179,-0.4735,-0.4391
SHP-001112,2024-10-22,2024-10-22,2024-10-26,Bengaluru,Pune,904.4,RapidFreight,Truck,Express,4812.1,28879.0,Delivered,False,False,False,False,False,False,0,4.0,3.0,1.0,1.0,31.93,10,False,0.7654,0.6431,0.6399,0.1307,1.2884
SHP-001113,2024-11-17,2024-11-17,2024-11-20,Kolkata,Lucknow,1128.2,RapidFreight,Truck,Standard,6525.1,23923.0,Delivered,False,False,False,False,False,False,0,3.0,3.0,0.0,0.0,21.2,11,False,0.806,0.7201,0.5931,-0.4735,-0.4391
SHP-001114,2024-10-20,2024-10-20,2024-10-23,Ahmedabad,Delhi,986.4,RapidFreight,Truck,Express,4077.2,30115.0,Returned,False,False,False,False,False,False,0,3.0,3.0,0.0,0.0,30.53,10,False,0.7433,0.6733,0.6503,-0.4735,-0.4391
SHP-001115,2024-09-09,2024-09-10,2024-09-17,Ahmedabad,Kolkata,2024.9,SafeHaul,Truck,Standard,18000.0,59749.0,Delivered,False,False,False,False,False,False,1,7.0,6.0,1.0,1.0,29.51,9,False,0.9411,0.9238,0.8206,1.9432,1.2884
SHP-001116,2024-12-02,2024-12-04,2024-12-09,Delhi,Chennai,2231.3,RapidFreight,Container,Standard,8548.8,85025.0,Delivered,False,False,False,False,False,False,2,5.0,5.0,0.0,0.0,38.11,12,False,0.8419,0.9576,0.9083,0.7348,-0.4391
SHP-001117,2024-07-31,2024-07-31,2024-08-02,Delhi,Chennai,2252.7,BharatCargo,Air Cargo,Standard,83.6,70545.0,Delivered,False,False,False,False,False,False,0,2.0,2.0,0.0,0.0,31.32,7,False,0.227,0.961,0.8619,-1.0777,-0.4391
SHP-001118,2024-09-11,2024-09-12,2024-09-14,Hyderabad,Bengaluru,662.2,SafeHaul,Truck,Standard,4429.6,18027.0,Delivered,False,False,False,False,False,False,1,2.0,2.0,0.0,0.0,27.22,9,False,0.7544,0.5346,0.5227,-1.0777,-0.4391
SHP-001119,2024-06-17,2024-06-18,2024-06-21,Mumbai,Jaipur,1173.0,RapidFreight,Truck,Standard,18000.0,39545.0,Delivered,False,False,False,False,False,False,1,3.0,3.0,0.0,0.0,33.71,6,False,0.9411,0.7336,0.718,-0.4735,-0.4391
SHP-001120,2024-05-13,2024-05-15,2024-05-20,Hyderabad,Delhi,1632.6,RapidFreight,Truck,Standard,2717.4,41487.0,Delivered,False,False,False,False,False,False,2,5.0,5.0,0.0,0.0,25.41,5,False,0.6893,0.8488,0.7299,0.7348,-0.4391
SHP-001121,2024-05-15,2024-05-16,2024-05-21,Kolkata,Jaipur,1699.6,GreenLine Carriers,Truck,Standard,7747.1,43377.0,Delivered,False,False,False,False,False,False,1,5.0,5.0,0.0,0.0,25.52,5,False,0.8288,0.8628,0.741,0.7348,-0.4391
SHP-001122,2024-03-01,2024-03-03,2024-03-05,Delhi,Pune,1535.2,SafeHaul,Air Cargo,Standard,192.3,48434.0,Delivered,False,False,False,False,False,False,2,2.0,2.0,0.0,0.0,31.55,3,False,0.3371,0.8274,0.7684,-1.0777,-0.4391
SHP-001123,2024-11-02,2024-11-04,2024-11-06,Hyderabad,Pune,655.9,SafeHaul,Truck,Standard,7329.6,16013.0,Delivered,False,False,False,False,False,False,2,2.0,2.0,0.0,0.0,24.41,11,False,0.8214,0.5312,0.4933,-1.0777,-0.4391
SHP-001124,2024-01-23,2024-01-23,2024-01-28,Delhi,Pune,1552.9,BharatCargo,Truck,Standard,12598.3,44680.0,Delivered,False,False,False,False,False,False,0,5.0,4.0,1.0,1.0,28.77,1,False,0.8936,0.8314,0.7483,0.7348,1.2884
SHP-001125,2024-09-27,2024-09-28,2024-10-02,Bengaluru,Mumbai,1113.0,GreenLine Carriers,Truck,Standard,12444.2,33126.0,Delivered,False,False,False,False,False,False,1,4.0,3.0,1.0,1.0,29.76,9,False,0.892,0.7154,0.674,0.1307,1.2884
SHP-001126,2024-11-20,2024-11-21,2024-11-27,Kolkata,Ahmedabad,2120.6,RapidFreight,Truck,Standard,4577.6,49930.0,Delivered,False,False,False,False,False,False,1,6.0,6.0,0.0,0.0,23.55,11,False,0.7587,0.9399,0.776,1.339,-0.4391
SHP-001127,2024-07-22,2024-07-22,2024-07-28,Bengaluru,Kolkata,1989.8,RapidFreight,Unknown,Standard,786.4,23654.0,Delivered,False,False,False,False,False,False,0,6.0,5.0,1.0,1.0,11.89,7,False,0.5242,0.9177,0.5903,1.339,1.2884
SHP-001128,2024-01-29,2024-01-30,2024-02-04,Chennai,Patna,1914.8,TransIndia Logistics,Container,Standard,7290.9,74822.0,Delivered,False,False,False,False,False,False,1,5.0,5.0,0.0,0.0,39.08,1,False,0.8207,0.9043,0.8765,0.7348,-0.4391
SHP-001129,2024-06-24,2024-06-25,2024-06-27,Kolkata,Pune,2101.2,RapidFreight,Air Cargo,Standard,165.6,71005.0,Delivered,False,False,True,False,False,False,1,2.0,2.0,0.0,0.0,33.79,6,False,0.3173,0.9367,0.8635,-1.0777,-0.4391
SHP-001130,2024-05-20,2024-05-22,2024-05-26,Ahmedabad,Patna,1626.7,SafeHaul,Container,Standard,10603.3,61029.0,Delivered,False,False,False,False,False,False,2,4.0,4.0,0.0,0.0,37.52,5,False,0.8706,0.8475,0.8259,0.1307,-0.4391
SHP-001131,2024-12-27,2024-12-27,2025-01-02,Ahmedabad,Chennai,1711.9,RapidFreight,Truck,Standard,5365.2,40721.0,Delivered,False,False,False,False,False,False,0,6.0,5.0,1.0,1.0,23.79,12,False,0.7799,0.8653,0.7253,1.339,1.2884
SHP-001132,2024-10-02,2024-10-03,2024-10-04,Bengaluru,Chennai,374.7,BharatCargo,Truck,Standard,2182.6,13472.0,Delivered,False,False,True,False,False,False,1,1.0,1.0,0.0,0.0,35.95,10,False,0.6601,0.3365,0.4503,-1.6819,-0.4391
SHP-001133,2024-10-11,2024-10-12,2024-10-16,Delhi,Hyderabad,1633.6,SafeHaul,Container,Express,13476.0,73391.0,Delivered,False,True,False,False,False,False,1,4.0,4.0,0.0,0.0,44.93,10,False,0.9026,0.849,0.8717,0.1307,-0.4391
SHP-001134,2024-07-29,2024-07-30,2024-08-06,Chennai,Delhi,2173.1,SafeHaul,Truck,Standard,2168.0,51081.0,Delivered,False,False,False,False,False,False,1,7.0,6.0,1.0,1.0,23.51,7,False,0.6592,0.9484,0.7816,1.9432,1.2884
SHP-001135,2024-10-08,2024-10-09,2024-10-11,Ahmedabad,Pune,661.1,SafeHaul,Truck,Standard,6558.3,17570.0,Delivered,False,False,False,False,False,False,1,2.0,2.0,0.0,0.0,26.58,10,False,0.8066,0.534,0.5164,-1.0777,-0.4391
SHP-001136,2024-10-11,2024-10-12,2024-10-18,Mumbai,Delhi,1462.9,RapidFreight,Truck,Standard,2874.4,32319.0,Delivered,False,False,False,False,False,False,1,6.0,4.0,2.0,1.0,22.09,10,True,0.6968,0.8106,0.6678,1.339,3.0159
SHP-001137,2024-01-28,2024-01-29,2024-01-31,Bengaluru,Hyderabad,582.8,BharatCargo,Container,Standard,10398.7,26127.0,Delivered,False,False,False,False,False,False,1,2.0,2.0,0.0,0.0,44.83,1,False,0.868,0.4901,0.615,-1.0777,-0.4391
SHP-001138,2024-04-01,2024-04-02,2024-04-05,Bengaluru,Pune,932.4,SafeHaul,Mini Truck,Standard,1399.6,12003.0,Delivered,False,False,False,False,False,False,1,3.0,3.0,0.0,0.0,12.87,4,False,0.6009,0.6537,0.4217,-0.4735,-0.4391
SHP-001139,2024-01-06,2024-01-07,2024-01-12,Delhi,Mumbai,1459.2,RapidFreight,Mini Truck,Standard,996.1,19454.0,Delivered,False,False,True,False,False,False,1,5.0,5.0,0.0,0.0,13.33,1,False,0.5556,0.8097,0.5417,0.7348,-0.4391
SHP-001140,2024-07-27,2024-07-29,2024-08-03,Chennai,Lucknow,1949.4,SafeHaul,Container,Standard,20932.0,77147.0,Delivered,False,False,False,True,False,False,2,5.0,5.0,0.0,0.0,39.57,7,False,0.9612,0.9106,0.8841,0.7348,-0.4391
SHP-001141,2024-11-24,2024-11-24,2024-11-28,Mumbai,Bengaluru,1143.4,BharatCargo,Mini Truck,Standard,1784.5,14134.0,Delivered,False,False,False,False,False,False,0,4.0,4.0,0.0,0.0,12.36,11,False,0.6333,0.7247,0.4623,0.1307,-0.4391
SHP-001142,2024-09-02,2024-09-04,2024-09-10,Chennai,Delhi,2137.9,BharatCargo,Truck,Standard,3773.7,54239.0,Delivered,False,False,False,False,False,False,2,6.0,6.0,0.0,0.0,25.37,9,False,0.733,0.9427,0.7965,1.339,-0.4391
SHP-001143,2024-07-23,2024-07-24,2024-07-27,Hyderabad,Pune,624.9,BharatCargo,Container,Standard,23657.9,32023.0,Delivered,False,False,False,False,False,False,1,3.0,2.0,1.0,1.0,51.24,7,False,0.9776,0.5144,0.6656,-0.4735,1.2884
SHP-001144,2024-12-08,2024-12-08,2024-12-12,Hyderabad,Patna,1310.4,TransIndia Logistics,Mini Truck,Express,290.6,20654.0,Delivered,False,False,False,False,False,False,0,4.0,4.0,0.0,0.0,15.76,12,False,0.3918,0.7722,0.5566,0.1307,-0.4391
SHP-001145,2024-03-11,2024-03-11,2024-03-14,Bengaluru,Pune,922.6,BharatCargo,Truck,Standard,9387.9,27824.0,Delivered,False,False,False,False,False,False,0,3.0,3.0,0.0,0.0,30.16,3,False,0.8544,0.65,0.6306,-0.4735,-0.4391
SHP-001146,2024-01-31,2024-02-01,2024-02-02,Mumbai,Ahmedabad,553.4,RapidFreight,Air Cargo,Standard,91.6,20270.0,Delivered,False,False,False,False,False,False,1,1.0,1.0,0.0,0.0,36.63,1,False,0.239,0.4721,0.5519,-1.6819,-0.4391
SHP-001147,2024-12-05,2024-12-05,2024-12-08,Chennai,Hyderabad,657.8,GreenLine Carriers,Truck,Express,3433.5,20631.0,Delivered,True,False,False,False,False,False,0,3.0,2.0,1.0,1.0,31.36,12,False,0.7204,0.5322,0.5563,-0.4735,1.2884
SHP-001148,2024-12-01,2024-12-04,2024-12-08,Hyderabad,Jaipur,1463.9,RapidFreight,Truck,Standard,8675.0,39063.0,Delivered,False,False,False,False,False,False,3,4.0,4.0,0.0,0.0,26.68,12,False,0.8439,0.8108,0.715,0.1307,-0.4391
SHP-001149,2024-09-30,2024-10-01,2024-10-03,Bengaluru,Chennai,384.8,TransIndia Logistics,Mini Truck,Express,1234.0,7824.0,Delivered,False,False,False,False,False,False,1,2.0,2.0,0.0,0.0,20.33,9,False,0.5842,0.3457,0.3153,-1.0777,-0.4391
SHP-001150,2024-04-10,2024-04-11,2024-04-16,Hyderabad,Patna,1467.9,RapidFreight,Mini Truck,Standard,1212.3,18617.0,Delivered,False,False,False,False,False,False,1,5.0,5.0,0.0,0.0,12.68,4,False,0.5818,0.8118,0.5307,0.7348,-0.4391
SHP-001151,2024-12-22,2024-12-24,2024-12-29,Delhi,Kolkata,1643.6,BharatCargo,Truck,Standard,6825.6,36031.0,Delivered,False,False,False,False,False,False,2,5.0,5.0,0.0,0.0,21.92,12,False,0.812,0.8511,0.6949,0.7348,-0.4391
SHP-001152,2024-10-24,2024-10-24,2024-10-26,Hyderabad,Pune,672.8,BharatCargo,Truck,Standard,6494.4,18982.0,Delivered,False,False,False,False,False,False,0,2.0,2.0,0.0,0.0,28.21,10,False,0.8053,0.5401,0.5356,-1.0777,-0.4391
SHP-001153,2024-09-26,2024-09-27,2024-10-04,Delhi,Chennai,2245.4,RapidFreight,Unknown,Standard,8230.8,59844.0,Delivered,False,False,False,False,False,False,1,7.0,6.0,1.0,1.0,26.65,9,False,0.8369,0.9598,0.821,1.9432,1.2884
SHP-001154,2024-04-01,2024-04-03,2024-04-07,Delhi,Pune,1451.7,TransIndia Logistics,Truck,Standard,7199.5,37768.0,Delivered,False,False,False,False,False,False,2,4.0,4.0,0.0,0.0,26.02,4,False,0.8191,0.8079,0.7066,0.1307,-0.4391
SHP-001155,2024-07-28,2024-07-28,2024-08-03,Bengaluru,Jaipur,1861.3,RapidFreight,Mini Truck,Standard,968.6,21806.0,Delivered,False,False,False,False,False,False,0,6.0,6.0,0.0,0.0,11.72,7,False,0.5519,0.8945,0.57,1.339,-0.4391
SHP-001156,2024-11-09,2024-11-12,2024-11-13,Delhi,Jaipur,295.6,SafeHaul,Truck,Standard,6781.2,11416.0,Delivered,False,False,False,False,False,False,3,1.0,1.0,0.0,0.0,38.62,11,False,0.8111,0.2541,0.4092,-1.6819,-0.4391
SHP-001157,2024-11-19,2024-11-21,2024-11-23,Delhi,Lucknow,549.7,TransIndia Logistics,Mini Truck,Standard,1160.7,7818.0,Delivered,False,False,False,False,False,False,2,2.0,2.0,0.0,0.0,14.22,11,False,0.576,0.4698,0.3151,-1.0777,-0.4391
SHP-001158,2024-08-16,2024-08-17,2024-08-22,Delhi,Kolkata,1820.2,SafeHaul,Container,Express,7921.1,72207.0,Delivered,False,False,False,False,False,False,1,5.0,5.0,0.0,0.0,39.67,8,False,0.8318,0.8867,0.8677,0.7348,-0.4391
SHP-001159,2024-08-01,2024-08-03,2024-08-06,Bengaluru,Mumbai,1084.8,BharatCargo,Truck,Standard,5545.5,29201.0,Delivered,False,False,False,False,False,False,2,3.0,3.0,0.0,0.0,26.92,8,False,0.7843,0.7064,0.6426,-0.4735,-0.4391
SHP-001160,2024-10-04,2024-10-04,2024-10-09,Chennai,Lucknow,1901.9,BharatCargo,Container,Standard,8625.4,65533.0,Delivered,False,False,False,False,False,False,0,5.0,5.0,0.0,0.0,34.46,10,False,0.8431,0.902,0.8436,0.7348,-0.4391
SHP-001161,2024-08-03,2024-08-04,2024-08-12,Delhi,Bengaluru,2121.1,RapidFreight,Truck,Standard,7083.6,57673.0,Delivered,False,False,False,False,False,False,1,8.0,6.0,2.0,1.0,27.19,8,True,0.8169,0.94,0.8118,2.5474,3.0159
SHP-001162,2024-06-19,2024-06-20,2024-06-25,Kolkata,Delhi,1705.1,GreenLine Carriers,Truck,Express,16069.4,63873.0,Delivered,False,False,False,False,False,False,1,5.0,5.0,0.0,0.0,37.46,6,False,0.926,0.8639,0.8372,0.7348,-0.4391
SHP-001163,2024-02-04,2024-02-04,2024-02-08,Hyderabad,Kolkata,1406.5,SafeHaul,Truck,Express,4514.6,41399.0,Delivered,False,False,False,False,False,False,0,4.0,4.0,0.0,0.0,29.43,2,False,0.7569,0.7969,0.7294,0.1307,-0.4391
SHP-001164,2024-02-21,2024-02-22,2024-02-23,Delhi,Jaipur,307.5,SafeHaul,Truck,Express,6476.0,13748.0,Delivered,False,False,False,False,False,False,1,1.0,1.0,0.0,0.0,44.71,2,False,0.8049,0.2678,0.4554,-1.6819,-0.4391
SHP-001165,2024-10-22,2024-10-23,2024-10-30,Delhi,Bengaluru,2299.4,BharatCargo,Truck,Express,9446.6,83322.0,Returned,False,False,False,False,False,False,1,7.0,6.0,1.0,1.0,36.24,10,False,0.8552,0.9681,0.9032,1.9432,1.2884
SHP-001166,2024-01-11,2024-01-11,2024-01-16,Hyderabad,Delhi,1635.0,BharatCargo,Truck,Standard,1735.2,39695.0,Delivered,False,False,False,False,False,False,0,5.0,5.0,0.0,0.0,24.28,1,False,0.6295,0.8493,0.7189,0.7348,-0.4391
SHP-001167,2024-01-22,2024-01-22,2024-01-25,Hyderabad,Ahmedabad,1115.6,RapidFreight,Truck,Standard,4386.3,27632.0,Delivered,False,False,False,False,False,False,0,3.0,3.0,0.0,0.0,24.77,1,False,0.753,0.7162,0.6289,-0.4735,-0.4391
SHP-001168,2024-12-02,2024-12-02,2024-12-06,Bengaluru,Mumbai,1106.5,RapidFreight,Mini Truck,Standard,871.1,17534.0,Delivered,False,False,False,False,False,False,0,4.0,4.0,0.0,0.0,15.85,12,False,0.5378,0.7133,0.5158,0.1307,-0.4391
SHP-001169,2024-10-06,2024-10-07,2024-10-09,Hyderabad,Chennai,664.0,BharatCargo,Truck,Express,1595.0,19209.0,Delivered,False,False,False,False,True,False,1,2.0,2.0,0.0,0.0,28.93,10,False,0.6183,0.5355,0.5385,-1.0777,-0.4391
SHP-001170,2024-01-02,2024-01-02,2024-01-07,Delhi,Mumbai,1422.8,RapidFreight,Mini Truck,Standard,389.6,18270.0,Delivered,False,False,False,False,False,False,0,5.0,5.0,0.0,0.0,12.84,1,False,0.4308,0.8009,0.5261,0.7348,-0.4391
SHP-001171,2024-05-07,2024-05-07,2024-05-08,Mumbai,Pune,165.6,RapidFreight,Mini Truck,Standard,1355.1,3384.0,Delivered,False,False,False,False,False,False,0,1.0,1.0,0.0,0.0,20.43,5,False,0.5966,0.053,0.107,-1.6819,-0.4391
SHP-001172,2024-10-23,2024-10-23,2024-10-25,Chennai,Hyderabad,650.2,SafeHaul,Mini Truck,Express,1277.8,10379.0,Delivered,False,False,False,False,False,False,0,2.0,2.0,0.0,0.0,15.96,10,False,0.5888,0.5282,0.3855,-1.0777,-0.4391
SHP-001173,2024-06-19,2024-06-19,2024-06-23,Mumbai,Jaipur,1214.2,BharatCargo,Truck,Express,6030.4,38245.0,Delivered,False,True,False,False,False,False,0,4.0,4.0,0.0,0.0,31.5,6,False,0.7955,0.7457,0.7097,0.1307,-0.4391
SHP-001174,2024-07-10,2024-07-11,2024-07-12,Chennai,Bengaluru,336.0,BharatCargo,Mini Truck,Express,1188.4,6841.0,Delivered,False,False,False,False,False,False,1,1.0,1.0,0.0,0.0,20.36,7,False,0.5791,0.2986,0.2819,-1.6819,-0.4391
SHP-001175,2024-07-06,2024-07-07,2024-07-14,Bengaluru,Kolkata,2099.7,TransIndia Logistics,Container,Standard,15094.7,81382.0,Delivered,False,False,False,False,False,False,1,7.0,5.0,2.0,1.0,38.76,7,True,0.9177,0.9365,0.8974,1.9432,3.0159
SHP-001176,2024-03-23,2024-03-23,2024-03-28,Chennai,Mumbai,1330.8,SafeHaul,Truck,Standard,8372.9,32443.0,Delivered,True,False,False,False,False,False,0,5.0,4.0,1.0,1.0,24.38,3,False,0.8392,0.7776,0.6688,0.7348,1.2884
SHP-001177,2024-10-11,2024-10-11,2024-10-13,Bengaluru,Kolkata,2000.1,RapidFreight,Air Cargo,Standard,109.4,67589.0,Delivered,False,False,True,False,False,False,0,2.0,2.0,0.0,0.0,33.79,10,False,0.2624,0.9195,0.8512,-1.0777,-0.4391
SHP-001178,2024-02-12,2024-02-12,2024-02-15,Mumbai,Hyderabad,812.5,TransIndia Logistics,Truck,Standard,6431.8,20507.0,Delivered,False,False,False,False,False,False,0,3.0,3.0,0.0,0.0,25.24,2,False,0.804,0.6058,0.5548,-0.4735,-0.4391
SHP-001179,2024-07-26,2024-07-27,2024-07-29,Mumbai,Delhi,1501.3,BharatCargo,Air Cargo,Standard,79.7,50733.0,Delivered,False,False,True,False,False,False,1,2.0,2.0,0.0,0.0,33.79,7,False,0.2207,0.8196,0.7799,-1.0777,-0.4391
SHP-001180,2024-03-10,2024-03-10,2024-03-14,Mumbai,Hyderabad,774.3,BharatCargo,Mini Truck,Standard,1493.9,11834.0,Delivered,False,False,False,False,False,False,0,4.0,3.0,1.0,1.0,15.28,3,False,0.6096,0.589,0.4181,0.1307,1.2884
SHP-001181,2024-01-20,2024-01-20,2024-01-26,Chennai,Jaipur,2102.0,GreenLine Carriers,Truck,Express,14949.8,67133.0,Delivered,False,False,False,False,False,False,0,6.0,6.0,0.0,0.0,31.94,1,False,0.9164,0.9368,0.8495,1.339,-0.4391
SHP-001182,2024-02-28,2024-02-28,2024-03-02,Delhi,Ahmedabad,960.8,RapidFreight,Mini Truck,Standard,1602.0,12574.0,Delivered,False,False,False,False,False,False,0,3.0,3.0,0.0,0.0,13.09,2,False,0.6189,0.6641,0.4332,-0.4735,-0.4391
SHP-001183,2024-11-22,2024-11-23,2024-11-29,Delhi,Pune,1464.3,SafeHaul,Truck,Standard,4696.9,39030.0,Delivered,False,False,False,False,False,False,1,6.0,4.0,2.0,1.0,26.65,11,True,0.7622,0.8109,0.7147,1.339,3.0159
SHP-001184,2024-03-13,2024-03-13,2024-03-14,Delhi,Jaipur,314.4,BharatCargo,Truck,Express,3385.5,11890.0,Returned,False,False,False,False,False,False,0,1.0,1.0,0.0,0.0,37.82,3,False,0.7186,0.2755,0.4193,-1.6819,-0.4391
SHP-001185,2024-04-23,2024-04-23,2024-04-26,Delhi,Ahmedabad,1031.7,RapidFreight,Container,Standard,21889.3,45345.0,Delivered,False,False,False,False,False,False,0,3.0,3.0,0.0,0.0,43.95,4,False,0.9672,0.6889,0.752,-0.4735,-0.4391
SHP-001186,2024-02-26,2024-02-27,2024-02-29,Hyderabad,Pune,628.0,BharatCargo,Truck,Standard,6030.4,20841.0,Delivered,False,True,False,False,False,False,1,2.0,2.0,0.0,0.0,33.19,2,False,0.7955,0.5161,0.5588,-1.0777,-0.4391
SHP-001187,2024-10-15,2024-10-16,2024-10-19,Mumbai,Jaipur,1143.1,BharatCargo,Truck,Standard,7307.6,29705.0,Delivered,False,False,False,False,False,False,1,3.0,3.0,0.0,0.0,25.99,10,False,0.821,0.7246,0.6469,-0.4735,-0.4391
SHP-001188,2024-07-01,2024-07-03,2024-07-05,Ahmedabad,Mumbai,547.8,RapidFreight,Mini Truck,Standard,478.6,6844.0,Delivered,False,False,False,False,False,False,2,2.0,2.0,0.0,0.0,12.49,7,False,0.4581,0.4686,0.282,-1.0777,-0.4391
SHP-001189,2024-12-14,2024-12-14,2024-12-15,Delhi,Jaipur,309.7,BharatCargo,Mini Truck,Standard,903.7,4476.0,Delivered,False,False,False,False,False,False,0,1.0,1.0,0.0,0.0,14.45,12,False,0.5427,0.2703,0.1765,-1.6819,-0.4391
SHP-001190,2024-09-23,2024-09-25,2024-09-30,Kolkata,Chennai,1668.9,BharatCargo,Container,Standard,9575.5,61774.0,Delivered,False,False,False,False,False,False,2,5.0,4.0,1.0,1.0,37.01,9,False,0.8571,0.8565,0.8289,0.7348,1.2884
SHP-001191,2024-08-04,2024-08-06,2024-08-11,Bengaluru,Ahmedabad,1605.7,BharatCargo,Truck,Standard,8777.5,42845.0,Delivered,False,False,False,False,False,False,2,5.0,5.0,0.0,0.0,26.68,8,False,0.8455,0.843,0.7379,0.7348,-0.4391
SHP-001192,2024-09-20,2024-09-21,2024-09-26,Mumbai,Lucknow,1574.9,RapidFreight,Truck,Express,13723.3,59079.0,Delivered,False,False,False,False,False,False,1,5.0,4.0,1.0,1.0,37.51,9,False,0.905,0.8363,0.8178,0.7348,1.2884
SHP-001193,2024-01-17,2024-01-19,2024-01-21,Hyderabad,Bengaluru,637.2,BharatCargo,Container,Standard,24777.2,32266.0,Delivered,False,False,False,True,False,False,2,2.0,2.0,0.0,0.0,50.64,1,False,0.9837,0.5212,0.6674,-1.0777,-0.4391
SHP-001194,2024-12-16,2024-12-16,2024-12-17,Ahmedabad,Delhi,1033.1,BharatCargo,Air Cargo,Express,304.6,49636.0,Delivered,False,False,False,False,False,False,0,1.0,1.0,0.0,0.0,48.05,12,False,0.3981,0.6894,0.7745,-1.6819,-0.4391
SHP-001195,2024-12-18,2024-12-21,2024-12-23,Hyderabad,Chennai,651.5,BharatCargo,Truck,Standard,2618.4,15667.0,Delivered,False,False,False,False,False,False,3,2.0,2.0,0.0,0.0,24.05,12,False,0.6843,0.5289,0.4879,-1.0777,-0.4391
SHP-001196,2024-04-22,2024-04-22,2024-04-26,Delhi,Hyderabad,1593.2,SafeHaul,Truck,Express,6754.2,46276.0,Delivered,False,False,False,False,False,False,0,4.0,4.0,0.0,0.0,29.05,4,False,0.8106,0.8403,0.7571,0.1307,-0.4391
SHP-001197,2024-09-09,2024-09-09,2024-09-13,Mumbai,Lucknow,1469.5,GreenLine Carriers,Container,Standard,28000.0,57159.0,Delivered,False,False,False,False,False,False,0,4.0,4.0,0.0,0.0,38.9,9,False,1.0,0.8121,0.8096,0.1307,-0.4391
SHP-001198,2024-03-23,2024-03-23,2024-03-27,Kolkata,Lucknow,1181.1,RapidFreight,Mini Truck,Standard,415.7,14161.0,Delivered,False,False,False,False,False,False,0,4.0,4.0,0.0,0.0,11.99,3,False,0.4394,0.736,0.4627,0.1307,-0.4391
SHP-001199,2024-08-10,2024-08-11,2024-08-16,Mumbai,Patna,1802.6,BharatCargo,Truck,Express,5790.7,49333.0,Delivered,False,False,False,False,False,False,1,5.0,5.0,0.0,0.0,27.37,8,False,0.79,0.8833,0.773,0.7348,-0.4391
SHP-001200,2024-10-25,2024-10-25,2024-10-30,Chennai,Lucknow,1989.4,TransIndia Logistics,Truck,Express,14011.4,75067.0,Delivered,False,False,False,False,False,False,0,5.0,5.0,0.0,0.0,37.73,10,False,0.9078,0.9177,0.8773,0.7348,-0.4391
SHP-001201,2024-12-13,2024-12-15,2024-12-17,Kolkata,Hyderabad,1509.0,SafeHaul,Air Cargo,Standard,278.0,51844.0,Delivered,False,False,False,False,False,False,2,2.0,2.0,0.0,0.0,34.36,12,False,0.386,0.8214,0.7853,-1.0777,-0.4391
SHP-001202,2024-05-18,2024-05-19,2024-05-23,Kolkata,Hyderabad,1449.6,GreenLine Carriers,Container,Standard,28000.0,61523.0,Delivered,False,False,False,False,False,False,1,4.0,4.0,0.0,0.0,42.44,5,False,1.0,0.8074,0.8279,0.1307,-0.4391
SHP-001203,2024-10-03,2024-10-05,2024-10-09,Hyderabad,Jaipur,1367.7,SafeHaul,Truck,Standard,3865.3,36560.0,Delivered,False,False,False,False,False,False,2,4.0,4.0,0.0,0.0,26.73,10,False,0.7362,0.7871,0.6985,0.1307,-0.4391
SHP-001204,2024-10-10,2024-10-10,2024-10-14,Chennai,Pune,1234.9,TransIndia Logistics,Mini Truck,Express,386.5,17439.0,Delivered,False,False,False,False,False,False,0,4.0,4.0,0.0,0.0,14.12,10,False,0.4297,0.7516,0.5145,0.1307,-0.4391
SHP-001205,2024-03-31,2024-04-01,2024-04-04,Delhi,Patna,1093.3,RapidFreight,Truck,Express,12506.3,39287.0,Delivered,True,False,False,False,False,False,1,3.0,3.0,0.0,0.0,35.93,3,False,0.8926,0.7091,0.7164,-0.4735,-0.4391
SHP-001206,2024-09-10,2024-09-11,2024-09-15,Delhi,Hyderabad,1542.1,RapidFreight,Truck,Standard,2927.7,41044.0,Delivered,False,False,False,False,False,False,1,4.0,4.0,0.0,0.0,26.62,9,False,0.6992,0.8289,0.7272,0.1307,-0.4391
SHP-001207,2024-09-19,2024-09-22,2024-09-24,Kolkata,Ahmedabad,2097.2,Unknown,Unknown,Standard,123.2,65745.0,Delivered,False,False,True,False,False,False,3,2.0,6.0,-4.0,0.0,31.35,9,False,0.2781,0.936,0.8444,-1.0777,-7.349
SHP-001208,2024-10-24,2024-10-24,2024-10-28,Bengaluru,Ahmedabad,1573.9,SafeHaul,Truck,Standard,5768.3,45202.0,Delivered,False,False,False,False,False,False,0,4.0,4.0,0.0,0.0,28.72,10,False,0.7895,0.836,0.7512,0.1307,-0.4391
SHP-001209,2024-12-31,2024-12-31,,Mumbai,Hyderabad,904.5,TransIndia Logistics,Mini Truck,Standard,1303.3,13120.0,In Transit,False,False,False,False,False,False,0,,3.0,,,14.51,12,False,0.5914,0.6431,0.4438,,
SHP-001210,2024-01-17,2024-01-17,2024-01-24,Bengaluru,Delhi,2252.0,GreenLine Carriers,Container,Standard,17358.0,93973.0,Delivered,False,False,False,False,False,False,0,7.0,6.0,1.0,1.0,41.73,1,False,0.9363,0.9609,0.9331,1.9432,1.2884
SHP-001211,2024-03-23,2024-03-23,2024-03-28,Chennai,Mumbai,1302.5,RapidFreight,Truck,Standard,7893.2,36661.0,Delivered,False,False,False,False,False,False,0,5.0,4.0,1.0,1.0,28.15,3,False,0.8313,0.7701,0.6992,0.7348,1.2884
SHP-001212,2024-02-29,2024-02-29,2024-03-02,Hyderabad,Mumbai,839.8,BharatCargo,Container,Express,12160.7,42826.0,Delivered,False,False,False,False,False,False,0,2.0,2.0,0.0,0.0,51.0,2,False,0.8889,0.6173,0.7378,-1.0777,-0.4391
SHP-001213,2024-03-04,2024-03-04,2024-03-09,Kolkata,Hyderabad,1511.45,TransIndia Logistics,Mini Truck,Standard,1451.1,17940.0,Delivered,True,False,False,False,False,False,0,5.0,5.0,0.0,0.0,11.87,3,False,0.6057,0.8219,0.5215,0.7348,-0.4391
SHP-001214,2024-07-04,2024-07-04,2024-07-06,Mumbai,Pune,154.8,TransIndia Logistics,Truck,Standard,18000.0,6230.0,Delivered,False,False,False,False,False,True,0,2.0,1.0,1.0,1.0,40.25,7,False,0.9411,0.0296,0.2587,-1.0777,1.2884
SHP-001215,2024-11-24,2024-11-26,2024-12-01,Mumbai,Jaipur,1271.7,TransIndia Logistics,Mini Truck,Standard,1059.8,15429.0,Delivered,False,False,False,False,False,False,2,5.0,4.0,1.0,1.0,12.13,11,False,0.5639,0.7618,0.4841,0.7348,1.2884
SHP-001216,2024-07-02,2024-07-02,2024-07-08,Bengaluru,Kolkata,1988.4,SafeHaul,Mini Truck,Standard,743.1,24638.0,Delivered,False,False,False,False,False,False,0,6.0,6.0,0.0,0.0,12.39,7,False,0.5167,0.9175,0.6004,1.339,-0.4391
SHP-001217,2024-09-24,2024-09-24,2024-09-28,Mumbai,Ahmedabad,523.3,GreenLine Carriers,Truck,Express,2754.0,16451.0,Delivered,False,False,False,False,False,False,0,4.0,2.0,2.0,1.0,31.44,9,True,0.6911,0.4526,0.5,0.1307,3.0159
SHP-001218,2024-06-02,2024-06-03,2024-06-08,Kolkata,Pune,1983.6,BharatCargo,Truck,Standard,4093.0,51881.0,Delivered,False,False,False,False,False,False,1,5.0,5.0,0.0,0.0,26.15,6,False,0.7438,0.9166,0.7855,0.7348,-0.4391
SHP-001219,2024-05-10,2024-05-11,2024-05-18,Chennai,Delhi,2378.0,RapidFreight,Container,Standard,12991.0,92176.0,Delivered,False,False,False,False,False,False,1,7.0,6.0,1.0,1.0,38.76,5,False,0.8977,0.9798,0.9283,1.9432,1.2884
SHP-001220,2024-11-12,2024-11-14,2024-11-23,Delhi,Bengaluru,2260.1,Unknown,Mini Truck,Standard,507.9,32718.0,Delivered,False,False,False,False,False,False,2,9.0,7.0,2.0,1.0,14.48,11,True,0.466,0.9621,0.6709,3.1516,3.0159
SHP-001221,2024-09-19,2024-09-20,2024-09-27,Delhi,Bengaluru,2151.9,BharatCargo,Mini Truck,Standard,693.3,22915.0,Delivered,False,False,False,False,False,False,1,7.0,7.0,0.0,0.0,10.65,9,False,0.5074,0.945,0.5824,1.9432,-0.4391
SHP-001222,2024-05-23,2024-05-23,2024-05-26,Mumbai,Jaipur,1145.4,Unknown,Truck,Standard,17436.6,32749.0,Delivered,False,False,False,False,False,False,0,3.0,3.0,0.0,0.0,28.59,5,False,0.9369,0.7253,0.6711,-0.4735,-0.4391
SHP-001223,2024-12-05,2024-12-06,2024-12-10,Hyderabad,Lucknow,1355.5,BharatCargo,Unknown,Standard,1479.4,17598.0,Delivered,False,False,False,True,False,False,1,4.0,4.0,0.0,0.0,12.98,12,False,0.6083,0.784,0.5168,0.1307,-0.4391
SHP-001224,2024-07-22,2024-07-24,2024-07-30,Kolkata,Jaipur,1762.3,SafeHaul,Container,Standard,13243.0,74354.0,Delivered,False,False,False,False,False,False,2,6.0,4.0,2.0,1.0,42.19,7,True,0.9002,0.8754,0.8749,1.339,3.0159
SHP-001225,2024-03-17,2024-03-18,2024-03-21,Delhi,Patna,1151.0,BharatCargo,Truck,Standard,2906.0,26859.0,Delivered,False,False,False,False,False,False,1,3.0,3.0,0.0,0.0,23.34,3,False,0.6982,0.727,0.6218,-0.4735,-0.4391
SHP-001226,2024-07-16,2024-07-17,2024-07-19,Hyderabad,Bengaluru,666.4,SafeHaul,Mini Truck,Express,1561.7,11134.0,Delivered,False,False,False,False,False,False,1,2.0,2.0,0.0,0.0,16.71,7,False,0.6155,0.5368,0.403,-1.0777,-0.4391
SHP-001227,2024-09-27,2024-09-28,2024-09-29,Bengaluru,Chennai,378.7,RapidFreight,Truck,Standard,5826.0,11626.0,Delivered,False,False,False,False,False,False,1,1.0,1.0,0.0,0.0,30.7,9,False,0.7909,0.3402,0.4137,-1.6819,-0.4391
SHP-001228,2024-05-30,2024-05-30,2024-06-03,Bengaluru,Ahmedabad,1498.8,SafeHaul,Truck,Express,2129.4,39371.0,Delivered,False,False,False,False,False,False,0,4.0,4.0,0.0,0.0,26.27,5,False,0.6568,0.819,0.7169,0.1307,-0.4391
SHP-001229,2024-11-15,2024-11-17,2024-11-20,Ahmedabad,Delhi,940.2,RapidFreight,Truck,Standard,9200.1,23769.0,Delivered,False,False,False,False,False,False,2,3.0,3.0,0.0,0.0,25.28,11,False,0.8517,0.6566,0.5915,-0.4735,-0.4391
SHP-001230,2024-08-05,2024-08-05,2024-08-12,Delhi,Chennai,2295.1,BharatCargo,Truck,Standard,11102.5,65737.0,Delivered,False,False,False,False,False,False,0,7.0,6.0,1.0,1.0,28.64,8,False,0.8768,0.9675,0.8443,1.9432,1.2884
SHP-001231,2024-07-10,2024-07-11,2024-07-13,Mumbai,Kolkata,2003.2,BharatCargo,Air Cargo,Express,14.4,73586.0,Delivered,False,False,False,False,True,False,1,2.0,2.0,0.0,0.0,36.73,7,False,0.0,0.9201,0.8724,-1.0777,-0.4391
SHP-001232,2024-11-19,2024-11-19,2024-11-23,Kolkata,Hyderabad,1499.7,SafeHaul,Truck,Standard,3658.4,35618.0,Delivered,False,False,False,False,False,False,0,4.0,4.0,0.0,0.0,23.75,11,False,0.7289,0.8192,0.692,0.1307,-0.4391
SHP-001233,2024-07-08,2024-07-09,2024-07-16,Delhi,Chennai,2274.6,BharatCargo,Container,Express,13469.1,105559.0,Delivered,False,False,False,False,False,False,1,7.0,6.0,1.0,1.0,46.41,7,False,0.9025,0.9643,0.962,1.9432,1.2884
SHP-001234,2024-06-18,2024-06-19,2024-06-20,Chennai,Mumbai,1262.5,GreenLine Carriers,Air Cargo,Standard,312.7,42744.0,Delivered,False,False,False,False,False,False,1,1.0,1.0,0.0,0.0,33.86,6,False,0.4016,0.7593,0.7373,-1.6819,-0.4391
SHP-001235,2024-02-12,2024-02-13,2024-02-16,Mumbai,Bengaluru,1037.7,GreenLine Carriers,Truck,Standard,4403.1,24016.0,Delivered,False,False,False,False,False,False,1,3.0,3.0,0.0,0.0,23.14,2,False,0.7536,0.691,0.594,-0.4735,-0.4391
SHP-001236,2024-05-28,2024-05-28,2024-05-29,Delhi,Jaipur,299.7,BharatCargo,Truck,Standard,3641.8,8590.0,Delivered,False,False,False,False,False,False,0,1.0,1.0,0.0,0.0,28.66,5,False,0.7283,0.2588,0.3385,-1.6819,-0.4391
SHP-001237,2024-06-11,2024-06-14,2024-06-19,Mumbai,Patna,1897.0,RapidFreight,Container,Standard,18057.6,75377.0,Delivered,False,False,False,False,False,False,3,5.0,5.0,0.0,0.0,39.73,6,False,0.9416,0.9011,0.8783,0.7348,-0.4391
SHP-001238,2024-03-14,2024-03-15,2024-03-17,Bengaluru,Jaipur,2083.4,RapidFreight,Air Cargo,Standard,93.9,70894.0,Delivered,False,False,False,False,False,False,1,2.0,2.0,0.0,0.0,34.03,3,False,0.2423,0.9337,0.8631,-1.0777,-0.4391
SHP-001239,2024-08-25,2024-08-25,2024-08-27,Delhi,Lucknow,546.5,RapidFreight,Container,Standard,16924.7,27673.0,Delivered,False,False,False,False,False,False,0,2.0,2.0,0.0,0.0,50.64,8,False,0.9329,0.4677,0.6293,-1.0777,-0.4391
SHP-001240,2024-02-28,2024-02-28,2024-02-29,Delhi,Lucknow,535.2,RapidFreight,Air Cargo,Standard,49.4,15559.0,Delivered,False,False,False,False,False,False,0,1.0,1.0,0.0,0.0,29.07,2,False,0.158,0.4605,0.4861,-1.6819,-0.4391
SHP-001241,2024-04-01,2024-04-02,2024-04-04,Hyderabad,Chennai,639.8,GreenLine Carriers,Mini Truck,Standard,311.0,8628.0,Delivered,False,False,False,False,False,False,1,2.0,2.0,0.0,0.0,13.49,4,False,0.4009,0.5226,0.3396,-1.0777,-0.4391
SHP-001242,2024-08-15,2024-08-16,2024-08-20,Mumbai,Jaipur,1127.3,GreenLine Carriers,Container,Express,18236.1,60415.0,Delivered,False,False,False,False,False,False,1,4.0,3.0,1.0,1.0,53.59,8,False,0.9429,0.7198,0.8233,0.1307,1.2884
SHP-001243,2024-04-19,2024-04-21,2024-04-25,Mumbai,Lucknow,1498.0,RapidFreight,Container,Standard,15293.7,56042.0,Delivered,False,False,False,False,False,False,2,4.0,4.0,0.0,0.0,37.41,4,False,0.9194,0.8188,0.8047,0.1307,-0.4391
SHP-001244,2024-09-14,2024-09-14,2024-09-16,Delhi,Lucknow,542.3,TransIndia Logistics,Truck,Express,10435.7,23032.0,Delivered,False,False,False,False,False,False,0,2.0,2.0,0.0,0.0,42.47,9,False,0.8685,0.4651,0.5836,-1.0777,-0.4391
SHP-001245,2024-10-02,2024-10-02,2024-10-05,Mumbai,Bengaluru,1096.7,TransIndia Logistics,Truck,Standard,4358.8,27836.0,Delivered,False,False,False,False,False,False,0,3.0,3.0,0.0,0.0,25.38,10,False,0.7522,0.7102,0.6307,-0.4735,-0.4391
SHP-001246,2024-05-03,2024-05-04,2024-05-05,Mumbai,Chennai,1211.6,BharatCargo,Air Cargo,Standard,67.7,37691.0,Delivered,False,False,False,False,False,False,1,1.0,1.0,0.0,0.0,31.11,5,False,0.1992,0.7449,0.7061,-1.6819,-0.4391
SHP-001247,2024-02-05,2024-02-05,2024-02-07,Kolkata,Patna,580.9,TransIndia Logistics,Mini Truck,Standard,1583.7,9175.0,Returned,False,False,False,False,False,False,0,2.0,2.0,0.0,0.0,15.79,2,False,0.6174,0.489,0.3549,-1.0777,-0.4391
SHP-001248,2024-07-19,2024-07-20,2024-07-24,Mumbai,Lucknow,1602.9,GreenLine Carriers,Container,Express,8215.5,69883.0,Delivered,False,False,False,False,False,False,1,4.0,4.0,0.0,0.0,43.6,7,False,0.8366,0.8424,0.8595,0.1307,-0.4391
SHP-001249,2024-02-07,2024-02-08,2024-02-12,Hyderabad,Lucknow,1390.9,GreenLine Carriers,Truck,Standard,12713.1,43950.0,Delivered,False,False,False,False,False,False,1,4.0,4.0,0.0,0.0,31.6,2,False,0.8948,0.793,0.7443,0.1307,-0.4391
SHP-001250,2024-07-29,2024-07-30,2024-08-03,Ahmedabad,Hyderabad,1061.7,TransIndia Logistics,Mini Truck,Express,1545.9,15940.0,Delivered,False,False,False,False,False,False,1,4.0,4.0,0.0,0.0,15.01,7,False,0.6142,0.6989,0.4922,0.1307,-0.4391
SHP-001251,2024-10-12,2024-10-14,2024-10-19,Delhi,Kolkata,1825.5,BharatCargo,Container,Standard,18917.5,74409.0,Delivered,False,False,False,False,False,False,2,5.0,5.0,0.0,0.0,40.76,10,False,0.9478,0.8877,0.8751,0.7348,-0.4391
SHP-001252,2024-09-06,2024-09-07,2024-09-13,Delhi,Hyderabad,1605.1,RapidFreight,Truck,Standard,3971.2,38675.0,Delivered,False,False,False,False,False,False,1,6.0,5.0,1.0,1.0,24.1,9,False,0.7398,0.8429,0.7125,1.339,1.2884
SHP-001253,2024-07-02,2024-07-02,2024-07-06,Delhi,Ahmedabad,1008.2,GreenLine Carriers,Truck,Express,3676.1,31886.0,Delivered,False,False,False,False,False,False,0,4.0,3.0,1.0,1.0,31.63,7,False,0.7295,0.6809,0.6645,0.1307,1.2884
SHP-001254,2024-12-14,2024-12-15,2024-12-17,Kolkata,Patna,609.4,RapidFreight,Container,Express,13007.7,31561.0,Delivered,False,False,False,False,False,False,1,2.0,2.0,0.0,0.0,51.79,12,False,0.8979,0.5056,0.6619,-1.0777,-0.4391
SHP-001255,2024-02-11,2024-02-12,2024-02-18,Delhi,Bengaluru,2193.9,BharatCargo,Truck,Standard,2758.6,54179.0,Delivered,False,False,False,False,False,False,1,6.0,6.0,0.0,0.0,24.7,2,False,0.6913,0.9518,0.7963,1.339,-0.4391
SHP-001256,2024-11-25,2024-11-25,2024-11-28,Hyderabad,Chennai,640.3,RapidFreight,Truck,Express,3369.4,19984.0,Delivered,False,False,False,False,False,False,0,3.0,2.0,1.0,1.0,31.21,11,False,0.7179,0.5229,0.5484,-0.4735,1.2884
SHP-001257,2024-11-03,2024-11-04,2024-11-11,Chennai,Delhi,2437.9,BharatCargo,Truck,Standard,8833.9,54238.0,Delivered,False,False,False,False,False,False,1,7.0,7.0,0.0,0.0,22.25,11,False,0.8463,0.9885,0.7965,1.9432,-0.4391
SHP-001258,2024-06-20,2024-06-21,2024-06-23,Hyderabad,Kolkata,1574.1,RapidFreight,Air Cargo,Express,287.1,60657.0,Delivered,False,False,False,False,False,False,1,2.0,2.0,0.0,0.0,38.53,6,False,0.3902,0.8361,0.8243,-1.0777,-0.4391
SHP-001259,2024-03-03,2024-03-04,2024-03-05,Bengaluru,Pune,971.6,TransIndia Logistics,Air Cargo,Standard,52.5,30357.0,Delivered,False,False,False,False,False,False,1,1.0,1.0,0.0,0.0,31.24,3,False,0.1659,0.668,0.6523,-1.6819,-0.4391
SHP-001260,2024-03-04,2024-03-05,2024-03-11,Ahmedabad,Kolkata,2119.6,BharatCargo,Truck,Standard,9001.9,46531.0,Delivered,False,False,False,False,False,False,1,6.0,6.0,0.0,0.0,21.95,3,False,0.8488,0.9398,0.7584,1.339,-0.4391
SHP-001261,2024-12-07,2024-12-08,2024-12-10,Delhi,Lucknow,512.2,BharatCargo,Truck,Standard,7880.1,18145.0,Delivered,False,False,False,False,False,False,1,2.0,2.0,0.0,0.0,35.43,12,False,0.8311,0.4452,0.5244,-1.0777,-0.4391
SHP-001262,2024-04-05,2024-04-06,2024-04-12,Bengaluru,Delhi,2340.4,BharatCargo,Container,Express,23748.5,122972.0,Delivered,False,False,False,False,False,False,1,6.0,6.0,0.0,0.0,52.54,4,False,0.9781,0.9743,1.0,1.339,-0.4391
SHP-001263,2024-11-23,2024-11-23,2024-11-28,Mumbai,Patna,1796.9,SafeHaul,Container,Standard,17085.9,79238.0,Returned,False,False,False,False,False,False,0,5.0,4.0,1.0,1.0,44.1,11,False,0.9342,0.8822,0.8908,0.7348,1.2884
SHP-001264,2024-07-24,2024-07-25,2024-07-29,Ahmedabad,Bengaluru,1601.1,TransIndia Logistics,Unknown,Standard,20278.5,72365.0,Delivered,False,False,False,False,False,False,1,4.0,5.0,-1.0,0.0,45.2,7,False,0.957,0.842,0.8682,0.1307,-2.1666
SHP-001265,2024-07-07,2024-07-09,2024-07-13,Kolkata,Jaipur,1623.3,GreenLine Carriers,Container,Standard,16544.2,61890.0,Delivered,False,False,False,False,False,False,2,4.0,4.0,0.0,0.0,38.13,7,False,0.9299,0.8468,0.8293,0.1307,-0.4391
SHP-001266,2024-09-06,2024-09-08,2024-09-14,Hyderabad,Jaipur,1287.4,TransIndia Logistics,Truck,Standard,10801.8,32749.0,Delivered,False,False,False,False,False,False,2,6.0,4.0,2.0,1.0,25.44,9,True,0.8731,0.7661,0.6711,1.339,3.0159
SHP-001267,2024-03-28,2024-03-28,2024-04-02,Delhi,Patna,1106.4,BharatCargo,Mini Truck,Standard,323.4,11329.0,Delivered,False,False,False,False,False,False,0,5.0,4.0,1.0,1.0,10.24,3,False,0.406,0.7133,0.4073,0.7348,1.2884
SHP-001268,2024-06-24,2024-06-25,2024-06-30,Ahmedabad,Patna,1616.2,TransIndia Logistics,Truck,Standard,6030.4,37812.0,Delivered,False,True,False,False,False,False,1,5.0,5.0,0.0,0.0,23.4,6,False,0.7955,0.8453,0.7069,0.7348,-0.4391
SHP-001269,2024-12-12,2024-12-12,2024-12-14,Bengaluru,Pune,865.8,SafeHaul,Container,Standard,13810.3,40540.0,Delivered,False,False,False,False,False,False,0,2.0,2.0,0.0,0.0,46.82,12,False,0.9058,0.6279,0.7242,-1.0777,-0.4391
SHP-001270,2024-04-07,2024-04-08,2024-04-14,Bengaluru,Patna,2106.0,SafeHaul,Truck,Standard,5183.7,46659.0,Delivered,False,False,False,False,False,False,1,6.0,6.0,0.0,0.0,22.16,4,False,0.7753,0.9375,0.7591,1.339,-0.4391
SHP-001271,2024-12-07,2024-12-08,2024-12-10,Ahmedabad,Mumbai,610.0,SafeHaul,Truck,Standard,7831.0,17854.0,Delivered,False,False,False,False,False,False,1,2.0,2.0,0.0,0.0,29.27,12,False,0.8303,0.506,0.5203,-1.0777,-0.4391
SHP-001272,2024-12-30,2024-12-30,,Mumbai,Hyderabad,838.9,BharatCargo,Mini Truck,Standard,682.5,10866.0,In Transit,False,True,False,False,False,False,0,,3.0,,,12.95,12,False,0.5053,0.6169,0.3969,,
SHP-001273,2024-01-22,2024-01-22,2024-01-25,Mumbai,Chennai,1309.1,BharatCargo,Container,Express,16060.3,67040.0,Delivered,False,False,False,False,False,False,0,3.0,3.0,0.0,0.0,51.21,1,False,0.9259,0.7719,0.8492,-0.4735,-0.4391
SHP-001274,2024-08-04,2024-08-05,2024-08-10,Kolkata,Hyderabad,1513.9,SafeHaul,Container,Standard,13159.3,63738.0,Delivered,False,False,False,False,False,False,1,5.0,4.0,1.0,1.0,42.1,8,False,0.8994,0.8225,0.8366,0.7348,1.2884
SHP-001275,2024-03-11,2024-03-12,2024-03-16,Delhi,Pune,1554.2,BharatCargo,Truck,Standard,3858.7,32779.0,Delivered,False,False,False,False,False,False,1,4.0,4.0,0.0,0.0,21.09,3,False,0.736,0.8317,0.6714,0.1307,-0.4391
SHP-001276,2024-09-07,2024-09-09,2024-09-13,Mumbai,Chennai,1382.0,TransIndia Logistics,Mini Truck,Standard,1352.1,16567.0,Returned,False,False,False,False,False,False,2,4.0,4.0,0.0,0.0,11.99,9,False,0.5963,0.7908,0.5017,0.1307,-0.4391
SHP-001277,2024-12-28,2024-12-29,,Delhi,Chennai,2216.3,BharatCargo,Truck,Standard,7400.9,59034.0,In Transit,False,False,False,False,False,False,1,,6.0,,,26.64,12,False,0.8227,0.9553,0.8176,,
SHP-001278,2024-11-29,2024-12-01,2024-12-03,Delhi,Jaipur,301.3,SafeHaul,Container,Standard,9801.6,15228.0,Delivered,False,False,False,False,False,False,2,2.0,1.0,1.0,1.0,50.54,11,False,0.8602,0.2607,0.4808,-1.0777,1.2884
SHP-001279,2024-12-08,2024-12-09,2024-12-12,Hyderabad,Chennai,667.4,TransIndia Logistics,Truck,Express,5341.7,21957.0,Delivered,False,False,False,False,False,False,1,3.0,2.0,1.0,1.0,32.9,12,False,0.7793,0.5373,0.5718,-0.4735,1.2884
SHP-001280,2024-03-28,2024-03-29,2024-04-03,Kolkata,Mumbai,2164.1,RapidFreight,Container,Standard,7605.7,88786.0,Delivered,False,False,False,False,False,False,1,5.0,5.0,0.0,0.0,41.03,3,False,0.8264,0.947,0.919,0.7348,-0.4391
SHP-001281,2024-08-08,2024-08-08,2024-08-11,Mumbai,Ahmedabad,559.3,RapidFreight,Truck,Standard,6128.7,14525.0,Delivered,False,False,False,False,False,False,0,3.0,2.0,1.0,1.0,25.97,8,False,0.7976,0.4758,0.4691,-0.4735,1.2884
SHP-001282,2024-04-05,2024-04-05,2024-04-09,Bengaluru,Ahmedabad,1575.5,SafeHaul,Truck,Express,5326.7,50509.0,Delivered,False,False,False,False,False,False,0,4.0,4.0,0.0,0.0,32.06,4,False,0.7789,0.8364,0.7788,0.1307,-0.4391
SHP-001283,2024-11-30,2024-12-02,2024-12-08,Bengaluru,Jaipur,2108.8,RapidFreight,Truck,Standard,6030.4,48711.0,Delivered,False,True,False,False,False,False,2,6.0,6.0,0.0,0.0,23.1,11,False,0.7955,0.938,0.7698,1.339,-0.4391
SHP-001284,2024-03-19,2024-03-19,2024-03-25,Kolkata,Ahmedabad,2172.1,RapidFreight,Truck,Standard,15526.1,59578.0,Delivered,False,False,False,False,False,False,0,6.0,6.0,0.0,0.0,27.43,3,False,0.9214,0.9483,0.8199,1.339,-0.4391
SHP-001285,2024-03-03,2024-03-06,2024-03-10,Ahmedabad,Lucknow,1196.5,TransIndia Logistics,Mini Truck,Standard,349.8,15952.0,Delivered,True,False,True,False,False,False,3,4.0,4.0,0.0,0.0,13.33,3,False,0.4165,0.7405,0.4923,0.1307,-0.4391
SHP-001286,2024-01-05,2024-01-06,2024-01-10,Ahmedabad,Hyderabad,1202.9,Unknown,Truck,Standard,9166.9,31386.0,Delivered,False,False,False,False,False,False,1,4.0,4.0,0.0,0.0,26.09,1,False,0.8512,0.7424,0.6606,0.1307,-0.4391
SHP-001287,2024-03-15,2024-03-17,2024-03-20,Mumbai,Chennai,1302.2,SafeHaul,Container,Standard,28000.0,59782.0,Delivered,False,False,False,False,False,False,2,3.0,3.0,0.0,0.0,45.91,3,False,1.0,0.77,0.8207,-0.4735,-0.4391
SHP-001288,2024-03-18,2024-03-18,2024-03-21,Mumbai,Jaipur,1254.2,RapidFreight,Container,Express,20411.6,64789.0,Delivered,False,False,False,True,False,False,0,3.0,3.0,0.0,0.0,51.66,3,False,0.9579,0.757,0.8407,-0.4735,-0.4391
SHP-001289,2024-02-01,2024-02-04,2024-02-06,Bengaluru,Kolkata,2041.0,RapidFreight,Air Cargo,Standard,145.3,69709.0,Delivered,False,False,False,False,False,False,3,2.0,2.0,0.0,0.0,34.15,2,False,0.2999,0.9266,0.8589,-1.0777,-0.4391
SHP-001290,2024-11-21,2024-11-21,2024-11-26,Kolkata,Chennai,1965.9,BharatCargo,Container,Standard,9413.4,79052.0,Delivered,False,False,False,False,False,False,0,5.0,5.0,0.0,0.0,40.21,11,False,0.8548,0.9135,0.8902,0.7348,-0.4391
SHP-001291,2024-10-28,2024-10-29,2024-11-03,Bengaluru,Jaipur,1903.2,GreenLine Carriers,Truck,Standard,2649.9,47557.0,Delivered,False,False,True,False,False,False,1,5.0,5.0,0.0,0.0,24.99,10,False,0.6859,0.9022,0.7639,0.7348,-0.4391
SHP-001292,2024-04-14,2024-04-16,2024-04-22,Kolkata,Jaipur,1689.3,SafeHaul,Container,Standard,12121.9,67773.0,Delivered,False,False,False,False,False,False,2,6.0,4.0,2.0,1.0,40.12,4,True,0.8885,0.8607,0.8519,1.339,3.0159
SHP-001293,2024-10-29,2024-10-29,2024-10-31,Kolkata,Bengaluru,2031.1,BharatCargo,Air Cargo,Standard,75.5,58111.0,Delivered,False,False,False,False,False,False,0,2.0,2.0,0.0,0.0,28.61,10,False,0.2136,0.9249,0.8137,-1.0777,-0.4391
SHP-001294,2024-06-21,2024-06-21,2024-06-23,Mumbai,Ahmedabad,571.2,BharatCargo,Truck,Standard,3896.3,14961.0,Delivered,False,False,False,False,False,False,0,2.0,2.0,0.0,0.0,26.19,6,False,0.7373,0.4831,0.4764,-1.0777,-0.4391
SHP-001295,2024-10-27,2024-10-29,2024-11-02,Mumbai,Lucknow,1525.2,SafeHaul,Container,Standard,12489.0,65640.0,Delivered,True,False,False,False,False,False,2,4.0,4.0,0.0,0.0,43.04,10,False,0.8924,0.8251,0.844,0.1307,-0.4391
SHP-001296,2024-05-12,2024-05-13,2024-05-15,Mumbai,Ahmedabad,547.3,SafeHaul,Truck,Express,5643.0,18188.0,Delivered,False,False,False,False,False,False,1,2.0,2.0,0.0,0.0,33.23,5,False,0.7866,0.4682,0.525,-1.0777,-0.4391
SHP-001297,2024-08-17,2024-08-18,2024-08-24,Delhi,Mumbai,1521.6,RapidFreight,Container,Express,16591.4,79105.0,Delivered,False,False,False,False,False,False,1,6.0,4.0,2.0,1.0,51.99,8,True,0.9303,0.8243,0.8903,1.339,3.0159
SHP-001298,2024-06-05,2024-06-06,2024-06-08,Delhi,Pune,1570.7,RapidFreight,Air Cargo,Standard,43.5,46239.0,Delivered,False,False,False,False,False,False,1,2.0,2.0,0.0,0.0,29.44,6,False,0.1414,0.8353,0.7569,-1.0777,-0.4391
SHP-001299,2024-03-17,2024-03-17,2024-03-21,Chennai,Mumbai,1359.9,BharatCargo,Container,Standard,11026.2,49935.0,Delivered,False,False,False,False,False,False,0,4.0,4.0,0.0,0.0,36.72,3,False,0.8758,0.7851,0.776,0.1307,-0.4391
SHP-001300,2024-08-25,2024-08-25,2024-08-29,Mumbai,Jaipur,1132.4,SafeHaul,Truck,Standard,5451.9,29613.0,Delivered,False,False,False,False,False,False,0,4.0,3.0,1.0,1.0,26.15,8,False,0.782,0.7214,0.6461,0.1307,1.2884
SHP-001301,2024-10-20,2024-10-21,2024-10-25,Mumbai,Delhi,1551.1,TransIndia Logistics,Truck,Standard,5336.0,35204.0,Returned,False,False,False,False,False,False,1,4.0,4.0,0.0,0.0,22.7,10,False,0.7792,0.831,0.6891,0.1307,-0.4391
SHP-001302,2024-10-20,2024-10-20,2024-10-23,Kolkata,Lucknow,1190.8,SafeHaul,Truck,Standard,18000.0,34771.0,Delivered,False,False,False,False,False,False,0,3.0,3.0,0.0,0.0,29.2,10,False,0.9411,0.7389,0.686,-0.4735,-0.4391
SHP-001303,2024-05-25,2024-05-26,2024-05-31,Chennai,Mumbai,1354.4,SafeHaul,Truck,Standard,6897.1,36501.0,Delivered,False,False,False,False,False,False,1,5.0,4.0,1.0,1.0,26.95,5,False,0.8133,0.7837,0.6981,0.7348,1.2884
SHP-001304,2024-07-31,2024-08-01,2024-08-03,Mumbai,Hyderabad,801.2,BharatCargo,Container,Express,7959.0,39330.0,Delivered,False,False,False,False,False,False,1,2.0,2.0,0.0,0.0,49.09,7,False,0.8324,0.6009,0.7166,-1.0777,-0.4391
SHP-001305,2024-10-23,2024-10-25,2024-10-30,Hyderabad,Kolkata,1527.0,SafeHaul,Container,Standard,16206.6,54128.0,Delivered,False,False,False,False,False,False,2,5.0,4.0,1.0,1.0,35.45,10,False,0.9272,0.8255,0.796,0.7348,1.2884
SHP-001306,2024-01-23,2024-01-24,2024-01-26,Ahmedabad,Jaipur,679.1,SafeHaul,Truck,Standard,8324.1,21420.0,Delivered,True,False,False,False,False,False,1,2.0,2.0,0.0,0.0,31.54,1,False,0.8384,0.5433,0.5656,-1.0777,-0.4391
SHP-001307,2024-01-30,2024-01-30,2024-02-05,Kolkata,Bengaluru,2048.9,RapidFreight,Truck,Standard,5566.0,47057.0,Delivered,False,False,False,False,False,False,0,6.0,6.0,0.0,0.0,22.97,1,False,0.7848,0.9279,0.7612,1.339,-0.4391
SHP-001308,2024-06-02,2024-06-05,2024-06-10,Kolkata,Ahmedabad,2074.4,GreenLine Carriers,Container,Standard,9155.6,69132.0,Delivered,False,False,False,False,False,False,3,5.0,5.0,0.0,0.0,33.33,6,False,0.8511,0.9322,0.8568,0.7348,-0.4391
SHP-001309,2024-04-01,2024-04-03,2024-04-07,Delhi,Mumbai,1478.5,BharatCargo,Truck,Standard,17229.0,34859.0,Delivered,True,False,False,True,False,False,2,4.0,4.0,0.0,0.0,23.58,4,False,0.9353,0.8143,0.6866,0.1307,-0.4391
SHP-001310,2024-06-02,2024-06-02,2024-06-07,Ahmedabad,Bengaluru,1516.7,SafeHaul,Truck,Standard,3157.7,37564.0,Delivered,False,False,False,False,False,False,0,5.0,4.0,1.0,1.0,24.77,6,False,0.7093,0.8231,0.7052,0.7348,1.2884
SHP-001311,2024-02-08,2024-02-09,2024-02-13,Mumbai,Lucknow,1483.2,SafeHaul,Container,Express,17642.8,69405.0,Delivered,False,False,False,False,False,False,1,4.0,4.0,0.0,0.0,46.79,2,False,0.9385,0.8154,0.8578,0.1307,-0.4391
SHP-001312,2024-08-27,2024-08-28,2024-09-02,Ahmedabad,Lucknow,1221.5,TransIndia Logistics,Truck,Express,6765.2,35441.0,Delivered,False,False,False,False,False,False,1,5.0,4.0,1.0,1.0,29.01,8,False,0.8108,0.7478,0.6908,0.7348,1.2884
SHP-001313,2024-09-26,2024-09-27,2024-10-03,Kolkata,Chennai,1736.6,RapidFreight,Truck,Express,8604.2,43394.0,Delivered,False,False,True,False,False,False,1,6.0,5.0,1.0,1.0,24.99,9,False,0.8428,0.8703,0.7411,1.339,1.2884
SHP-001314,2024-11-01,2024-11-02,2024-11-08,Delhi,Bengaluru,2217.75,GreenLine Carriers,Truck,Standard,6030.4,62881.0,Delivered,True,True,False,False,False,False,1,6.0,6.0,0.0,0.0,28.35,11,False,0.7955,0.9555,0.8333,1.339,-0.4391
SHP-001315,2024-09-18,2024-09-18,2024-09-23,Delhi,Hyderabad,1639.1,RapidFreight,Container,Standard,17041.1,60744.0,Delivered,False,False,False,False,False,False,0,5.0,4.0,1.0,1.0,37.06,9,False,0.9338,0.8502,0.8247,0.7348,1.2884
SHP-001316,2024-06-11,2024-06-12,2024-06-18,Chennai,Patna,1848.7,RapidFreight,Container,Standard,11513.6,73882.0,Delivered,False,False,False,False,False,False,1,6.0,5.0,1.0,1.0,39.96,6,False,0.8816,0.8921,0.8734,1.339,1.2884
SHP-001317,2024-12-11,2024-12-12,2024-12-14,Kolkata,Patna,635.0,TransIndia Logistics,Container,Standard,20617.8,35186.0,Delivered,False,False,False,False,False,False,1,2.0,2.0,0.0,0.0,55.41,12,False,0.9592,0.52,0.689,-1.0777,-0.4391
SHP-001318,2024-10-13,2024-10-15,2024-10-20,Delhi,Kolkata,1643.6,RapidFreight,Truck,Standard,4108.7,42607.0,Delivered,True,False,False,False,False,False,2,5.0,5.0,0.0,0.0,25.92,10,False,0.7443,0.8511,0.7365,0.7348,-0.4391
SHP-001319,2024-08-03,2024-08-04,2024-08-06,Chennai,Ahmedabad,1725.6,SafeHaul,Air Cargo,Express,157.7,74658.0,Delivered,False,True,False,False,False,False,1,2.0,2.0,0.0,0.0,43.26,8,False,0.3108,0.8681,0.876,-1.0777,-0.4391
SHP-001320,2024-03-25,2024-03-25,2024-03-29,Hyderabad,Kolkata,1542.5,BharatCargo,Container,Standard,8903.8,58828.0,Delivered,False,False,False,False,False,False,0,4.0,4.0,0.0,0.0,38.14,3,False,0.8474,0.829,0.8167,0.1307,-0.4391
SHP-001321,2024-09-17,2024-09-18,2024-09-19,Bengaluru,Chennai,344.6,GreenLine Carriers,Mini Truck,Standard,376.6,4447.0,Delivered,False,False,False,True,False,False,1,1.0,1.0,0.0,0.0,12.9,9,False,0.4263,0.3074,0.1749,-1.6819,-0.4391
SHP-001322,2024-08-27,2024-08-27,2024-09-03,Bengaluru,Jaipur,1935.3,TransIndia Logistics,Truck,Standard,6187.9,46109.0,Delivered,False,False,False,False,False,False,0,7.0,5.0,2.0,1.0,23.83,8,True,0.7989,0.9081,0.7562,1.9432,3.0159
SHP-001323,2024-09-30,2024-10-03,2024-10-07,Delhi,Pune,1559.8,BharatCargo,Truck,Standard,7482.8,40021.0,Delivered,False,False,False,False,False,False,3,4.0,4.0,0.0,0.0,25.66,9,False,0.8242,0.8329,0.721,0.1307,-0.4391
SHP-001324,2024-10-29,2024-10-31,2024-11-01,Chennai,Bengaluru,378.1,TransIndia Logistics,Unknown,Standard,2160.5,8160.0,Delivered,True,False,False,False,False,False,2,1.0,1.0,0.0,0.0,21.58,10,False,0.6587,0.3396,0.3257,-1.6819,-0.4391
SHP-001325,2024-12-05,2024-12-07,2024-12-11,Mumbai,Lucknow,1597.6,RapidFreight,Truck,Standard,8086.0,37902.0,Delivered,False,False,False,False,False,False,2,4.0,4.0,0.0,0.0,23.72,12,False,0.8345,0.8413,0.7075,0.1307,-0.4391
SHP-001326,2024-12-15,2024-12-17,2024-12-19,Hyderabad,Chennai,699.4,SafeHaul,Truck,Standard,6030.4,15916.0,Delivered,False,True,False,False,False,False,2,2.0,2.0,0.0,0.0,22.76,12,False,0.7955,0.5536,0.4918,-1.0777,-0.4391
SHP-001327,2024-09-10,2024-09-10,2024-09-16,Mumbai,Patna,1832.1,TransIndia Logistics,Container,Standard,21910.1,74097.0,Delivered,False,False,False,False,False,False,0,6.0,5.0,1.0,1.0,40.44,9,False,0.9673,0.889,0.8741,1.339,1.2884
SHP-001328,2024-12-21,2024-12-22,2024-12-24,Kolkata,Chennai,1758.7,SafeHaul,Air Cargo,Express,105.5,68723.0,Delivered,False,False,False,False,False,False,1,2.0,2.0,0.0,0.0,39.08,12,False,0.2576,0.8747,0.8554,-1.0777,-0.4391
SHP-001329,2024-12-04,2024-12-05,2024-12-10,Mumbai,Kolkata,2211.9,SafeHaul,Container,Standard,9447.9,77569.0,Delivered,False,False,False,False,False,False,1,5.0,5.0,0.0,0.0,35.07,12,False,0.8553,0.9546,0.8855,0.7348,-0.4391
SHP-001330,2024-01-02,2024-01-04,2024-01-08,Delhi,Hyderabad,1577.0,TransIndia Logistics,Container,Standard,14376.4,64548.0,Delivered,False,False,False,False,False,False,2,4.0,4.0,0.0,0.0,40.93,1,False,0.9112,0.8367,0.8398,0.1307,-0.4391
SHP-001331,2024-09-13,2024-09-14,2024-09-20,Chennai,Patna,1962.1,SafeHaul,Truck,Standard,3462.6,42054.0,Returned,False,False,False,False,False,False,1,6.0,5.0,1.0,1.0,21.43,9,False,0.7216,0.9128,0.7333,1.339,1.2884
SHP-001332,2024-03-13,2024-03-13,2024-03-16,Bengaluru,Jaipur,1944.9,Unknown,Air Cargo,Standard,533.6,64748.0,Delivered,False,False,False,False,False,False,0,3.0,2.0,1.0,1.0,33.29,3,False,0.4726,0.9098,0.8406,-0.4735,1.2884
SHP-001333,2024-04-30,2024-05-01,2024-05-03,Bengaluru,Chennai,364.9,RapidFreight,Mini Truck,Standard,682.5,5512.0,Delivered,False,True,False,True,False,False,1,2.0,2.0,0.0,0.0,15.11,4,False,0.5053,0.3273,0.2282,-1.0777,-0.4391
SHP-001334,2024-05-01,2024-05-01,2024-05-03,Ahmedabad,Jaipur,670.0,BharatCargo,Mini Truck,Standard,639.1,9399.0,Delivered,False,False,False,False,False,False,0,2.0,2.0,0.0,0.0,14.03,5,False,0.4966,0.5386,0.3609,-1.0777,-0.4391
SHP-001335,2024-07-16,2024-07-17,2024-07-19,Ahmedabad,Patna,1693.2,TransIndia Logistics,Air Cargo,Standard,271.1,52659.0,Delivered,False,False,False,False,False,False,1,2.0,2.0,0.0,0.0,31.1,7,False,0.3826,0.8615,0.7892,-1.0777,-0.4391
SHP-001336,2024-01-05,2024-01-05,2024-01-11,Hyderabad,Delhi,1681.4,BharatCargo,Truck,Standard,3283.1,39599.0,Delivered,False,False,False,False,False,False,0,6.0,5.0,1.0,1.0,23.55,1,False,0.7145,0.8591,0.7183,1.339,1.2884
SHP-001337,2024-04-06,2024-04-07,2024-04-11,Delhi,Ahmedabad,985.6,Unknown,Mini Truck,Standard,323.0,11567.0,Delivered,False,False,False,False,False,False,1,4.0,3.0,1.0,1.0,11.74,4,False,0.4059,0.673,0.4125,0.1307,1.2884
SHP-001338,2024-01-12,2024-01-13,2024-01-15,Kolkata,Patna,569.3,TransIndia Logistics,Truck,Standard,7665.8,16889.0,Delivered,False,False,False,False,False,False,1,2.0,2.0,0.0,0.0,29.67,1,False,0.8274,0.482,0.5065,-1.0777,-0.4391
SHP-001339,2024-09-18,2024-09-20,2024-09-22,Hyderabad,Chennai,631.0,SafeHaul,Truck,Standard,3101.7,15902.0,Delivered,False,False,False,False,False,False,2,2.0,2.0,0.0,0.0,25.2,9,False,0.7069,0.5178,0.4916,-1.0777,-0.4391
SHP-001340,2024-11-27,2024-11-27,2024-11-30,Mumbai,Hyderabad,807.2,RapidFreight,Mini Truck,Express,361.8,13157.0,Delivered,False,False,False,False,False,False,0,3.0,3.0,0.0,0.0,16.3,11,False,0.4209,0.6035,0.4445,-0.4735,-0.4391
SHP-001341,2024-12-31,2024-12-31,,Delhi,Bengaluru,2390.8,RapidFreight,Container,Standard,18763.7,93233.0,In Transit,False,False,False,False,False,False,0,,6.0,,,39.0,12,False,0.9467,0.9817,0.9312,,
SHP-001342,2024-07-02,2024-07-04,2024-07-07,Hyderabad,Pune,656.4,BharatCargo,Container,Standard,16824.4,30277.0,Delivered,False,False,False,False,False,False,2,3.0,2.0,1.0,1.0,46.13,7,False,0.9321,0.5315,0.6516,-0.4735,1.2884
SHP-001343,2024-04-16,2024-04-18,2024-04-23,Bengaluru,Patna,2029.5,BharatCargo,Container,Standard,9027.0,69216.0,Delivered,False,False,False,False,False,False,2,5.0,5.0,0.0,0.0,34.1,4,False,0.8492,0.9246,0.8571,0.7348,-0.4391
SHP-001344,2024-11-17,2024-11-18,2024-11-22,Kolkata,Hyderabad,1559.7,RapidFreight,Truck,Standard,4138.3,37810.0,Delivered,False,False,False,False,False,False,1,4.0,4.0,0.0,0.0,24.24,11,False,0.7453,0.8329,0.7068,0.1307,-0.4391
SHP-001345,2024-02-16,2024-02-19,2024-02-24,Ahmedabad,Kolkata,2052.0,TransIndia Logistics,Container,Standard,10203.7,78887.0,Delivered,False,False,False,False,False,False,3,5.0,5.0,0.0,0.0,38.44,2,False,0.8655,0.9285,0.8897,0.7348,-0.4391
SHP-001346,2024-12-23,2024-12-25,2024-12-27,Kolkata,Bengaluru,1967.4,BharatCargo,Air Cargo,Standard,886.2,78678.0,Delivered,False,False,False,False,False,False,2,2.0,2.0,0.0,0.0,39.99,12,False,0.5401,0.9138,0.889,-1.0777,-0.4391
SHP-001347,2024-10-09,2024-10-09,2024-10-11,Bengaluru,Hyderabad,614.9,TransIndia Logistics,Mini Truck,Standard,1205.5,8392.0,Delivered,False,False,False,False,False,False,0,2.0,2.0,0.0,0.0,13.65,10,False,0.581,0.5088,0.3327,-1.0777,-0.4391
SHP-001348,2024-07-25,2024-07-26,2024-07-30,Mumbai,Hyderabad,839.5,GreenLine Carriers,Mini Truck,Express,543.8,14296.0,Delivered,False,False,False,False,False,False,1,4.0,3.0,1.0,1.0,17.03,7,False,0.4751,0.6172,0.4651,0.1307,1.2884
SHP-001349,2024-02-09,2024-02-10,2024-02-11,Bengaluru,Chennai,334.2,BharatCargo,Mini Truck,Standard,989.1,4740.0,Delivered,False,False,False,True,False,False,1,1.0,1.0,0.0,0.0,14.18,2,False,0.5547,0.2967,0.1907,-1.6819,-0.4391
SHP-001350,2024-01-08,2024-01-08,2024-01-11,Delhi,Patna,1093.3,GreenLine Carriers,Truck,Express,2659.3,32018.0,Delivered,True,False,False,False,False,False,0,3.0,3.0,0.0,0.0,29.29,1,False,0.6864,0.7091,0.6655,-0.4735,-0.4391
SHP-001351,2024-08-09,2024-08-09,2024-08-14,Hyderabad,Kolkata,1485.3,RapidFreight,Mini Truck,Express,467.5,22542.0,Delivered,False,False,False,False,False,False,0,5.0,5.0,0.0,0.0,15.18,8,False,0.455,0.8159,0.5783,0.7348,-0.4391
SHP-001352,2024-06-18,2024-06-19,2024-06-23,Hyderabad,Patna,1439.3,SafeHaul,Truck,Standard,6389.6,32496.0,Delivered,False,False,False,False,False,False,1,4.0,4.0,0.0,0.0,22.58,6,False,0.8032,0.8049,0.6692,0.1307,-0.4391
SHP-001353,2024-11-14,2024-11-15,2024-11-17,Mumbai,Kolkata,2260.5,GreenLine Carriers,Air Cargo,Standard,235.8,70608.0,Delivered,False,False,False,False,False,False,1,2.0,2.0,0.0,0.0,31.24,11,False,0.3641,0.9622,0.8621,-1.0777,-0.4391
SHP-001354,2024-09-15,2024-09-18,2024-09-22,Mumbai,Hyderabad,772.0,TransIndia Logistics,Mini Truck,Standard,660.2,10213.0,Delivered,False,False,False,False,False,False,3,4.0,3.0,1.0,1.0,13.23,9,False,0.5009,0.588,0.3815,0.1307,1.2884
SHP-001355,2024-06-25,2024-06-25,2024-06-28,Hyderabad,Ahmedabad,1094.9,RapidFreight,Truck,Express,6962.7,31093.0,Delivered,False,False,False,False,False,False,0,3.0,3.0,0.0,0.0,28.4,6,False,0.8146,0.7096,0.6582,-0.4735,-0.4391
SHP-001356,2024-04-02,2024-04-02,2024-04-03,Delhi,Jaipur,299.3,RapidFreight,Mini Truck,Standard,733.7,4350.0,Delivered,False,False,False,False,False,False,0,1.0,1.0,0.0,0.0,14.53,4,False,0.515,0.2584,0.1694,-1.6819,-0.4391
SHP-001357,2024-07-15,2024-07-18,2024-07-22,Bengaluru,Pune,956.2,RapidFreight,Mini Truck,Standard,634.6,10826.0,Delivered,False,False,False,False,False,False,3,4.0,3.0,1.0,1.0,11.32,7,False,0.4957,0.6625,0.396,0.1307,1.2884
SHP-001358,2024-03-07,2024-03-08,2024-03-12,Bengaluru,Ahmedabad,1555.1,GreenLine Carriers,Container,Standard,12621.6,68614.0,Delivered,False,False,False,False,False,False,1,4.0,4.0,0.0,0.0,44.12,3,False,0.8938,0.8319,0.855,0.1307,-0.4391
SHP-001359,2024-09-24,2024-09-24,2024-09-30,Chennai,Delhi,2105.7,RapidFreight,Truck,Express,4646.0,62311.0,Delivered,False,False,False,False,False,False,0,6.0,6.0,0.0,0.0,29.59,9,False,0.7607,0.9375,0.831,1.339,-0.4391
SHP-001360,2024-09-01,2024-09-02,2024-09-04,Delhi,Bengaluru,2149.5,BharatCargo,Air Cargo,Standard,189.2,68491.0,Delivered,False,False,False,False,False,False,1,2.0,2.0,0.0,0.0,31.86,9,False,0.3349,0.9446,0.8545,-1.0777,-0.4391
SHP-001361,2024-11-06,2024-11-09,2024-11-14,Kolkata,Pune,2118.8,BharatCargo,Container,Standard,16164.9,81944.0,Delivered,False,False,False,True,False,False,3,5.0,5.0,0.0,0.0,38.67,11,False,0.9268,0.9396,0.8991,0.7348,-0.4391
SHP-001362,2024-07-02,2024-07-02,2024-07-06,Mumbai,Jaipur,1181.2,BharatCargo,Unknown,Standard,788.5,15774.0,Delivered,False,False,False,False,False,False,0,4.0,3.0,1.0,1.0,13.35,7,False,0.5245,0.7361,0.4896,0.1307,1.2884
SHP-001363,2024-04-23,2024-04-24,2024-04-26,Kolkata,Patna,610.6,BharatCargo,Truck,Standard,2958.3,16286.0,Delivered,False,False,False,False,False,False,1,2.0,2.0,0.0,0.0,26.67,4,False,0.7006,0.5063,0.4975,-1.0777,-0.4391
SHP-001364,2024-11-13,2024-11-13,2024-11-14,Delhi,Jaipur,297.7,BharatCargo,Mini Truck,Express,384.4,4519.0,Delivered,False,False,False,False,False,False,0,1.0,1.0,0.0,0.0,15.18,11,False,0.429,0.2565,0.1789,-1.6819,-0.4391
SHP-001365,2024-10-02,2024-10-03,2024-10-05,Bengaluru,Kolkata,1945.0,SafeHaul,Air Cargo,Express,157.7,85455.0,Delivered,False,True,False,True,False,False,1,2.0,2.0,0.0,0.0,43.94,10,False,0.3108,0.9098,0.9095,-1.0777,-0.4391
SHP-001366,2024-10-07,2024-10-07,2024-10-11,Bengaluru,Mumbai,1154.7,BharatCargo,Truck,Standard,14508.9,37217.0,Delivered,False,False,False,False,False,False,0,4.0,3.0,1.0,1.0,32.23,10,False,0.9124,0.7282,0.7029,0.1307,1.2884
SHP-001367,2024-08-03,2024-08-03,2024-08-07,Mumbai,Delhi,1457.4,BharatCargo,Truck,Standard,6574.6,35841.0,Delivered,False,False,False,False,False,False,0,4.0,4.0,0.0,0.0,24.59,8,False,0.807,0.8093,0.6936,0.1307,-0.4391
SHP-001368,2024-11-24,2024-11-24,2024-11-27,Delhi,Patna,1073.1,BharatCargo,Truck,Express,4686.8,32752.0,Delivered,False,False,False,False,False,False,0,3.0,3.0,0.0,0.0,30.52,11,False,0.7619,0.7026,0.6712,-0.4735,-0.4391
SHP-001369,2024-04-03,2024-04-05,2024-04-09,Delhi,Pune,1566.7,BharatCargo,Container,Standard,15143.6,49004.0,Delivered,False,False,False,False,False,False,2,4.0,4.0,0.0,0.0,31.28,4,False,0.9181,0.8344,0.7713,0.1307,-0.4391
SHP-001370,2024-06-13,2024-06-14,2024-06-17,Mumbai,Chennai,1284.4,TransIndia Logistics,Container,Standard,9404.3,44653.0,Delivered,False,False,False,False,False,False,1,3.0,3.0,0.0,0.0,34.77,6,False,0.8546,0.7652,0.7482,-0.4735,-0.4391
SHP-001371,2024-11-02,2024-11-03,2024-11-06,Delhi,Ahmedabad,969.3,BharatCargo,Mini Truck,Standard,1535.2,13972.0,Delivered,False,False,False,False,False,False,1,3.0,3.0,0.0,0.0,14.41,11,False,0.6132,0.6672,0.4594,-0.4735,-0.4391
SHP-001372,2024-02-24,2024-02-25,2024-02-27,Ahmedabad,Pune,663.3,BharatCargo,Mini Truck,Standard,782.9,9679.0,Delivered,False,False,False,False,False,False,1,2.0,2.0,0.0,0.0,14.59,2,False,0.5236,0.5351,0.3682,-1.0777,-0.4391
SHP-001373,2024-11-05,2024-11-06,2024-11-08,Bengaluru,Chennai,372.0,RapidFreight,Mini Truck,Express,468.4,6611.0,Delivered,False,False,False,False,False,False,1,2.0,2.0,0.0,0.0,17.77,11,False,0.4553,0.334,0.2734,-1.0777,-0.4391
SHP-001374,2024-05-24,2024-05-25,2024-05-29,Hyderabad,Kolkata,1529.0,RapidFreight,Truck,Standard,5428.6,36700.0,Delivered,False,False,False,False,False,False,1,4.0,4.0,0.0,0.0,24.0,5,False,0.7814,0.826,0.6994,0.1307,-0.4391
SHP-001375,2024-02-21,2024-02-23,2024-02-25,Ahmedabad,Pune,718.6,TransIndia Logistics,Truck,Standard,4373.4,21094.0,Delivered,False,False,False,True,False,False,2,2.0,2.0,0.0,0.0,29.35,2,False,0.7527,0.563,0.5618,-1.0777,-0.4391
SHP-001376,2024-02-02,2024-02-02,2024-02-06,Delhi,Pune,1521.1,TransIndia Logistics,Truck,Standard,6030.4,44389.0,Delivered,False,True,False,False,False,False,0,4.0,4.0,0.0,0.0,29.18,2,False,0.7955,0.8242,0.7467,0.1307,-0.4391
SHP-001377,2024-11-15,2024-11-17,2024-11-22,Kolkata,Mumbai,1915.8,RapidFreight,Truck,Standard,5314.4,44103.0,Delivered,False,False,False,False,False,False,2,5.0,5.0,0.0,0.0,23.02,11,False,0.7786,0.9045,0.7451,0.7348,-0.4391
SHP-001378,2024-10-28,2024-10-28,2024-11-01,Hyderabad,Kolkata,1533.1,BharatCargo,Truck,Express,6586.2,54873.0,Delivered,False,False,False,False,False,False,0,4.0,4.0,0.0,0.0,35.79,10,False,0.8072,0.8269,0.7994,0.1307,-0.4391
SHP-001379,2024-04-27,2024-04-29,2024-05-03,Kolkata,Hyderabad,1515.6,BharatCargo,Truck,Standard,8465.5,35585.0,Delivered,False,False,False,False,False,False,2,4.0,4.0,0.0,0.0,23.48,4,False,0.8406,0.8229,0.6918,0.1307,-0.4391
SHP-001380,2024-02-17,2024-02-17,2024-02-19,Bengaluru,Patna,2065.0,SafeHaul,Air Cargo,Standard,71.5,57046.0,Delivered,False,False,False,False,False,False,0,2.0,2.0,0.0,0.0,27.63,2,False,0.2064,0.9307,0.8091,-1.0777,-0.4391
SHP-001381,2024-04-11,2024-04-11,2024-04-14,Bengaluru,Mumbai,1092.7,RapidFreight,Truck,Standard,6739.5,27267.0,Returned,False,False,False,False,False,False,0,3.0,3.0,0.0,0.0,24.95,4,False,0.8103,0.7089,0.6256,-0.4735,-0.4391
SHP-001382,2024-03-28,2024-03-28,2024-03-30,Delhi,Lucknow,533.0,Unknown,Truck,Standard,7074.0,15144.0,Delivered,False,False,False,False,False,False,0,2.0,2.0,0.0,0.0,28.41,3,False,0.8167,0.459,0.4794,-1.0777,-0.4391
SHP-001383,2024-10-14,2024-10-14,2024-10-16,Bengaluru,Chennai,371.2,Unknown,Mini Truck,Standard,275.5,4664.0,Delivered,False,False,False,False,False,False,0,2.0,2.0,0.0,0.0,12.56,10,False,0.3848,0.3332,0.1867,-1.0777,-0.4391
SHP-001384,2024-03-29,2024-03-30,2024-04-04,Ahmedabad,Chennai,1799.1,GreenLine Carriers,Truck,Standard,6030.4,46284.0,Delivered,False,True,False,False,False,False,1,5.0,5.0,0.0,0.0,25.73,3,False,0.7955,0.8826,0.7571,0.7348,-0.4391
SHP-001385,2024-03-29,2024-03-29,2024-04-01,Ahmedabad,Delhi,971.4,RapidFreight,Container,Express,13777.6,49270.0,Delivered,False,False,False,False,False,False,0,3.0,3.0,0.0,0.0,50.72,3,False,0.9055,0.668,0.7727,-0.4735,-0.4391
SHP-001386,2024-01-14,2024-01-14,2024-01-15,Delhi,Jaipur,289.5,BharatCargo,Mini Truck,Express,756.8,5475.0,Delivered,False,False,False,False,False,False,0,1.0,1.0,0.0,0.0,18.91,1,False,0.5191,0.2468,0.2266,-1.6819,-0.4391
SHP-001387,2024-08-29,2024-08-30,2024-09-04,Chennai,Kolkata,1948.7,RapidFreight,Container,Standard,14175.7,74180.0,Delivered,False,False,False,False,False,False,1,5.0,5.0,0.0,0.0,38.07,8,False,0.9093,0.9105,0.8744,0.7348,-0.4391
SHP-001388,2024-10-02,2024-10-03,2024-10-07,Mumbai,Lucknow,1525.2,RapidFreight,Container,Standard,15329.3,49435.0,Delivered,True,False,False,False,False,False,1,4.0,4.0,0.0,0.0,32.41,10,False,0.9197,0.8251,0.7735,0.1307,-0.4391
SHP-001389,2024-09-19,2024-09-20,2024-09-22,Ahmedabad,Bengaluru,1589.5,GreenLine Carriers,Air Cargo,Standard,157.7,52135.0,Delivered,False,True,False,False,False,False,1,2.0,2.0,0.0,0.0,32.8,9,False,0.3108,0.8395,0.7867,-1.0777,-0.4391
SHP-001390,2024-08-18,2024-08-20,2024-08-21,Delhi,Jaipur,282.9,BharatCargo,Truck,Standard,2956.6,7785.0,Delivered,False,False,False,False,False,False,2,1.0,1.0,0.0,0.0,27.52,8,False,0.7005,0.2388,0.314,-1.6819,-0.4391
SHP-001391,2024-12-21,2024-12-21,2024-12-23,Ahmedabad,Mumbai,564.9,RapidFreight,Mini Truck,Standard,570.1,7035.0,Delivered,False,False,False,False,False,False,0,2.0,2.0,0.0,0.0,12.45,12,False,0.4814,0.4793,0.2889,-1.0777,-0.4391
SHP-001392,2024-07-12,2024-07-12,2024-07-15,Hyderabad,Mumbai,765.0,GreenLine Carriers,Mini Truck,Express,1044.2,12831.0,Delivered,False,False,False,False,False,False,0,3.0,3.0,0.0,0.0,16.77,7,False,0.5619,0.5848,0.4382,-0.4735,-0.4391
SHP-001393,2024-11-19,2024-11-19,2024-11-20,Delhi,Jaipur,295.6,RapidFreight,Truck,Express,8007.0,10070.0,Delivered,False,False,False,False,False,True,0,1.0,1.0,0.0,0.0,34.07,11,False,0.8332,0.2541,0.378,-1.6819,-0.4391
SHP-001394,2024-09-16,2024-09-16,2024-09-18,Delhi,Jaipur,313.5,RapidFreight,Unknown,Standard,922.2,4843.0,Delivered,False,False,False,False,False,False,0,2.0,1.0,1.0,1.0,15.45,9,False,0.5454,0.2745,0.1961,-1.0777,1.2884
SHP-001395,2024-02-04,2024-02-05,2024-02-09,Hyderabad,Patna,1491.0,RapidFreight,Truck,Express,18000.0,49685.0,Delivered,False,False,False,False,False,False,1,4.0,4.0,0.0,0.0,33.32,2,False,0.9411,0.8172,0.7747,0.1307,-0.4391
SHP-001396,2024-11-06,2024-11-06,2024-11-10,Delhi,Mumbai,1501.8,BharatCargo,Container,Standard,17357.2,56292.0,Delivered,False,False,False,False,False,False,0,4.0,4.0,0.0,0.0,37.48,11,False,0.9363,0.8197,0.8058,0.1307,-0.4391
SHP-001397,2024-08-24,2024-08-24,2024-08-29,Bengaluru,Lucknow,1882.2,GreenLine Carriers,Truck,Standard,11826.3,54674.0,Delivered,False,False,False,False,False,False,0,5.0,5.0,0.0,0.0,29.05,8,False,0.8852,0.8984,0.7985,0.7348,-0.4391
SHP-001398,2024-09-19,2024-09-21,2024-09-29,Ahmedabad,Chennai,1885.0,RapidFreight,Truck,Standard,4990.4,49499.0,Delivered,False,False,False,False,False,False,2,8.0,5.0,3.0,1.0,26.26,9,True,0.7702,0.8989,0.7738,2.5474,4.7434
SHP-001399,2024-03-14,2024-03-14,2024-03-17,Kolkata,Lucknow,1080.8,TransIndia Logistics,Truck,Standard,3306.9,26859.0,Delivered,False,False,False,False,False,False,0,3.0,3.0,0.0,0.0,24.85,3,False,0.7154,0.7051,0.6218,-0.4735,-0.4391
SHP-001400,2024-06-27,2024-06-28,2024-07-03,Mumbai,Jaipur,1249.7,RapidFreight,Truck,Standard,4968.8,27317.0,Delivered,False,False,False,False,False,False,1,5.0,4.0,1.0,1.0,21.86,6,False,0.7697,0.7557,0.6261,0.7348,1.2884
SHP-001401,2024-11-25,2024-11-25,2024-11-30,Bengaluru,Jaipur,2080.2,RapidFreight,Container,Express,17961.7,102160.0,Delivered,False,False,False,False,False,False,0,5.0,5.0,0.0,0.0,49.11,11,False,0.9409,0.9332,0.9539,0.7348,-0.4391
SHP-001402,2024-03-29,2024-03-31,2024-04-04,Delhi,Pune,1535.5,SafeHaul,Container,Standard,16142.4,61838.0,Delivered,False,False,False,False,False,False,2,4.0,4.0,0.0,0.0,40.27,3,False,0.9266,0.8274,0.8291,0.1307,-0.4391
SHP-001403,2024-01-01,2024-01-03,2024-01-07,Ahmedabad,Patna,1613.2,TransIndia Logistics,Container,Standard,16122.2,63023.0,Delivered,False,False,False,False,False,False,2,4.0,4.0,0.0,0.0,39.07,1,False,0.9265,0.8446,0.8338,0.1307,-0.4391
SHP-001404,2024-04-15,2024-04-15,2024-04-20,Mumbai,Patna,1870.8,SafeHaul,Container,Standard,12988.1,67909.0,Delivered,False,False,False,False,False,False,0,5.0,5.0,0.0,0.0,36.3,4,False,0.8977,0.8962,0.8524,0.7348,-0.4391
SHP-001405,2024-07-18,2024-07-19,2024-07-25,Delhi,Mumbai,1440.8,RapidFreight,Truck,Express,6030.4,42135.0,Delivered,False,True,False,False,False,False,1,6.0,4.0,2.0,1.0,29.24,7,True,0.7955,0.8053,0.7338,1.339,3.0159
SHP-001406,2024-11-09,2024-11-10,2024-11-13,Mumbai,Bengaluru,1083.3,RapidFreight,Truck,Standard,5386.2,25879.0,Delivered,False,False,False,False,False,False,1,3.0,3.0,0.0,0.0,23.89,11,False,0.7804,0.7059,0.6126,-0.4735,-0.4391
SHP-001407,2024-09-15,2024-09-16,2024-09-18,Ahmedabad,Pune,656.4,TransIndia Logistics,Mini Truck,Express,1081.1,10584.0,Delivered,False,False,False,False,False,False,1,2.0,2.0,0.0,0.0,16.12,9,False,0.5665,0.5315,0.3904,-1.0777,-0.4391
SHP-001408,2024-12-06,2024-12-07,2024-12-08,Delhi,Jaipur,276.3,SafeHaul,Truck,Express,9936.3,9696.0,Delivered,False,False,False,False,False,True,1,1.0,1.0,0.0,0.0,35.09,12,False,0.862,0.2306,0.3686,-1.6819,-0.4391
SHP-001409,2024-07-05,2024-07-07,2024-07-11,Hyderabad,Patna,1529.0,BharatCargo,Container,Standard,9844.1,61113.0,Delivered,False,False,False,False,False,False,2,4.0,4.0,0.0,0.0,39.97,7,False,0.8607,0.826,0.8262,0.1307,-0.4391
SHP-001410,2024-06-08,2024-06-09,2024-06-15,Chennai,Ahmedabad,1750.3,RapidFreight,Truck,Standard,9479.8,43322.0,Delivered,False,False,False,False,False,False,1,6.0,5.0,1.0,1.0,24.75,6,False,0.8557,0.8731,0.7407,1.339,1.2884
SHP-001411,2024-04-04,2024-04-05,2024-04-09,Hyderabad,Delhi,1575.8,TransIndia Logistics,Container,Standard,11148.5,61100.0,Delivered,False,False,False,False,False,False,1,4.0,4.0,0.0,0.0,38.77,4,False,0.8773,0.8365,0.8261,0.1307,-0.4391
SHP-001412,2024-03-30,2024-03-31,2024-04-02,Ahmedabad,Bengaluru,1547.6,RapidFreight,Air Cargo,Express,239.7,65182.0,Delivered,False,False,False,False,False,False,1,2.0,2.0,0.0,0.0,42.12,3,False,0.3663,0.8302,0.8422,-1.0777,-0.4391
SHP-001413,2024-10-15,2024-10-16,2024-10-21,Hyderabad,Patna,1484.3,SafeHaul,Mini Truck,Standard,623.8,21868.0,Delivered,False,False,False,False,False,False,1,5.0,5.0,0.0,0.0,14.73,10,False,0.4934,0.8156,0.5708,0.7348,-0.4391
SHP-001414,2024-02-02,2024-02-05,2024-02-07,Ahmedabad,Jaipur,667.4,SafeHaul,Truck,Standard,15351.8,25399.0,Delivered,False,False,False,False,False,False,3,2.0,2.0,0.0,0.0,38.06,2,False,0.9199,0.5373,0.608,-1.0777,-0.4391
SHP-001415,2024-04-09,2024-04-10,2024-04-12,Delhi,Bengaluru,2217.75,RapidFreight,Air Cargo,Standard,98.7,66311.0,Delivered,True,False,False,False,False,False,1,2.0,2.0,0.0,0.0,29.9,4,False,0.2489,0.9555,0.8465,-1.0777,-0.4391
SHP-001416,2024-11-26,2024-11-29,2024-12-01,Hyderabad,Kolkata,1538.0,BharatCargo,Air Cargo,Standard,179.3,49499.0,Delivered,False,False,False,False,False,False,3,2.0,2.0,0.0,0.0,32.18,11,False,0.3278,0.828,0.7738,-1.0777,-0.4391
SHP-001417,2024-08-21,2024-08-21,2024-08-23,Bengaluru,Chennai,379.7,SafeHaul,Mini Truck,Express,1007.3,6991.0,Delivered,False,False,False,False,False,False,0,2.0,2.0,0.0,0.0,18.41,8,False,0.5571,0.3411,0.2873,-1.0777,-0.4391
SHP-001418,2024-01-20,2024-01-20,2024-01-23,Bengaluru,Mumbai,1073.4,SafeHaul,Truck,Express,3551.6,28615.0,Delivered,False,False,True,False,False,False,0,3.0,3.0,0.0,0.0,26.66,1,False,0.7249,0.7027,0.6376,-0.4735,-0.4391
SHP-001419,2024-10-06,2024-10-09,2024-10-10,Hyderabad,Patna,1396.2,GreenLine Carriers,Air Cargo,Standard,139.5,46471.0,Delivered,False,False,False,False,False,False,3,1.0,1.0,0.0,0.0,33.28,10,False,0.2946,0.7943,0.7581,-1.6819,-0.4391
SHP-001420,2024-07-26,2024-07-27,2024-08-01,Ahmedabad,Patna,1676.2,SafeHaul,Container,Standard,13476.0,60171.0,Delivered,False,True,False,False,False,False,1,5.0,4.0,1.0,1.0,35.9,7,False,0.9026,0.858,0.8223,0.7348,1.2884
SHP-001421,2024-11-18,2024-11-18,2024-11-23,Chennai,Jaipur,1936.5,RapidFreight,Truck,Standard,4408.2,46709.0,Delivered,False,False,False,False,False,False,0,5.0,5.0,0.0,0.0,24.12,11,False,0.7537,0.9083,0.7594,0.7348,-0.4391
SHP-001422,2024-09-29,2024-09-29,2024-10-05,Bengaluru,Lucknow,1942.5,BharatCargo,Mini Truck,Express,537.7,31752.0,Delivered,False,False,False,False,False,False,0,6.0,6.0,0.0,0.0,16.35,9,False,0.4736,0.9094,0.6634,1.339,-0.4391
SHP-001423,2024-01-02,2024-01-02,2024-01-08,Bengaluru,Delhi,2159.7,SafeHaul,Container,Standard,20661.3,72412.0,Delivered,False,False,False,False,False,False,0,6.0,5.0,1.0,1.0,33.53,1,False,0.9595,0.9463,0.8684,1.339,1.2884
SHP-001424,2024-03-25,2024-03-26,2024-03-30,Mumbai,Chennai,1367.3,BharatCargo,Truck,Express,4189.7,38195.0,Delivered,False,False,False,False,False,False,1,4.0,4.0,0.0,0.0,27.93,3,False,0.7469,0.787,0.7094,0.1307,-0.4391
SHP-001425,2024-04-15,2024-04-18,2024-04-24,Mumbai,Bengaluru,1066.4,TransIndia Logistics,Mini Truck,Standard,983.3,14336.0,Delivered,False,False,False,False,False,False,3,6.0,4.0,2.0,1.0,13.44,4,True,0.5539,0.7005,0.4658,1.339,3.0159
SHP-001426,2024-10-05,2024-10-06,2024-10-10,Mumbai,Chennai,1299.0,RapidFreight,Truck,Standard,7246.5,28776.0,Delivered,False,False,False,False,False,False,1,4.0,4.0,0.0,0.0,22.15,10,False,0.8199,0.7692,0.639,0.1307,-0.4391
SHP-001427,2024-07-27,2024-07-28,2024-07-29,Delhi,Jaipur,324.4,RapidFreight,Truck,Express,2595.0,9603.0,Delivered,False,False,False,False,False,False,1,1.0,1.0,0.0,0.0,29.6,7,False,0.6831,0.2864,0.3662,-1.6819,-0.4391
SHP-001428,2024-10-19,2024-10-19,2024-10-23,Delhi,Kolkata,1691.8,RapidFreight,Container,Standard,16789.7,64692.0,Delivered,False,False,False,False,False,False,0,4.0,4.0,0.0,0.0,38.24,10,False,0.9319,0.8612,0.8403,0.1307,-0.4391
SHP-001429,2024-07-28,2024-07-29,2024-07-31,Chennai,Delhi,2277.7,TransIndia Logistics,Unknown,Standard,51.2,71403.0,Delivered,False,False,False,False,True,False,1,2.0,6.0,-4.0,0.0,31.35,7,False,0.1626,0.9648,0.8649,-1.0777,-7.349
SHP-001430,2024-05-13,2024-05-14,2024-05-20,Bengaluru,Jaipur,1969.0,SafeHaul,Container,Standard,17442.1,78803.0,Delivered,False,False,False,False,False,False,1,6.0,5.0,1.0,1.0,40.02,5,False,0.9369,0.9141,0.8894,1.339,1.2884
SHP-001431,2024-02-12,2024-02-12,2024-02-13,Ahmedabad,Lucknow,1181.8,SafeHaul,Air Cargo,Standard,90.3,41423.0,Delivered,False,False,False,False,False,False,0,1.0,1.0,0.0,0.0,35.05,2,False,0.2371,0.7362,0.7295,-1.6819,-0.4391
SHP-001432,2024-03-23,2024-03-24,2024-03-26,Kolkata,Chennai,1761.8,BharatCargo,Air Cargo,Express,151.3,63257.0,Delivered,True,False,False,False,False,False,1,2.0,2.0,0.0,0.0,35.9,3,False,0.3053,0.8753,0.8348,-1.0777,-0.4391
SHP-001433,2024-06-12,2024-06-13,2024-06-19,Delhi,Bengaluru,2312.9,GreenLine Carriers,Truck,Express,2759.9,63984.0,Delivered,False,False,False,False,False,False,1,6.0,6.0,0.0,0.0,27.66,6,False,0.6913,0.9702,0.8376,1.339,-0.4391
SHP-001434,2024-08-12,2024-08-13,2024-08-17,Delhi,Patna,1093.3,GreenLine Carriers,Truck,Standard,6457.2,25862.0,Delivered,True,False,False,False,False,False,1,4.0,3.0,1.0,1.0,23.65,8,False,0.8046,0.7091,0.6124,0.1307,1.2884
SHP-001435,2024-12-12,2024-12-13,2024-12-19,Mumbai,Patna,1846.2,BharatCargo,Mini Truck,Standard,1220.8,22992.0,Delivered,False,False,False,True,False,False,1,6.0,6.0,0.0,0.0,12.45,12,False,0.5827,0.8916,0.5832,1.339,-0.4391
SHP-001436,2024-04-07,2024-04-07,2024-04-08,Ahmedabad,Lucknow,1204.1,TransIndia Logistics,Air Cargo,Standard,66.9,39222.0,Delivered,False,False,False,False,False,False,0,1.0,1.0,0.0,0.0,32.57,4,False,0.1977,0.7428,0.716,-1.6819,-0.4391
SHP-001437,2024-09-23,2024-09-23,2024-09-26,Mumbai,Hyderabad,818.1,GreenLine Carriers,Truck,Express,4168.1,27010.0,Delivered,False,False,False,False,False,False,0,3.0,3.0,0.0,0.0,33.02,9,False,0.7463,0.6082,0.6232,-0.4735,-0.4391
SHP-001438,2024-03-03,2024-03-04,2024-03-10,Bengaluru,Delhi,2088.1,BharatCargo,Container,Standard,13476.0,81139.0,Delivered,False,True,False,False,False,False,1,6.0,5.0,1.0,1.0,38.86,3,False,0.9026,0.9345,0.8966,1.339,1.2884
SHP-001439,2024-10-09,2024-10-09,2024-10-11,Ahmedabad,Bengaluru,1545.8,BharatCargo,Air Cargo,Express,242.3,65895.0,Delivered,False,False,False,False,False,False,0,2.0,2.0,0.0,0.0,42.63,10,False,0.3677,0.8298,0.8449,-1.0777,-0.4391
SHP-001440,2024-01-05,2024-01-07,2024-01-11,Ahmedabad,Hyderabad,1074.4,SafeHaul,Mini Truck,Standard,162.5,14311.0,Delivered,False,False,False,True,False,False,2,4.0,4.0,0.0,0.0,13.32,1,False,0.3148,0.7031,0.4654,0.1307,-0.4391
SHP-001441,2024-09-20,2024-09-21,2024-09-23,Mumbai,Patna,1991.3,BharatCargo,Air Cargo,Standard,157.7,80422.0,Delivered,False,True,False,False,False,False,1,2.0,2.0,0.0,0.0,40.39,9,False,0.3108,0.918,0.8944,-1.0777,-0.4391
SHP-001442,2024-03-07,2024-03-07,2024-03-11,Delhi,Patna,1093.3,TransIndia Logistics,Mini Truck,Standard,961.2,16202.0,Delivered,True,False,False,False,False,False,0,4.0,4.0,0.0,0.0,14.82,3,False,0.5509,0.7091,0.4962,0.1307,-0.4391
SHP-001443,2024-03-14,2024-03-17,2024-03-19,Delhi,Lucknow,486.6,SafeHaul,Mini Truck,Standard,1063.4,6762.0,Delivered,False,False,False,False,False,False,3,2.0,2.0,0.0,0.0,13.9,3,False,0.5643,0.4273,0.279,-1.0777,-0.4391
SHP-001444,2024-08-15,2024-08-18,2024-08-19,Delhi,Jaipur,282.7,RapidFreight,Mini Truck,Standard,642.2,4142.0,Delivered,False,False,False,False,False,False,3,1.0,1.0,0.0,0.0,14.65,8,False,0.4972,0.2386,0.1572,-1.6819,-0.4391
SHP-001445,2024-06-02,2024-06-02,2024-06-10,Delhi,Chennai,2235.3,BharatCargo,Truck,Standard,1971.0,48692.0,Delivered,False,False,False,False,False,False,0,8.0,6.0,2.0,1.0,21.78,6,True,0.6465,0.9583,0.7697,2.5474,3.0159
SHP-001446,2024-07-11,2024-07-14,2024-07-20,Kolkata,Bengaluru,1959.9,SafeHaul,Container,Standard,17729.1,80047.0,Delivered,False,False,False,False,False,True,3,6.0,5.0,1.0,1.0,40.84,7,False,0.9391,0.9125,0.8933,1.339,1.2884
SHP-001447,2024-05-06,2024-05-08,2024-05-10,Ahmedabad,Patna,1581.8,RapidFreight,Air Cargo,Standard,85.2,45629.0,Delivered,False,False,False,False,False,False,2,2.0,2.0,0.0,0.0,28.85,5,False,0.2295,0.8378,0.7536,-1.0777,-0.4391
SHP-001448,2024-12-17,2024-12-17,2024-12-20,Bengaluru,Hyderabad,689.2,BharatCargo,Truck,Standard,8315.5,19703.0,Delivered,False,False,False,False,False,False,0,3.0,2.0,1.0,1.0,28.59,12,False,0.8383,0.5485,0.5448,-0.4735,1.2884
SHP-001449,2024-04-28,2024-04-29,2024-05-03,Kolkata,Hyderabad,1532.2,RapidFreight,Container,Standard,12967.9,51635.0,Delivered,False,False,False,False,False,False,1,4.0,4.0,0.0,0.0,33.7,4,False,0.8975,0.8267,0.7843,0.1307,-0.4391
SHP-001450,2024-08-08,2024-08-09,2024-08-11,Mumbai,Kolkata,2157.4,TransIndia Logistics,Air Cargo,Express,190.3,88803.0,Delivered,False,False,False,False,False,False,1,2.0,2.0,0.0,0.0,41.16,8,False,0.3357,0.9459,0.9191,-1.0777,-0.4391
SHP-001451,2024-11-18,2024-11-19,2024-11-23,Hyderabad,Kolkata,1471.4,RapidFreight,Container,Standard,10674.0,60855.0,Delivered,False,False,False,False,False,False,1,4.0,4.0,0.0,0.0,41.36,11,False,0.8715,0.8126,0.8251,0.1307,-0.4391
SHP-001452,2024-09-23,2024-09-24,2024-10-01,Kolkata,Ahmedabad,2131.7,RapidFreight,Mini Truck,Express,1175.8,35960.0,Delivered,False,False,False,False,False,False,1,7.0,7.0,0.0,0.0,16.87,9,False,0.5777,0.9417,0.6944,1.9432,-0.4391
SHP-001453,2024-05-11,2024-05-12,2024-05-17,Hyderabad,Jaipur,1380.5,TransIndia Logistics,Container,Express,9236.1,68820.0,Delivered,False,False,False,False,False,False,1,5.0,4.0,1.0,1.0,49.85,5,False,0.8522,0.7904,0.8557,0.7348,1.2884
SHP-001454,2024-08-12,2024-08-13,2024-08-15,Ahmedabad,Pune,655.6,RapidFreight,Mini Truck,Standard,2500.0,11525.0,Delivered,False,False,False,False,False,False,1,2.0,2.0,0.0,0.0,17.58,8,False,0.6782,0.5311,0.4116,-1.0777,-0.4391
SHP-001455,2024-02-03,2024-02-03,2024-02-06,Mumbai,Bengaluru,1108.5,SafeHaul,Truck,Standard,18000.0,36953.0,Delivered,False,False,False,False,False,False,0,3.0,3.0,0.0,0.0,33.34,2,False,0.9411,0.7139,0.7011,-0.4735,-0.4391
SHP-001456,2024-08-10,2024-08-11,2024-08-15,Delhi,Kolkata,1559.6,BharatCargo,Container,Express,24791.5,84172.0,Delivered,False,False,False,False,False,False,1,4.0,4.0,0.0,0.0,53.97,8,False,0.9838,0.8329,0.9058,0.1307,-0.4391
SHP-001457,2024-06-25,2024-06-27,2024-07-03,Mumbai,Kolkata,2252.4,TransIndia Logistics,Container,Standard,21877.9,91848.0,Delivered,False,False,False,False,False,False,2,6.0,6.0,0.0,0.0,40.78,6,False,0.9671,0.9609,0.9275,1.339,-0.4391
SHP-001458,2024-10-22,2024-10-23,2024-10-25,Bengaluru,Chennai,374.7,RapidFreight,Mini Truck,Express,665.4,6322.0,Delivered,False,False,False,False,False,False,1,2.0,2.0,0.0,0.0,16.87,10,False,0.502,0.3365,0.2623,-1.0777,-0.4391
SHP-001459,2024-11-16,2024-11-17,2024-11-21,Ahmedabad,Hyderabad,1183.2,RapidFreight,Mini Truck,Standard,1409.5,15669.0,Delivered,False,False,False,False,False,False,1,4.0,4.0,0.0,0.0,13.24,11,False,0.6019,0.7367,0.4879,0.1307,-0.4391
SHP-001460,2024-03-22,2024-03-23,2024-03-26,Mumbai,Jaipur,1127.0,RapidFreight,Container,Standard,13536.6,45081.0,Delivered,False,False,False,False,False,False,1,3.0,3.0,0.0,0.0,40.0,3,False,0.9032,0.7197,0.7506,-0.4735,-0.4391
SHP-001461,2024-02-03,2024-02-05,2024-02-10,Chennai,Jaipur,1981.0,GreenLine Carriers,Truck,Standard,2362.3,43954.0,Delivered,False,False,False,False,False,False,2,5.0,5.0,0.0,0.0,22.19,2,False,0.6706,0.9162,0.7443,0.7348,-0.4391
SHP-001462,2024-06-08,2024-06-10,2024-06-15,Bengaluru,Delhi,2123.1,TransIndia Logistics,Container,Standard,23693.0,75085.0,Delivered,False,False,False,False,False,False,2,5.0,5.0,0.0,0.0,35.37,6,False,0.9777,0.9403,0.8774,0.7348,-0.4391
SHP-001463,2024-08-05,2024-08-05,2024-08-09,Delhi,Ahmedabad,1002.9,BharatCargo,Truck,Express,6030.4,33420.0,Delivered,False,True,False,False,False,False,0,4.0,3.0,1.0,1.0,33.32,8,False,0.7955,0.6791,0.6762,0.1307,1.2884
SHP-001464,2024-06-03,2024-06-04,2024-06-08,Mumbai,Chennai,1326.2,RapidFreight,Truck,Standard,6030.4,33240.0,Delivered,False,True,False,False,False,False,1,4.0,4.0,0.0,0.0,25.06,6,False,0.7955,0.7764,0.6748,0.1307,-0.4391
SHP-001465,2024-09-09,2024-09-09,2024-09-15,Kolkata,Mumbai,2077.8,RapidFreight,Truck,Express,2876.7,63178.0,Delivered,False,False,False,False,False,False,0,6.0,6.0,0.0,0.0,30.41,9,False,0.6969,0.9328,0.8345,1.339,-0.4391
SHP-001466,2024-07-25,2024-07-26,2024-07-31,Chennai,Patna,1819.3,RapidFreight,Truck,Standard,4220.9,42585.0,Delivered,False,False,False,False,False,False,1,5.0,5.0,0.0,0.0,23.41,7,False,0.7479,0.8865,0.7364,0.7348,-0.4391
SHP-001467,2024-12-12,2024-12-12,2024-12-14,Bengaluru,Delhi,2113.8,RapidFreight,Air Cargo,Express,24.3,59864.0,Delivered,False,False,False,False,False,True,0,2.0,2.0,0.0,0.0,28.32,12,False,0.0661,0.9388,0.8211,-1.0777,-0.4391
SHP-001468,2024-06-16,2024-06-17,2024-06-21,Mumbai,Bengaluru,1083.3,GreenLine Carriers,Truck,Express,10578.3,35287.0,Delivered,True,False,False,False,False,False,1,4.0,3.0,1.0,1.0,32.57,6,False,0.8703,0.7059,0.6897,0.1307,1.2884
SHP-001469,2024-02-03,2024-02-05,2024-02-11,Chennai,Patna,1860.9,RapidFreight,Mini Truck,Standard,267.5,23368.0,Delivered,False,False,False,False,False,False,2,6.0,6.0,0.0,0.0,12.56,2,False,0.3808,0.8944,0.5872,1.339,-0.4391
SHP-001470,2024-05-03,2024-05-03,2024-05-09,Delhi,Chennai,2185.6,GreenLine Carriers,Truck,Standard,7126.8,57312.0,Delivered,False,False,False,False,False,False,0,6.0,6.0,0.0,0.0,26.22,5,False,0.8177,0.9504,0.8102,1.339,-0.4391
SHP-001471,2024-09-01,2024-09-01,2024-09-05,Ahmedabad,Hyderabad,1195.2,RapidFreight,Truck,Express,3616.6,38336.0,Delivered,False,False,False,False,False,False,0,4.0,3.0,1.0,1.0,32.07,9,False,0.7273,0.7402,0.7103,0.1307,1.2884
SHP-001472,2024-04-14,2024-04-15,2024-04-17,Delhi,Hyderabad,1601.7,TransIndia Logistics,Air Cargo,Express,36.0,63730.0,Delivered,False,False,False,False,False,False,1,2.0,2.0,0.0,0.0,39.79,4,False,0.1168,0.8421,0.8366,-1.0777,-0.4391
SHP-001473,2024-04-19,2024-04-19,2024-04-23,Delhi,Ahmedabad,1043.4,BharatCargo,Truck,Standard,6922.5,29217.0,Delivered,False,False,False,False,False,False,0,4.0,3.0,1.0,1.0,28.0,4,False,0.8138,0.6929,0.6428,0.1307,1.2884
SHP-001474,2024-05-18,2024-05-21,2024-05-25,Bengaluru,Mumbai,1059.0,RapidFreight,Mini Truck,Standard,573.0,13448.0,Delivered,False,False,False,False,False,False,3,4.0,4.0,0.0,0.0,12.7,5,False,0.4821,0.698,0.4499,0.1307,-0.4391
SHP-001475,2024-10-18,2024-10-19,2024-10-24,Bengaluru,Delhi,2248.4,TransIndia Logistics,Container,Express,18773.1,121056.0,Delivered,False,False,False,False,False,False,1,5.0,5.0,0.0,0.0,53.84,10,False,0.9467,0.9603,0.9961,0.7348,-0.4391
SHP-001476,2024-12-13,2024-12-16,2024-12-23,Bengaluru,Patna,2056.8,RapidFreight,Truck,Standard,2804.4,51343.0,Delivered,False,False,False,False,False,False,3,7.0,6.0,1.0,1.0,24.96,12,False,0.6935,0.9293,0.7829,1.9432,1.2884
SHP-001477,2024-05-23,2024-05-24,2024-05-30,Bengaluru,Kolkata,1862.0,TransIndia Logistics,Truck,Standard,3809.0,40745.0,Delivered,False,False,False,False,False,False,1,6.0,5.0,1.0,1.0,21.88,5,False,0.7343,0.8946,0.7254,1.339,1.2884
SHP-001478,2024-03-20,2024-03-22,2024-03-23,Ahmedabad,Pune,701.0,TransIndia Logistics,Air Cargo,Standard,138.0,21763.0,Delivered,False,False,False,False,False,False,2,1.0,1.0,0.0,0.0,31.05,3,False,0.2931,0.5544,0.5696,-1.6819,-0.4391
SHP-001479,2024-06-20,2024-06-22,2024-06-28,Bengaluru,Delhi,2214.6,GreenLine Carriers,Container,Standard,6517.8,71894.0,Delivered,False,False,False,False,False,False,2,6.0,5.0,1.0,1.0,32.46,6,False,0.8058,0.955,0.8666,1.339,1.2884
SHP-001480,2024-05-23,2024-05-24,2024-05-30,Bengaluru,Patna,2122.9,TransIndia Logistics,Truck,Express,17648.9,79667.0,Delivered,False,False,False,False,False,False,1,6.0,6.0,0.0,0.0,37.53,5,False,0.9385,0.9403,0.8921,1.339,-0.4391
SHP-001481,2024-12-28,2024-12-29,,Bengaluru,Lucknow,1964.8,RapidFreight,Truck,Standard,18000.0,54880.0,In Transit,False,False,False,False,False,False,1,,5.0,,,27.93,12,False,0.9411,0.9133,0.7995,,
SHP-001482,2024-07-08,2024-07-08,2024-07-14,Delhi,Mumbai,1458.8,BharatCargo,Mini Truck,Express,740.0,25269.0,Delivered,False,False,False,False,False,False,0,6.0,5.0,1.0,1.0,17.32,7,False,0.5161,0.8096,0.6067,1.339,1.2884
SHP-001483,2024-09-28,2024-09-28,2024-10-03,Kolkata,Bengaluru,1928.4,SafeHaul,Truck,Standard,6030.4,44281.0,Delivered,False,True,False,False,False,False,0,5.0,5.0,0.0,0.0,22.96,9,False,0.7955,0.9068,0.7461,0.7348,-0.4391
SHP-001484,2024-12-04,2024-12-07,2024-12-12,Mumbai,Jaipur,1235.9,BharatCargo,Truck,Standard,5016.3,26520.0,Delivered,False,False,False,False,False,False,3,5.0,4.0,1.0,1.0,21.46,12,False,0.7709,0.7518,0.6187,0.7348,1.2884
SHP-001485,2024-09-10,2024-09-10,2024-09-13,Kolkata,Patna,607.3,SafeHaul,Truck,Standard,10134.1,23383.0,Returned,False,False,False,False,False,False,0,3.0,2.0,1.0,1.0,38.5,9,False,0.8646,0.5044,0.5874,-0.4735,1.2884
SHP-001486,2024-04-11,2024-04-13,2024-04-19,Delhi,Kolkata,1692.8,RapidFreight,Container,Standard,11693.4,64515.0,Delivered,False,False,False,False,False,False,2,6.0,4.0,2.0,1.0,38.11,4,True,0.8837,0.8614,0.8397,1.339,3.0159
SHP-001487,2024-09-02,2024-09-03,2024-09-05,Ahmedabad,Kolkata,2184.4,SafeHaul,Air Cargo,Express,190.2,80366.0,Delivered,False,False,False,True,False,False,1,2.0,2.0,0.0,0.0,36.79,9,False,0.3356,0.9502,0.8943,-1.0777,-0.4391
SHP-001488,2024-06-13,2024-06-14,2024-06-20,Bengaluru,Ahmedabad,1656.3,BharatCargo,Truck,Standard,5954.3,43352.0,Delivered,False,False,False,False,False,False,1,6.0,5.0,1.0,1.0,26.17,6,False,0.7938,0.8538,0.7408,1.339,1.2884
SHP-001489,2024-06-21,2024-06-22,2024-06-26,Hyderabad,Jaipur,1444.8,RapidFreight,Container,Express,11472.7,79506.0,Delivered,False,False,False,False,False,False,1,4.0,4.0,0.0,0.0,55.03,6,False,0.8811,0.8062,0.8916,0.1307,-0.4391
SHP-001490,2024-12-25,2024-12-25,2024-12-27,Bengaluru,Chennai,350.8,GreenLine Carriers,Mini Truck,Standard,510.5,4754.0,Delivered,False,False,False,False,False,False,0,2.0,2.0,0.0,0.0,13.55,12,False,0.4667,0.3136,0.1915,-1.0777,-0.4391
SHP-001491,2024-04-23,2024-04-24,2024-04-28,Delhi,Hyderabad,1562.2,TransIndia Logistics,Truck,Standard,7154.6,38394.0,Delivered,False,False,False,False,False,False,1,4.0,4.0,0.0,0.0,24.58,4,False,0.8182,0.8334,0.7107,0.1307,-0.4391
SHP-001492,2024-07-10,2024-07-11,2024-07-14,Hyderabad,Ahmedabad,1080.3,BharatCargo,Container,Standard,9945.8,42491.0,Delivered,False,False,False,False,False,False,1,3.0,3.0,0.0,0.0,39.33,7,False,0.8621,0.705,0.7359,-0.4735,-0.4391
SHP-001493,2024-03-06,2024-03-06,2024-03-13,Kolkata,Mumbai,2178.8,RapidFreight,Mini Truck,Express,917.9,31511.0,Delivered,False,False,False,False,False,False,0,7.0,7.0,0.0,0.0,14.46,3,False,0.5448,0.9493,0.6616,1.9432,-0.4391
SHP-001494,2024-03-13,2024-03-13,2024-03-18,Chennai,Kolkata,1770.75,TransIndia Logistics,Container,Standard,11869.9,62893.0,Returned,True,False,False,False,False,False,0,5.0,4.0,1.0,1.0,35.52,3,False,0.8857,0.8771,0.8333,0.7348,1.2884
SHP-001495,2024-08-31,2024-09-01,2024-09-05,Bengaluru,Ahmedabad,1495.1,RapidFreight,Truck,Standard,6476.5,41664.0,Delivered,False,False,False,False,False,False,1,4.0,4.0,0.0,0.0,27.87,8,False,0.805,0.8182,0.731,0.1307,-0.4391
SHP-001496,2024-10-20,2024-10-20,2024-10-26,Kolkata,Mumbai,2101.2,SafeHaul,Truck,Standard,13765.1,53984.0,Delivered,False,False,False,False,False,False,0,6.0,6.0,0.0,0.0,25.69,10,False,0.9054,0.9367,0.7954,1.339,-0.4391
SHP-001497,2024-09-12,2024-09-14,2024-09-17,Hyderabad,Ahmedabad,1058.3,TransIndia Logistics,Container,Standard,13199.6,39910.0,Delivered,False,False,False,False,False,False,2,3.0,3.0,0.0,0.0,37.71,9,False,0.8998,0.6978,0.7203,-0.4735,-0.4391
SHP-001498,2024-05-14,2024-05-15,2024-05-19,Kolkata,Hyderabad,1510.1,RapidFreight,Truck,Standard,6030.4,38244.0,Delivered,False,True,False,False,False,False,1,4.0,4.0,0.0,0.0,25.33,5,False,0.7955,0.8216,0.7097,0.1307,-0.4391
SHP-001499,2024-01-25,2024-01-25,2024-01-29,Mumbai,Lucknow,1428.0,BharatCargo,Container,Standard,7477.1,57102.0,Delivered,False,False,False,False,False,False,0,4.0,4.0,0.0,0.0,39.99,1,False,0.8241,0.8022,0.8093,0.1307,-0.4391
SHP-001500,2024-07-11,2024-07-11,2024-07-16,Kolkata,Delhi,1703.6,Unknown,Truck,Express,4524.7,43753.0,Delivered,False,False,False,False,False,False,0,5.0,5.0,0.0,0.0,25.68,7,False,0.7572,0.8636,0.7431,0.7348,-0.4391
SHP-001501,2024-07-25,2024-07-25,2024-08-01,Chennai,Lucknow,1991.6,Unknown,Truck,Standard,6030.4,48329.0,Delivered,False,True,False,False,False,False,0,7.0,5.0,2.0,1.0,24.27,7,True,0.7955,0.918,0.7679,1.9432,3.0159
SHP-001502,2024-10-25,2024-10-27,2024-11-02,Ahmedabad,Kolkata,2230.0,SafeHaul,Truck,Standard,18000.0,71120.0,Delivered,False,False,False,False,False,False,2,6.0,6.0,0.0,0.0,31.89,10,False,0.9411,0.9574,0.8639,1.339,-0.4391
SHP-001503,2024-09-14,2024-09-15,2024-09-17,Mumbai,Delhi,1518.3,RapidFreight,Air Cargo,Standard,21.1,52946.0,Delivered,False,False,False,False,False,False,1,2.0,2.0,0.0,0.0,34.87,9,False,0.0481,0.8235,0.7905,-1.0777,-0.4391
SHP-001504,2024-11-22,2024-11-23,2024-11-28,Bengaluru,Ahmedabad,1556.3,GreenLine Carriers,Truck,Express,5663.5,48972.0,Delivered,False,False,False,False,False,False,1,5.0,4.0,1.0,1.0,31.47,11,False,0.7871,0.8321,0.7711,0.7348,1.2884
SHP-001505,2024-10-29,2024-10-30,2024-11-01,Hyderabad,Patna,1511.2,TransIndia Logistics,Air Cargo,Standard,643.8,62419.0,Delivered,False,False,False,False,False,False,1,2.0,2.0,0.0,0.0,41.3,10,False,0.4976,0.8219,0.8315,-1.0777,-0.4391
SHP-001506,2024-05-29,2024-05-30,2024-06-04,Bengaluru,Jaipur,1886.8,RapidFreight,Truck,Standard,3746.2,47949.0,Delivered,False,False,False,False,False,False,1,5.0,5.0,0.0,0.0,25.41,5,False,0.732,0.8992,0.7659,0.7348,-0.4391
SHP-001507,2024-09-11,2024-09-12,2024-09-17,Chennai,Mumbai,1271.7,SafeHaul,Truck,Express,5280.7,38591.0,Delivered,False,False,False,False,False,False,1,5.0,4.0,1.0,1.0,30.35,9,False,0.7778,0.7618,0.7119,0.7348,1.2884
SHP-001508,2024-10-19,2024-10-19,2024-10-25,Bengaluru,Delhi,2256.3,BharatCargo,Truck,Standard,7321.4,57645.0,Delivered,False,False,False,False,False,False,0,6.0,6.0,0.0,0.0,25.55,10,False,0.8213,0.9615,0.8117,1.339,-0.4391
SHP-001509,2024-12-18,2024-12-18,2024-12-23,Mumbai,Patna,1699.0,BharatCargo,Truck,Standard,6702.4,46921.0,Delivered,False,False,False,False,False,False,0,5.0,5.0,0.0,0.0,27.62,12,False,0.8095,0.8627,0.7605,0.7348,-0.4391
SHP-001510,2024-06-21,2024-06-22,2024-06-24,Chennai,Jaipur,2053.9,SafeHaul,Air Cargo,Standard,718.0,68230.0,Delivered,False,False,False,False,False,False,1,2.0,2.0,0.0,0.0,33.22,6,False,0.5121,0.9288,0.8536,-1.0777,-0.4391
SHP-001511,2024-09-17,2024-09-18,2024-09-23,Delhi,Hyderabad,1541.4,RapidFreight,Truck,Standard,7852.6,40213.0,Delivered,False,False,False,False,False,False,1,5.0,4.0,1.0,1.0,26.09,9,False,0.8306,0.8288,0.7222,0.7348,1.2884
SHP-001512,2024-06-09,2024-06-10,2024-06-13,Delhi,Ahmedabad,997.0,RapidFreight,Truck,Express,6030.4,38357.0,Delivered,False,True,False,False,False,False,1,3.0,3.0,0.0,0.0,38.47,6,False,0.7955,0.677,0.7104,-0.4735,-0.4391
SHP-001513,2024-10-16,2024-10-16,2024-10-19,Kolkata,Lucknow,1086.0,RapidFreight,Truck,Standard,6030.4,26987.0,Delivered,False,True,False,False,False,False,0,3.0,3.0,0.0,0.0,24.85,10,False,0.7955,0.7068,0.623,-0.4735,-0.4391
SHP-001514,2024-12-04,2024-12-05,2024-12-10,Chennai,Jaipur,2091.9,RapidFreight,Unknown,Express,10803.5,65578.0,Delivered,False,False,True,False,False,False,1,5.0,6.0,-1.0,0.0,31.35,12,False,0.8731,0.9352,0.8437,0.7348,-2.1666
SHP-001515,2024-12-06,2024-12-06,2024-12-11,Hyderabad,Patna,1464.5,SafeHaul,Truck,Express,5240.0,44926.0,Delivered,False,False,False,False,False,False,0,5.0,4.0,1.0,1.0,30.68,12,False,0.7767,0.8109,0.7497,0.7348,1.2884
SHP-001516,2024-03-05,2024-03-05,2024-03-06,Mumbai,Pune,162.9,GreenLine Carriers,Truck,Express,2993.1,6875.0,Delivered,False,False,False,False,False,False,0,1.0,1.0,0.0,0.0,42.2,3,False,0.7021,0.0473,0.2831,-1.6819,-0.4391
SHP-001517,2024-03-24,2024-03-25,2024-03-28,Delhi,Patna,1092.8,SafeHaul,Truck,Standard,8019.4,31203.0,Delivered,False,False,False,False,False,False,1,3.0,3.0,0.0,0.0,28.55,3,False,0.8334,0.709,0.6591,-0.4735,-0.4391
SHP-001518,2024-10-21,2024-10-22,2024-10-27,Ahmedabad,Patna,1618.9,GreenLine Carriers,Container,Standard,12231.3,63642.0,Delivered,False,False,False,False,False,False,1,5.0,4.0,1.0,1.0,39.31,10,False,0.8897,0.8459,0.8363,0.7348,1.2884
SHP-001519,2024-09-10,2024-09-10,2024-09-13,Delhi,Patna,1081.7,SafeHaul,Truck,Standard,6030.4,25879.0,Delivered,False,True,False,False,False,False,0,3.0,3.0,0.0,0.0,23.92,9,False,0.7955,0.7054,0.6126,-0.4735,-0.4391
SHP-001520,2024-12-02,2024-12-02,2024-12-05,Delhi,Patna,1033.8,BharatCargo,Truck,Express,8092.6,32529.0,Delivered,False,False,False,False,False,False,0,3.0,3.0,0.0,0.0,31.47,12,False,0.8346,0.6896,0.6695,-0.4735,-0.4391
SHP-001521,2024-05-08,2024-05-08,2024-05-11,Mumbai,Hyderabad,807.6,TransIndia Logistics,Truck,Express,3020.8,23678.0,Delivered,False,False,False,False,False,False,0,3.0,3.0,0.0,0.0,29.32,5,False,0.7034,0.6037,0.5905,-0.4735,-0.4391
SHP-001522,2024-11-16,2024-11-17,2024-11-21,Bengaluru,Pune,962.8,RapidFreight,Truck,Express,9526.3,34242.0,Delivered,False,False,False,False,False,False,1,4.0,3.0,1.0,1.0,35.57,11,False,0.8564,0.6649,0.6822,0.1307,1.2884
SHP-001523,2024-09-30,2024-09-30,2024-10-04,Hyderabad,Ahmedabad,1236.7,RapidFreight,Truck,Standard,4503.1,28467.0,Delivered,False,False,False,False,False,False,0,4.0,4.0,0.0,0.0,23.02,9,False,0.7565,0.7521,0.6363,0.1307,-0.4391
SHP-001524,2024-03-20,2024-03-21,2024-03-26,Chennai,Lucknow,1913.2,GreenLine Carriers,Container,Standard,21004.6,80523.0,Delivered,False,False,False,False,False,False,1,5.0,5.0,0.0,0.0,42.09,3,False,0.9617,0.9041,0.8948,0.7348,-0.4391
SHP-001525,2024-02-21,2024-02-22,2024-02-23,Chennai,Pune,1157.7,SafeHaul,Air Cargo,Express,101.3,47089.0,Delivered,False,False,False,True,False,False,1,1.0,1.0,0.0,0.0,40.67,2,False,0.2523,0.7291,0.7614,-1.6819,-0.4391
SHP-001526,2024-10-06,2024-10-06,2024-10-08,Delhi,Kolkata,1629.9,GreenLine Carriers,Air Cargo,Standard,282.2,58475.0,Delivered,False,False,False,False,False,False,0,2.0,2.0,0.0,0.0,35.88,10,False,0.3879,0.8482,0.8152,-1.0777,-0.4391
SHP-001527,2024-03-05,2024-03-06,2024-03-09,Mumbai,Patna,1875.3,RapidFreight,Air Cargo,Standard,179.5,56888.0,Delivered,False,False,False,False,False,False,1,3.0,2.0,1.0,1.0,30.34,3,False,0.3279,0.8971,0.8084,-0.4735,1.2884
SHP-001528,2024-11-01,2024-11-03,2024-11-05,Bengaluru,Chennai,377.6,TransIndia Logistics,Truck,Standard,9375.5,13145.0,Delivered,False,False,False,False,False,False,2,2.0,1.0,1.0,1.0,34.81,11,False,0.8542,0.3392,0.4442,-1.0777,1.2884
SHP-001529,2024-08-14,2024-08-17,2024-08-21,Delhi,Mumbai,1465.3,RapidFreight,Truck,Standard,6409.2,39069.0,Delivered,False,False,False,False,False,False,3,4.0,4.0,0.0,0.0,26.66,8,False,0.8036,0.8111,0.715,0.1307,-0.4391
SHP-001530,2024-07-13,2024-07-13,2024-07-18,Mumbai,Delhi,1532.3,BharatCargo,Truck,Standard,2211.6,35358.0,Returned,False,False,False,False,False,False,0,5.0,4.0,1.0,1.0,23.08,7,False,0.6618,0.8267,0.6902,0.7348,1.2884
SHP-001531,2024-04-22,2024-04-23,2024-04-28,Mumbai,Patna,1813.7,GreenLine Carriers,Container,Express,19928.2,88056.0,Delivered,False,False,False,False,False,False,1,5.0,5.0,0.0,0.0,48.55,4,False,0.9547,0.8854,0.917,0.7348,-0.4391
SHP-001532,2024-12-26,2024-12-26,2024-12-28,Delhi,Lucknow,554.6,BharatCargo,Truck,Express,5692.5,20499.0,Returned,False,False,False,False,False,False,0,2.0,2.0,0.0,0.0,36.96,12,False,0.7878,0.4729,0.5547,-1.0777,-0.4391
SHP-001533,2024-10-11,2024-10-13,2024-10-15,Kolkata,Patna,612.7,SafeHaul,Mini Truck,Standard,1124.2,9114.0,Delivered,False,False,False,False,False,False,2,2.0,2.0,0.0,0.0,14.88,10,False,0.5718,0.5075,0.3532,-1.0777,-0.4391
SHP-001534,2024-10-28,2024-10-29,2024-10-30,Chennai,Hyderabad,659.2,GreenLine Carriers,Air Cargo,Standard,299.1,23043.0,Delivered,False,False,False,False,False,False,1,1.0,1.0,0.0,0.0,34.96,10,False,0.3957,0.533,0.5838,-1.6819,-0.4391
SHP-001535,2024-10-25,2024-10-25,2024-10-29,Delhi,Mumbai,1450.0,TransIndia Logistics,Container,Express,10680.3,59609.0,Delivered,False,False,True,False,False,False,0,4.0,4.0,0.0,0.0,41.11,10,False,0.8716,0.8075,0.82,0.1307,-0.4391
SHP-001536,2024-08-24,2024-08-26,2024-08-29,Bengaluru,Pune,1032.0,RapidFreight,Truck,Standard,3465.6,27512.0,Delivered,False,False,True,False,False,False,2,3.0,3.0,0.0,0.0,26.66,8,False,0.7217,0.689,0.6278,-0.4735,-0.4391
SHP-001537,2024-12-13,2024-12-13,2024-12-20,Chennai,Delhi,2173.8,RapidFreight,Truck,Standard,8890.4,59875.0,Delivered,False,False,False,False,False,False,0,7.0,6.0,1.0,1.0,27.54,12,False,0.8472,0.9485,0.8211,1.9432,1.2884
SHP-001538,2024-08-24,2024-08-25,2024-08-30,Chennai,Jaipur,2081.5,GreenLine Carriers,Container,Standard,12590.2,70947.0,Delivered,False,False,False,False,False,False,1,5.0,5.0,0.0,0.0,34.08,8,False,0.8935,0.9334,0.8633,0.7348,-0.4391
SHP-001539,2024-07-31,2024-08-01,2024-08-06,Hyderabad,Jaipur,1359.8,SafeHaul,Truck,Standard,10523.6,37044.0,Delivered,False,False,False,False,False,False,1,5.0,4.0,1.0,1.0,27.24,7,False,0.8696,0.7851,0.7018,0.7348,1.2884
SHP-001540,2024-04-21,2024-04-22,2024-04-24,Bengaluru,Lucknow,2170.4,BharatCargo,Air Cargo,Standard,125.5,66501.0,Delivered,False,False,False,False,False,False,1,2.0,2.0,0.0,0.0,30.64,4,False,0.2806,0.948,0.8472,-1.0777,-0.4391
SHP-001541,2024-04-25,2024-04-25,2024-04-27,Hyderabad,Kolkata,1567.0,RapidFreight,Air Cargo,Express,417.4,59353.0,Delivered,False,False,False,False,False,False,0,2.0,2.0,0.0,0.0,37.88,4,False,0.4399,0.8345,0.8189,-1.0777,-0.4391
SHP-001542,2024-10-16,2024-10-17,2024-10-23,Mumbai,Kolkata,2059.7,RapidFreight,Truck,Standard,7734.9,52310.0,Delivered,False,False,False,False,False,False,1,6.0,6.0,0.0,0.0,25.4,10,False,0.8286,0.9298,0.7875,1.339,-0.4391
SHP-001543,2024-05-16,2024-05-17,2024-05-22,Mumbai,Chennai,1349.8,GreenLine Carriers,Mini Truck,Standard,832.0,15029.0,Delivered,False,False,False,False,False,False,1,5.0,4.0,1.0,1.0,11.13,5,False,0.5317,0.7825,0.4775,0.7348,1.2884
SHP-001544,2024-10-13,2024-10-14,2024-10-17,Delhi,Ahmedabad,997.0,BharatCargo,Truck,Standard,4793.9,24443.0,Delivered,True,False,False,True,False,False,1,3.0,3.0,0.0,0.0,24.52,10,False,0.7649,0.677,0.5984,-0.4735,-0.4391
SHP-001545,2024-12-17,2024-12-17,2024-12-22,Bengaluru,Kolkata,1956.4,TransIndia Logistics,Truck,Express,6897.9,63714.0,Delivered,False,False,False,False,False,False,0,5.0,5.0,0.0,0.0,32.57,12,False,0.8134,0.9118,0.8366,0.7348,-0.4391
SHP-001546,2024-06-28,2024-06-30,2024-07-04,Mumbai,Jaipur,1213.4,RapidFreight,Truck,Standard,12273.9,32819.0,Delivered,False,False,False,False,False,False,2,4.0,4.0,0.0,0.0,27.05,6,False,0.8901,0.7454,0.6717,0.1307,-0.4391
SHP-001547,2024-02-09,2024-02-11,2024-02-18,Mumbai,Kolkata,2150.1,RapidFreight,Mini Truck,Standard,682.5,24983.0,Delivered,False,True,False,False,False,False,2,7.0,7.0,0.0,0.0,11.62,2,False,0.5053,0.9447,0.6039,1.9432,-0.4391
SHP-001548,2024-09-24,2024-09-27,2024-10-03,Chennai,Delhi,2270.0,SafeHaul,Truck,Standard,8252.1,57975.0,Delivered,True,False,False,True,False,False,3,6.0,6.0,0.0,0.0,25.54,9,False,0.8372,0.9636,0.8131,1.339,-0.4391
SHP-001549,2024-01-04,2024-01-04,2024-01-08,Mumbai,Chennai,1320.4,TransIndia Logistics,Truck,Express,6169.2,40229.0,Delivered,False,False,False,False,False,False,0,4.0,4.0,0.0,0.0,30.47,1,False,0.7985,0.7749,0.7223,0.1307,-0.4391
SHP-001550,2024-10-30,2024-10-30,2024-11-01,Mumbai,Ahmedabad,572.0,BharatCargo,Mini Truck,Express,754.3,9440.0,Delivered,False,False,False,False,False,False,0,2.0,2.0,0.0,0.0,16.5,10,False,0.5186,0.4836,0.362,-1.0777,-0.4391
SHP-001551,2024-08-02,2024-08-03,2024-08-09,Delhi,Pune,1514.6,BharatCargo,Container,Standard,25591.3,69152.0,Delivered,False,False,False,False,False,False,1,6.0,4.0,2.0,1.0,45.66,8,True,0.988,0.8227,0.8569,1.339,3.0159
SHP-001552,2024-07-19,2024-07-20,2024-07-22,Bengaluru,Chennai,372.8,SafeHaul,Mini Truck,Standard,1439.6,5715.0,Delivered,False,False,False,False,False,False,1,2.0,2.0,0.0,0.0,15.33,7,False,0.6047,0.3347,0.2372,-1.0777,-0.4391
SHP-001553,2024-08-18,2024-08-18,2024-08-20,Mumbai,Pune,150.3,RapidFreight,Truck,Standard,6292.8,6858.0,Delivered,False,False,False,False,False,False,0,2.0,1.0,1.0,1.0,45.63,8,False,0.8011,0.0194,0.2825,-1.0777,1.2884
SHP-001554,2024-07-30,2024-07-30,2024-07-31,Mumbai,Pune,164.7,BharatCargo,Mini Truck,Express,796.1,3894.0,Delivered,False,False,False,False,False,False,0,1.0,1.0,0.0,0.0,23.64,7,False,0.5258,0.0511,0.1419,-1.6819,-0.4391
SHP-001555,2024-05-12,2024-05-13,2024-05-19,Mumbai,Patna,1781.4,SafeHaul,Truck,Express,3937.9,47650.0,Delivered,False,False,False,False,False,False,1,6.0,5.0,1.0,1.0,26.75,5,False,0.7387,0.8792,0.7643,1.339,1.2884
SHP-001556,2024-04-25,2024-04-25,2024-05-01,Chennai,Patna,1928.7,RapidFreight,Mini Truck,Express,631.0,33831.0,Delivered,False,False,False,False,False,False,0,6.0,6.0,0.0,0.0,17.54,4,False,0.4949,0.9069,0.6792,1.339,-0.4391
SHP-001557,2024-06-18,2024-06-20,2024-06-22,Ahmedabad,Mumbai,555.1,SafeHaul,Truck,Standard,7223.9,16297.0,Delivered,False,False,False,False,False,False,2,2.0,2.0,0.0,0.0,29.36,6,False,0.8195,0.4732,0.4977,-1.0777,-0.4391
SHP-001558,2024-11-29,2024-11-29,2024-12-06,Bengaluru,Kolkata,2138.3,RapidFreight,Truck,Standard,9995.4,56388.0,Delivered,False,False,False,False,False,False,0,7.0,6.0,1.0,1.0,26.37,11,False,0.8628,0.9428,0.8062,1.9432,1.2884
SHP-001559,2024-02-25,2024-02-26,2024-02-28,Kolkata,Patna,578.1,SafeHaul,Truck,Standard,6030.4,19518.0,Delivered,False,True,False,False,False,False,1,2.0,2.0,0.0,0.0,33.76,2,False,0.7955,0.4873,0.5425,-1.0777,-0.4391
SHP-001560,2024-05-12,2024-05-13,2024-05-16,Hyderabad,Mumbai,771.3,TransIndia Logistics,Mini Truck,Express,359.8,11981.0,Delivered,False,False,False,False,False,False,1,3.0,3.0,0.0,0.0,15.53,5,False,0.4202,0.5877,0.4212,-0.4735,-0.4391
SHP-001561,2024-03-19,2024-03-20,2024-03-23,Ahmedabad,Bengaluru,1521.7,TransIndia Logistics,Air Cargo,Standard,398.5,51082.0,Delivered,False,False,False,False,False,False,1,3.0,2.0,1.0,1.0,33.57,3,False,0.4338,0.8243,0.7816,-0.4735,1.2884
SHP-001562,2024-06-23,2024-06-23,2024-06-29,Kolkata,Mumbai,2144.6,SafeHaul,Truck,Standard,5688.8,50443.0,Delivered,False,False,False,False,False,False,0,6.0,6.0,0.0,0.0,23.52,6,False,0.7877,0.9438,0.7785,1.339,-0.4391
SHP-001563,2024-02-24,2024-02-25,2024-02-29,Hyderabad,Ahmedabad,1063.7,SafeHaul,Truck,Standard,3318.7,26692.0,Delivered,False,False,False,False,False,False,1,4.0,3.0,1.0,1.0,25.09,2,False,0.7159,0.6996,0.6203,0.1307,1.2884
SHP-001564,2024-10-23,2024-10-25,2024-10-28,Ahmedabad,Mumbai,551.5,BharatCargo,Container,Standard,22349.2,26358.0,Delivered,False,False,False,False,False,False,2,3.0,2.0,1.0,1.0,47.79,10,False,0.97,0.4709,0.6172,-0.4735,1.2884
SHP-001565,2024-02-12,2024-02-12,2024-02-17,Hyderabad,Delhi,1468.6,BharatCargo,Mini Truck,Express,1684.2,22572.0,Delivered,False,False,False,False,False,False,0,5.0,5.0,0.0,0.0,15.37,2,False,0.6256,0.8119,0.5786,0.7348,-0.4391
SHP-001566,2024-09-23,2024-09-24,2024-09-28,Bengaluru,Pune,949.7,RapidFreight,Truck,Standard,7028.7,27860.0,Returned,False,False,False,False,False,False,1,4.0,3.0,1.0,1.0,29.34,9,False,0.8159,0.6601,0.6309,0.1307,1.2884
SHP-001567,2024-04-19,2024-04-19,2024-04-21,Delhi,Chennai,2202.3,SafeHaul,Air Cargo,Standard,157.7,67966.0,Delivered,False,True,False,False,False,False,0,2.0,2.0,0.0,0.0,30.86,4,False,0.3108,0.9531,0.8526,-1.0777,-0.4391
SHP-001568,2024-07-12,2024-07-13,2024-07-21,Delhi,Bengaluru,2094.1,RapidFreight,Truck,Standard,9508.9,53075.0,Delivered,False,False,False,False,False,False,1,8.0,6.0,2.0,1.0,25.35,7,True,0.8561,0.9355,0.7911,2.5474,3.0159
SHP-001569,2024-03-22,2024-03-22,2024-03-24,Bengaluru,Chennai,388.1,BharatCargo,Mini Truck,Standard,1617.3,6505.0,Delivered,False,False,False,False,False,False,0,2.0,2.0,0.0,0.0,16.76,3,False,0.6202,0.3487,0.2694,-1.0777,-0.4391
SHP-001570,2024-10-14,2024-10-15,2024-10-20,Bengaluru,Kolkata,1893.2,BharatCargo,Truck,Express,9286.9,58379.0,Delivered,False,False,False,False,False,False,1,5.0,5.0,0.0,0.0,30.84,10,False,0.853,0.9004,0.8148,0.7348,-0.4391
SHP-001571,2024-12-15,2024-12-16,2024-12-21,Bengaluru,Ahmedabad,1633.6,SafeHaul,Mini Truck,Standard,315.6,22086.0,Delivered,False,False,False,False,False,False,1,5.0,5.0,0.0,0.0,13.52,12,False,0.4028,0.849,0.5732,0.7348,-0.4391
SHP-001572,2024-03-31,2024-04-02,2024-04-04,Kolkata,Pune,1959.0,BharatCargo,Air Cargo,Standard,157.7,78448.0,Delivered,False,True,False,False,False,False,2,2.0,2.0,0.0,0.0,40.04,3,False,0.3108,0.9123,0.8883,-1.0777,-0.4391
SHP-001573,2024-12-17,2024-12-20,2024-12-25,Kolkata,Chennai,1849.8,Unknown,Container,Standard,20328.8,71077.0,Delivered,False,False,False,False,False,False,3,5.0,5.0,0.0,0.0,38.42,12,False,0.9573,0.8923,0.8637,0.7348,-0.4391
SHP-001574,2024-05-12,2024-05-13,2024-05-15,Hyderabad,Pune,665.6,SafeHaul,Truck,Standard,4419.6,16971.0,Delivered,False,False,False,False,False,False,1,2.0,2.0,0.0,0.0,25.5,5,False,0.7541,0.5363,0.5077,-1.0777,-0.4391
SHP-001575,2024-08-14,2024-08-14,2024-08-17,Delhi,Ahmedabad,952.9,GreenLine Carriers,Mini Truck,Express,377.4,14345.0,Delivered,False,False,False,False,False,False,0,3.0,3.0,0.0,0.0,15.05,8,False,0.4266,0.6613,0.466,-0.4735,-0.4391
SHP-001576,2024-10-05,2024-10-05,2024-10-09,Mumbai,Patna,1791.4,SafeHaul,Container,Express,16705.6,82752.0,Delivered,False,False,False,False,False,False,0,4.0,4.0,0.0,0.0,46.19,10,False,0.9312,0.8811,0.9015,0.1307,-0.4391
SHP-001577,2024-03-22,2024-03-22,2024-03-26,Hyderabad,Patna,1439.3,RapidFreight,Truck,Standard,5077.4,34782.0,Delivered,True,False,False,False,False,False,0,4.0,4.0,0.0,0.0,24.17,3,False,0.7725,0.8049,0.6861,0.1307,-0.4391
SHP-001578,2024-06-30,2024-07-02,2024-07-06,Hyderabad,Lucknow,1393.5,TransIndia Logistics,Mini Truck,Standard,853.3,19647.0,Delivered,True,False,False,False,False,False,2,4.0,4.0,0.0,0.0,14.1,6,False,0.5351,0.7936,0.5441,0.1307,-0.4391
SHP-001579,2024-01-28,2024-01-29,2024-01-31,Ahmedabad,Bengaluru,1572.4,RapidFreight,Air Cargo,Standard,315.5,55550.0,Delivered,False,False,False,False,False,False,1,2.0,2.0,0.0,0.0,35.33,1,False,0.4028,0.8357,0.8025,-1.0777,-0.4391
SHP-001580,2024-10-04,2024-10-07,2024-10-09,Hyderabad,Chennai,693.1,RapidFreight,Truck,Standard,4271.2,17386.0,Delivered,False,False,False,False,False,False,3,2.0,2.0,0.0,0.0,25.08,10,False,0.7495,0.5504,0.5137,-1.0777,-0.4391
SHP-001581,2024-06-19,2024-06-19,2024-06-23,Hyderabad,Patna,1419.5,RapidFreight,Container,Standard,9472.8,57275.0,Delivered,False,False,False,False,False,False,0,4.0,4.0,0.0,0.0,40.35,6,False,0.8556,0.8001,0.8101,0.1307,-0.4391
SHP-001582,2024-11-28,2024-11-29,2024-12-02,Mumbai,Jaipur,1182.0,BharatCargo,Truck,Standard,7562.9,27330.0,Delivered,False,False,False,False,False,False,1,3.0,3.0,0.0,0.0,23.12,11,False,0.8256,0.7363,0.6262,-0.4735,-0.4391
SHP-001583,2024-04-22,2024-04-24,2024-04-29,Bengaluru,Ahmedabad,1643.6,SafeHaul,Truck,Standard,4356.8,42693.0,Delivered,False,False,False,False,False,False,2,5.0,5.0,0.0,0.0,25.98,4,False,0.7521,0.8511,0.737,0.7348,-0.4391
SHP-001584,2024-12-07,2024-12-07,2024-12-11,Mumbai,Delhi,1516.0,SafeHaul,Container,Express,14734.5,80685.0,Delivered,False,False,False,False,False,False,0,4.0,4.0,0.0,0.0,53.22,12,False,0.9145,0.823,0.8953,0.1307,-0.4391
SHP-001585,2024-02-27,2024-02-28,2024-03-03,Kolkata,Hyderabad,1503.7,TransIndia Logistics,Container,Standard,8748.6,65641.0,Delivered,False,False,False,True,False,False,1,4.0,4.0,0.0,0.0,43.65,2,False,0.845,0.8202,0.844,0.1307,-0.4391
SHP-001586,2024-09-01,2024-09-02,2024-09-05,Ahmedabad,Pune,655.4,SafeHaul,Unknown,Express,5157.5,23498.0,Delivered,False,False,False,False,False,False,1,3.0,2.0,1.0,1.0,35.85,9,False,0.7746,0.531,0.5886,-0.4735,1.2884
SHP-001587,2024-05-05,2024-05-06,2024-05-10,Mumbai,Chennai,1230.7,RapidFreight,Mini Truck,Express,1075.0,20697.0,Delivered,False,False,False,False,False,False,1,4.0,4.0,0.0,0.0,16.82,5,False,0.5658,0.7504,0.5571,0.1307,-0.4391
SHP-001588,2024-03-15,2024-03-15,2024-03-18,Kolkata,Lucknow,1087.0,SafeHaul,Container,Standard,17307.4,49221.0,Delivered,False,False,False,False,False,False,0,3.0,3.0,0.0,0.0,45.28,3,False,0.9359,0.7071,0.7724,-0.4735,-0.4391
SHP-001589,2024-02-08,2024-02-10,2024-02-14,Mumbai,Jaipur,1181.75,TransIndia Logistics,Mini Truck,Standard,436.2,14200.0,Delivered,True,False,False,False,False,False,2,4.0,4.0,0.0,0.0,12.02,2,False,0.4458,0.7362,0.4634,0.1307,-0.4391
SHP-001590,2024-09-20,2024-09-20,2024-09-21,Delhi,Jaipur,299.2,BharatCargo,Mini Truck,Express,347.3,4872.0,Delivered,False,False,False,False,False,False,0,1.0,1.0,0.0,0.0,16.28,9,False,0.4155,0.2583,0.1976,-1.6819,-0.4391
SHP-001591,2024-04-05,2024-04-07,2024-04-11,Delhi,Mumbai,1472.9,BharatCargo,Truck,Standard,6057.0,35876.0,Delivered,False,False,False,False,False,False,2,4.0,4.0,0.0,0.0,24.36,4,False,0.796,0.8129,0.6938,0.1307,-0.4391
SHP-001592,2024-08-20,2024-08-22,2024-08-26,Delhi,Patna,1137.9,SafeHaul,Mini Truck,Standard,980.1,16322.0,Delivered,False,False,False,False,False,False,2,4.0,4.0,0.0,0.0,14.34,8,False,0.5535,0.7231,0.498,0.1307,-0.4391
SHP-001593,2024-12-25,2024-12-26,2024-12-30,Ahmedabad,Hyderabad,1072.1,SafeHaul,Mini Truck,Standard,892.6,13126.0,Delivered,False,False,False,False,False,False,1,4.0,4.0,0.0,0.0,12.24,12,False,0.541,0.7023,0.4439,0.1307,-0.4391
SHP-001594,2024-05-09,2024-05-10,2024-05-13,Bengaluru,Pune,931.8,BharatCargo,Mini Truck,Express,514.8,13789.0,Delivered,False,False,False,False,False,False,1,3.0,3.0,0.0,0.0,14.8,5,False,0.4678,0.6535,0.4561,-0.4735,-0.4391
SHP-001595,2024-01-15,2024-01-15,2024-01-19,Hyderabad,Jaipur,1412.4,TransIndia Logistics,Container,Express,15538.1,70723.0,Delivered,False,False,False,False,False,False,0,4.0,4.0,0.0,0.0,50.07,1,False,0.9215,0.7983,0.8625,0.1307,-0.4391
SHP-001596,2024-02-28,2024-02-29,2024-03-02,Chennai,Bengaluru,361.5,RapidFreight,Mini Truck,Express,1724.2,8421.0,Delivered,False,False,False,False,False,False,1,2.0,2.0,0.0,0.0,23.29,2,False,0.6287,0.324,0.3336,-1.0777,-0.4391
SHP-001597,2024-02-18,2024-02-18,2024-02-21,Delhi,Patna,1093.3,RapidFreight,Truck,Standard,6785.9,28068.0,Delivered,True,False,False,False,False,False,0,3.0,3.0,0.0,0.0,25.67,2,False,0.8112,0.7091,0.6328,-0.4735,-0.4391
SHP-001598,2024-07-08,2024-07-08,2024-07-10,Delhi,Pune,1555.4,TransIndia Logistics,Air Cargo,Standard,157.7,49457.0,Delivered,False,True,False,False,False,False,0,2.0,2.0,0.0,0.0,31.8,7,False,0.3108,0.8319,0.7736,-1.0777,-0.4391
SHP-001599,2024-10-18,2024-10-19,2024-10-22,Hyderabad,Ahmedabad,1138.6,TransIndia Logistics,Truck,Express,6778.0,40054.0,Delivered,False,False,False,False,False,False,1,3.0,3.0,0.0,0.0,35.18,10,False,0.811,0.7233,0.7212,-0.4735,-0.4391
SHP-001600,2024-05-01,2024-05-02,2024-05-04,Mumbai,Ahmedabad,602.6,SafeHaul,Truck,Express,18000.0,20024.0,Delivered,False,False,False,False,False,True,1,2.0,2.0,0.0,0.0,33.23,5,False,0.9411,0.5017,0.5489,-1.0777,-0.4391
SHP-001601,2024-02-29,2024-02-29,2024-03-04,Ahmedabad,Chennai,1650.7,BharatCargo,Container,Standard,8921.6,62879.0,Delivered,False,False,False,False,False,False,0,4.0,4.0,0.0,0.0,38.09,2,False,0.8476,0.8526,0.8333,0.1307,-0.4391
SHP-001602,2024-09-14,2024-09-15,2024-09-18,Delhi,Lucknow,533.4,GreenLine Carriers,Truck,Express,6108.0,19128.0,Delivered,False,False,False,False,False,False,1,3.0,2.0,1.0,1.0,35.86,9,False,0.7972,0.4593,0.5375,-0.4735,1.2884
SHP-001603,2024-05-03,2024-05-04,2024-05-10,Chennai,Delhi,2270.0,BharatCargo,Container,Express,12933.7,119943.0,Delivered,True,False,False,False,False,False,1,6.0,6.0,0.0,0.0,52.84,5,False,0.8971,0.9636,0.9938,1.339,-0.4391
SHP-001604,2024-08-21,2024-08-21,2024-08-22,Hyderabad,Bengaluru,616.1,BharatCargo,Air Cargo,Standard,165.1,21478.0,Delivered,False,False,False,False,False,False,0,1.0,1.0,0.0,0.0,34.86,8,False,0.3169,0.5095,0.5663,-1.6819,-0.4391
SHP-001605,2024-12-11,2024-12-12,2024-12-13,Mumbai,Pune,156.1,SafeHaul,Truck,Standard,6741.7,7988.0,Delivered,False,False,False,False,False,False,1,1.0,1.0,0.0,0.0,51.17,12,False,0.8103,0.0325,0.3204,-1.6819,-0.4391
SHP-001606,2024-04-29,2024-05-01,2024-05-05,Mumbai,Delhi,1403.5,BharatCargo,Truck,Standard,11890.5,43596.0,Delivered,False,False,False,False,False,False,2,4.0,4.0,0.0,0.0,31.06,4,False,0.8859,0.7961,0.7422,0.1307,-0.4391
SHP-001607,2024-07-28,2024-07-29,2024-08-04,Ahmedabad,Bengaluru,1626.8,SafeHaul,Truck,Express,6313.1,52451.0,Delivered,False,False,False,False,False,False,1,6.0,5.0,1.0,1.0,32.24,7,False,0.8016,0.8476,0.7882,1.339,1.2884
SHP-001608,2024-11-05,2024-11-07,2024-11-09,Mumbai,Patna,1938.3,GreenLine Carriers,Air Cargo,Standard,538.0,63260.0,Delivered,False,False,False,False,False,False,2,2.0,2.0,0.0,0.0,32.64,11,False,0.4737,0.9086,0.8348,-1.0777,-0.4391
SHP-001609,2024-10-02,2024-10-05,2024-10-09,Bengaluru,Pune,950.9,RapidFreight,Mini Truck,Standard,652.3,11181.0,Delivered,False,False,False,False,False,False,3,4.0,3.0,1.0,1.0,11.76,10,False,0.4993,0.6605,0.404,0.1307,1.2884
SHP-001610,2024-10-20,2024-10-20,2024-10-23,Bengaluru,Mumbai,1001.9,RapidFreight,Container,Standard,12385.3,39195.0,Delivered,False,False,False,False,False,False,0,3.0,3.0,0.0,0.0,39.12,10,False,0.8913,0.6787,0.7158,-0.4735,-0.4391
SHP-001611,2024-10-26,2024-10-27,2024-10-31,Mumbai,Chennai,1271.5,BharatCargo,Truck,Express,4015.9,39912.0,Delivered,False,False,False,False,False,False,1,4.0,4.0,0.0,0.0,31.39,10,False,0.7413,0.7617,0.7203,0.1307,-0.4391
SHP-001612,2024-08-08,2024-08-08,2024-08-12,Chennai,Kolkata,1777.7,BharatCargo,Container,Express,7411.8,84057.0,Delivered,False,False,False,False,False,False,0,4.0,4.0,0.0,0.0,47.28,8,False,0.8229,0.8785,0.9054,0.1307,-0.4391
SHP-001613,2024-08-06,2024-08-06,2024-08-10,Chennai,Pune,1171.2,SafeHaul,Container,Express,15418.7,68798.0,Delivered,False,False,False,False,False,False,0,4.0,3.0,1.0,1.0,58.74,8,False,0.9205,0.7331,0.8556,0.1307,1.2884
SHP-001614,2024-10-10,2024-10-13,2024-10-16,Mumbai,Bengaluru,965.5,GreenLine Carriers,Truck,Standard,18000.0,33032.0,Delivered,False,False,False,False,False,False,3,3.0,3.0,0.0,0.0,34.21,10,False,0.9411,0.6658,0.6733,-0.4735,-0.4391
SHP-001615,2024-10-04,2024-10-05,2024-10-09,Hyderabad,Patna,1536.1,SafeHaul,Truck,Standard,7898.7,37660.0,Delivered,False,False,False,True,False,False,1,4.0,4.0,0.0,0.0,24.52,10,False,0.8314,0.8276,0.7059,0.1307,-0.4391
SHP-001616,2024-09-25,2024-09-27,2024-10-01,Mumbai,Ahmedabad,565.4,GreenLine Carriers,Container,Standard,17803.9,26678.0,Delivered,False,False,True,False,False,False,2,4.0,2.0,2.0,1.0,47.18,9,True,0.9397,0.4796,0.6202,0.1307,3.0159
SHP-001617,2024-06-05,2024-06-06,2024-06-10,Delhi,Ahmedabad,960.4,RapidFreight,Truck,Standard,4683.0,26001.0,Delivered,False,False,False,False,False,False,1,4.0,3.0,1.0,1.0,27.07,6,False,0.7618,0.664,0.6138,0.1307,1.2884
SHP-001618,2024-11-11,2024-11-11,2024-11-17,Kolkata,Mumbai,2201.4,RapidFreight,Truck,Standard,5181.8,51518.0,Delivered,False,False,False,False,False,False,0,6.0,6.0,0.0,0.0,23.4,11,False,0.7752,0.9529,0.7837,1.339,-0.4391
SHP-001619,2024-04-06,2024-04-06,2024-04-09,Ahmedabad,Lucknow,1177.9,BharatCargo,Truck,Express,10832.4,31401.0,Delivered,False,False,True,False,False,False,0,3.0,3.0,0.0,0.0,26.66,4,False,0.8735,0.7351,0.6607,-0.4735,-0.4391
SHP-001620,2024-03-04,2024-03-07,2024-03-12,Delhi,Kolkata,1622.4,TransIndia Logistics,Truck,Standard,18000.0,46565.0,Delivered,False,False,False,False,False,False,3,5.0,5.0,0.0,0.0,28.7,3,False,0.9411,0.8466,0.7586,0.7348,-0.4391
SHP-001621,2024-05-21,2024-05-22,2024-05-26,Mumbai,Delhi,1489.5,RapidFreight,Truck,Standard,14651.3,38762.0,Delivered,False,False,False,False,False,False,1,4.0,4.0,0.0,0.0,26.02,5,False,0.9137,0.8168,0.713,0.1307,-0.4391
SHP-001622,2024-04-13,2024-04-13,2024-04-19,Bengaluru,Delhi,2385.2,RapidFreight,Truck,Standard,9727.0,56599.0,Delivered,False,False,False,False,False,False,0,6.0,6.0,0.0,0.0,23.73,4,False,0.8591,0.9809,0.8071,1.339,-0.4391
SHP-001623,2024-09-22,2024-09-22,2024-09-28,Hyderabad,Kolkata,1611.6,BharatCargo,Truck,Express,6127.9,48936.0,Delivered,False,False,False,False,False,False,0,6.0,5.0,1.0,1.0,30.36,9,False,0.7976,0.8443,0.771,1.339,1.2884
SHP-001624,2024-04-04,2024-04-05,2024-04-07,Delhi,Jaipur,305.2,BharatCargo,Truck,Standard,6804.5,10973.0,Delivered,False,False,True,False,False,False,1,2.0,1.0,1.0,1.0,35.95,4,False,0.8115,0.2652,0.3994,-1.0777,1.2884
SHP-001625,2024-09-20,2024-09-21,2024-09-28,Mumbai,Chennai,1347.1,SafeHaul,Mini Truck,Standard,445.4,16139.0,Delivered,False,False,False,False,False,False,1,7.0,4.0,3.0,1.0,11.98,9,True,0.4486,0.7818,0.4952,1.9432,4.7434
SHP-001626,2024-07-28,2024-07-30,2024-08-03,Chennai,Pune,1207.2,GreenLine Carriers,Truck,Standard,2516.5,26644.0,Delivered,False,False,False,False,False,False,2,4.0,4.0,0.0,0.0,22.07,7,False,0.679,0.7436,0.6199,0.1307,-0.4391
SHP-001627,2024-03-03,2024-03-04,2024-03-06,Mumbai,Hyderabad,754.7,RapidFreight,Truck,Standard,3051.6,17532.0,Delivered,False,False,False,False,False,False,1,2.0,2.0,0.0,0.0,23.23,3,False,0.7047,0.5801,0.5158,-1.0777,-0.4391
SHP-001628,2024-04-15,2024-04-16,2024-04-19,Delhi,Mumbai,1506.3,SafeHaul,Air Cargo,Standard,157.7,44756.0,Delivered,False,False,False,False,False,False,1,3.0,2.0,1.0,1.0,29.71,4,False,0.3108,0.8208,0.7488,-0.4735,1.2884
SHP-001629,2024-08-01,2024-08-01,2024-08-07,Delhi,Hyderabad,1559.8,RapidFreight,Container,Standard,12639.9,57667.0,Delivered,False,False,False,False,False,False,0,6.0,4.0,2.0,1.0,36.97,8,True,0.894,0.8329,0.8118,1.339,3.0159
SHP-001630,2024-10-14,2024-10-15,2024-10-17,Bengaluru,Delhi,2228.9,RapidFreight,Air Cargo,Express,34.5,80158.0,Delivered,True,False,False,False,False,False,1,2.0,2.0,0.0,0.0,35.96,10,False,0.1113,0.9573,0.8936,-1.0777,-0.4391
SHP-001631,2024-06-11,2024-06-12,2024-06-15,Bengaluru,Hyderabad,633.6,BharatCargo,Mini Truck,Standard,684.5,8778.0,Delivered,False,False,False,False,False,False,1,3.0,2.0,1.0,1.0,13.85,6,False,0.5057,0.5192,0.3439,-0.4735,1.2884
SHP-001632,2024-04-05,2024-04-06,2024-04-10,Hyderabad,Patna,1492.7,SafeHaul,Truck,Standard,4956.5,36320.0,Delivered,False,False,False,False,False,False,1,4.0,4.0,0.0,0.0,24.33,4,False,0.7693,0.8176,0.6969,0.1307,-0.4391
SHP-001633,2024-04-30,2024-05-02,2024-05-04,Kolkata,Patna,592.8,SafeHaul,Container,Standard,9286.5,26969.0,Delivered,True,False,False,False,False,False,2,2.0,2.0,0.0,0.0,45.49,4,False,0.853,0.496,0.6229,-1.0777,-0.4391
SHP-001634,2024-02-08,2024-02-08,2024-02-10,Chennai,Kolkata,1524.8,SafeHaul,Air Cargo,Standard,103.6,54331.0,Delivered,False,False,False,False,False,False,0,2.0,2.0,0.0,0.0,35.63,2,False,0.2552,0.825,0.797,-1.0777,-0.4391
SHP-001635,2024-01-11,2024-01-13,2024-01-15,Ahmedabad,Pune,667.8,TransIndia Logistics,Truck,Standard,4949.0,18519.0,Delivered,False,False,False,False,False,False,2,2.0,2.0,0.0,0.0,27.73,1,False,0.7691,0.5375,0.5294,-1.0777,-0.4391
SHP-001636,2024-12-23,2024-12-25,2024-12-31,Bengaluru,Patna,2114.3,RapidFreight,Container,Standard,11282.3,81024.0,Delivered,False,False,False,False,False,False,2,6.0,5.0,1.0,1.0,38.32,12,False,0.8789,0.9389,0.8963,1.339,1.2884
SHP-001637,2024-02-09,2024-02-10,2024-02-15,Bengaluru,Kolkata,2033.3,TransIndia Logistics,Container,Express,19363.5,103885.0,Delivered,False,False,False,False,False,False,1,5.0,5.0,0.0,0.0,51.09,2,False,0.9509,0.9253,0.9581,0.7348,-0.4391
SHP-001638,2024-02-21,2024-02-21,2024-02-25,Ahmedabad,Bengaluru,1576.6,SafeHaul,Truck,Express,1915.6,46280.0,Delivered,False,False,False,False,False,False,0,4.0,4.0,0.0,0.0,29.35,2,False,0.6427,0.8366,0.7571,0.1307,-0.4391
SHP-001639,2024-11-22,2024-11-23,2024-11-25,Mumbai,Kolkata,2256.2,RapidFreight,Air Cargo,Standard,20.6,68296.0,Delivered,False,False,False,False,False,False,1,2.0,2.0,0.0,0.0,30.27,11,False,0.0451,0.9615,0.8538,-1.0777,-0.4391
SHP-001640,2024-09-22,2024-09-23,2024-09-26,Chennai,Lucknow,1986.4,BharatCargo,Air Cargo,Standard,150.5,62173.0,Delivered,False,False,False,False,False,False,1,3.0,2.0,1.0,1.0,31.3,9,False,0.3046,0.9171,0.8305,-0.4735,1.2884
SHP-001641,2024-06-27,2024-06-28,2024-07-02,Chennai,Ahmedabad,1786.7,RapidFreight,Container,Express,14479.0,70270.0,Delivered,False,False,True,False,False,False,1,4.0,4.0,0.0,0.0,39.33,6,False,0.9121,0.8802,0.8609,0.1307,-0.4391
SHP-001642,2024-09-17,2024-09-17,2024-09-23,Delhi,Chennai,2341.1,RapidFreight,Truck,Express,7646.8,74356.0,Delivered,False,False,False,False,False,False,0,6.0,6.0,0.0,0.0,31.76,9,False,0.8271,0.9744,0.8749,1.339,-0.4391
SHP-001643,2024-12-11,2024-12-12,2024-12-15,Bengaluru,Pune,954.3,BharatCargo,Truck,Standard,4342.2,23548.0,Delivered,False,False,False,False,False,False,1,3.0,3.0,0.0,0.0,24.68,12,False,0.7517,0.6618,0.5891,-0.4735,-0.4391
SHP-001644,2024-02-10,2024-02-11,2024-02-12,Mumbai,Pune,148.7,RapidFreight,Mini Truck,Standard,403.6,2511.0,Delivered,False,False,False,False,False,False,1,1.0,1.0,0.0,0.0,16.89,2,False,0.4355,0.0157,0.0329,-1.6819,-0.4391
SHP-001645,2024-04-09,2024-04-09,2024-04-14,Delhi,Pune,1354.5,GreenLine Carriers,Truck,Standard,5973.7,35592.0,Delivered,False,False,False,False,False,False,0,5.0,4.0,1.0,1.0,26.28,4,False,0.7942,0.7838,0.6918,0.7348,1.2884
SHP-001646,2024-11-19,2024-11-20,2024-11-25,Bengaluru,Delhi,2184.1,GreenLine Carriers,Container,Express,11995.2,97198.0,Delivered,False,False,False,False,False,False,1,5.0,5.0,0.0,0.0,44.5,11,False,0.8871,0.9502,0.9415,0.7348,-0.4391
SHP-001647,2024-10-28,2024-10-30,2024-11-03,Mumbai,Jaipur,1213.6,SafeHaul,Mini Truck,Standard,1775.3,18216.0,Delivered,False,False,False,False,False,False,2,4.0,4.0,0.0,0.0,15.01,10,False,0.6326,0.7455,0.5253,0.1307,-0.4391
SHP-001648,2024-12-30,2025-01-01,,Hyderabad,Lucknow,1366.9,TransIndia Logistics,Truck,Standard,4939.3,27614.0,In Transit,False,False,False,False,False,False,2,,4.0,,,20.2,12,False,0.7689,0.7869,0.6287,,
SHP-001649,2024-05-08,2024-05-09,2024-05-10,Ahmedabad,Lucknow,1249.5,GreenLine Carriers,Air Cargo,Standard,142.2,45838.0,Delivered,False,False,False,False,False,False,1,1.0,1.0,0.0,0.0,36.69,5,False,0.2971,0.7556,0.7547,-1.6819,-0.4391
SHP-001650,2024-12-14,2024-12-17,2024-12-21,Hyderabad,Lucknow,1394.8,BharatCargo,Mini Truck,Standard,682.5,17972.0,Delivered,False,True,False,False,False,False,3,4.0,4.0,0.0,0.0,12.89,12,False,0.5053,0.794,0.522,0.1307,-0.4391
SHP-001651,2024-05-20,2024-05-20,2024-05-24,Mumbai,Lucknow,1608.0,SafeHaul,Container,Standard,13077.5,63680.0,Delivered,False,False,False,False,False,False,0,4.0,4.0,0.0,0.0,39.6,5,False,0.8986,0.8435,0.8364,0.1307,-0.4391
SHP-001652,2024-10-09,2024-10-10,2024-10-12,Mumbai,Ahmedabad,555.6,SafeHaul,Truck,Standard,8376.7,17773.0,Delivered,False,False,False,False,False,False,1,2.0,2.0,0.0,0.0,31.99,10,False,0.8392,0.4735,0.5192,-1.0777,-0.4391
SHP-001653,2024-11-25,2024-11-26,2024-12-01,Mumbai,Delhi,1495.9,GreenLine Carriers,Mini Truck,Express,1031.6,25949.0,Delivered,False,False,False,False,False,False,1,5.0,5.0,0.0,0.0,17.35,11,False,0.5603,0.8183,0.6133,0.7348,-0.4391
SHP-001654,2024-03-10,2024-03-11,2024-03-15,Delhi,Hyderabad,1639.5,TransIndia Logistics,Container,Express,18084.4,78933.0,Delivered,False,False,False,False,False,False,1,4.0,4.0,0.0,0.0,48.14,3,False,0.9418,0.8503,0.8898,0.1307,-0.4391
SHP-001655,2024-03-25,2024-03-27,2024-04-02,Ahmedabad,Kolkata,2196.3,RapidFreight,Container,Standard,15492.8,71484.0,Delivered,False,False,False,False,False,False,2,6.0,5.0,1.0,1.0,32.55,3,False,0.9212,0.9521,0.8652,1.339,1.2884
SHP-001656,2024-08-23,2024-08-24,2024-08-29,Bengaluru,Kolkata,1861.3,SafeHaul,Truck,Express,6740.0,54967.0,Delivered,False,False,False,False,False,False,1,5.0,5.0,0.0,0.0,29.53,8,False,0.8103,0.8945,0.7999,0.7348,-0.4391
SHP-001657,2024-11-15,2024-11-16,2024-11-20,Mumbai,Jaipur,1156.1,RapidFreight,Mini Truck,Express,743.4,18176.0,Delivered,False,False,False,False,False,False,1,4.0,4.0,0.0,0.0,15.72,11,False,0.5167,0.7286,0.5248,0.1307,-0.4391
SHP-001658,2024-02-02,2024-02-02,2024-02-06,Hyderabad,Jaipur,1449.4,RapidFreight,Container,Standard,11443.9,47916.0,Delivered,False,False,False,False,False,False,0,4.0,4.0,0.0,0.0,33.06,2,False,0.8808,0.8073,0.7657,0.1307,-0.4391
SHP-001659,2024-11-17,2024-11-18,2024-11-23,Mumbai,Patna,1974.6,SafeHaul,Truck,Standard,7294.1,47970.0,Delivered,False,False,False,False,False,False,1,5.0,5.0,0.0,0.0,24.29,11,False,0.8208,0.9151,0.766,0.7348,-0.4391
SHP-001660,2024-05-20,2024-05-21,2024-05-24,Delhi,Ahmedabad,1002.5,SafeHaul,Truck,Express,18000.0,38089.0,Delivered,False,False,False,False,False,False,1,3.0,3.0,0.0,0.0,37.99,5,False,0.9411,0.6789,0.7087,-0.4735,-0.4391
SHP-001661,2024-06-15,2024-06-16,2024-06-21,Delhi,Kolkata,1648.8,RapidFreight,Container,Standard,13476.0,69343.0,Delivered,False,True,False,False,False,False,1,5.0,4.0,1.0,1.0,42.06,6,False,0.9026,0.8522,0.8576,0.7348,1.2884
SHP-001662,2024-05-18,2024-05-19,2024-05-21,Kolkata,Chennai,1791.1,BharatCargo,Air Cargo,Standard,203.3,56412.0,Delivered,False,False,False,False,False,False,1,2.0,2.0,0.0,0.0,31.5,5,False,0.3444,0.8811,0.8063,-1.0777,-0.4391
SHP-001663,2024-12-04,2024-12-04,2024-12-09,Chennai,Jaipur,2128.5,SafeHaul,Container,Standard,18889.3,94127.0,Delivered,False,False,False,False,False,False,0,5.0,5.0,0.0,0.0,44.22,12,False,0.9476,0.9412,0.9336,0.7348,-0.4391
SHP-001664,2024-02-23,2024-02-25,2024-02-27,Mumbai,Hyderabad,783.3,RapidFreight,Container,Standard,10327.9,30986.0,Delivered,False,False,False,False,False,False,2,2.0,2.0,0.0,0.0,39.56,2,False,0.8671,0.593,0.6574,-1.0777,-0.4391
SHP-001665,2024-08-20,2024-08-21,2024-08-24,Ahmedabad,Hyderabad,1140.4,TransIndia Logistics,Truck,Standard,5131.8,29029.0,Delivered,False,False,False,False,False,False,1,3.0,3.0,0.0,0.0,25.46,8,False,0.774,0.7238,0.6412,-0.4735,-0.4391
SHP-001666,2024-03-01,2024-03-02,2024-03-04,Hyderabad,Bengaluru,669.7,BharatCargo,Truck,Standard,6030.4,20779.0,Delivered,False,True,False,False,False,False,1,2.0,2.0,0.0,0.0,31.03,3,False,0.7955,0.5385,0.5581,-1.0777,-0.4391
SHP-001667,2024-12-09,2024-12-10,2024-12-16,Hyderabad,Kolkata,1627.8,SafeHaul,Truck,Standard,14644.4,39808.0,Delivered,False,False,False,False,False,False,1,6.0,5.0,1.0,1.0,24.46,12,False,0.9136,0.8478,0.7196,1.339,1.2884
SHP-001668,2024-11-02,2024-11-02,2024-11-06,Mumbai,Jaipur,1212.7,RapidFreight,Truck,Standard,3778.2,28534.0,Delivered,False,False,False,False,False,False,0,4.0,4.0,0.0,0.0,23.53,11,False,0.7332,0.7452,0.6369,0.1307,-0.4391
SHP-001669,2024-04-05,2024-04-05,2024-04-08,Delhi,Ahmedabad,994.7,GreenLine Carriers,Truck,Express,4488.9,32385.0,Delivered,False,False,False,False,False,False,0,3.0,3.0,0.0,0.0,32.56,4,False,0.7561,0.6762,0.6684,-0.4735,-0.4391
SHP-001670,2024-05-01,2024-05-01,2024-05-03,Hyderabad,Pune,644.8,GreenLine Carriers,Mini Truck,Standard,2500.0,11200.0,Delivered,False,False,False,False,False,False,0,2.0,2.0,0.0,0.0,17.37,5,False,0.6782,0.5253,0.4044,-1.0777,-0.4391
SHP-001671,2024-06-04,2024-06-05,2024-06-08,Mumbai,Bengaluru,1106.2,RapidFreight,Truck,Express,6356.7,34473.0,Delivered,False,False,False,False,False,False,1,3.0,3.0,0.0,0.0,31.16,6,False,0.8025,0.7132,0.6839,-0.4735,-0.4391
SHP-001672,2024-06-14,2024-06-15,2024-06-21,Kolkata,Pune,2006.2,Unknown,Truck,Express,17917.5,61957.0,Delivered,False,False,False,False,False,False,1,6.0,6.0,0.0,0.0,30.88,6,False,0.9405,0.9206,0.8296,1.339,-0.4391
SHP-001673,2024-11-08,2024-11-08,2024-11-14,Chennai,Lucknow,1976.9,TransIndia Logistics,Mini Truck,Standard,792.5,25812.0,Delivered,False,False,False,False,False,False,0,6.0,6.0,0.0,0.0,13.06,11,False,0.5252,0.9155,0.612,1.339,-0.4391
SHP-001674,2024-08-17,2024-08-20,2024-08-24,Delhi,Pune,1437.4,RapidFreight,Truck,Standard,6030.4,36862.0,Delivered,False,True,False,False,False,False,3,4.0,4.0,0.0,0.0,25.64,8,False,0.7955,0.8044,0.7005,0.1307,-0.4391
SHP-001675,2024-06-23,2024-06-24,2024-06-27,Chennai,Hyderabad,693.7,SafeHaul,Container,Standard,12580.3,31094.0,Delivered,False,False,False,False,False,False,1,3.0,2.0,1.0,1.0,44.82,6,False,0.8934,0.5507,0.6582,-0.4735,1.2884
SHP-001676,2024-10-11,2024-10-12,2024-10-17,Ahmedabad,Kolkata,1977.4,TransIndia Logistics,Container,Express,19471.5,94418.0,Delivered,False,False,False,False,False,False,1,5.0,5.0,0.0,0.0,47.75,10,False,0.9516,0.9156,0.9343,0.7348,-0.4391
SHP-001677,2024-07-06,2024-07-07,2024-07-09,Chennai,Patna,1863.5,BharatCargo,Air Cargo,Standard,583.1,62973.0,Delivered,False,False,True,True,False,False,1,2.0,2.0,0.0,0.0,33.79,7,False,0.4844,0.8949,0.8336,-1.0777,-0.4391
SHP-001678,2024-02-22,2024-02-22,2024-02-24,Bengaluru,Chennai,373.4,GreenLine Carriers,Mini Truck,Standard,376.2,5120.0,Delivered,False,False,False,False,False,False,0,2.0,2.0,0.0,0.0,13.71,2,False,0.4261,0.3353,0.2099,-1.0777,-0.4391
SHP-001679,2024-02-13,2024-02-13,2024-02-15,Hyderabad,Pune,697.7,RapidFreight,Container,Standard,12375.3,29351.0,Delivered,False,False,False,False,False,False,0,2.0,2.0,0.0,0.0,42.07,2,False,0.8912,0.5527,0.6439,-1.0777,-0.4391
SHP-001680,2024-05-13,2024-05-15,2024-05-20,Bengaluru,Delhi,2189.0,GreenLine Carriers,Container,Standard,19285.1,92958.0,Delivered,False,False,False,False,False,False,2,5.0,5.0,0.0,0.0,42.47,5,False,0.9503,0.951,0.9304,0.7348,-0.4391
SHP-001681,2024-08-31,2024-08-31,2024-09-04,Chennai,Mumbai,1287.4,GreenLine Carriers,Mini Truck,Express,647.7,20323.0,Delivered,False,False,False,False,False,False,0,4.0,4.0,0.0,0.0,15.79,8,False,0.4984,0.7661,0.5525,0.1307,-0.4391
SHP-001682,2024-02-25,2024-02-26,2024-02-27,Hyderabad,Ahmedabad,1100.7,RapidFreight,Air Cargo,Express,91.6,43200.0,Delivered,False,False,False,False,False,False,1,1.0,1.0,0.0,0.0,39.25,2,False,0.239,0.7115,0.74,-1.6819,-0.4391
SHP-001683,2024-08-11,2024-08-14,2024-08-17,Chennai,Bengaluru,396.6,BharatCargo,Mini Truck,Standard,1282.8,6485.0,Delivered,False,False,False,False,False,False,3,3.0,2.0,1.0,1.0,16.35,8,False,0.5893,0.3562,0.2686,-0.4735,1.2884
SHP-001684,2024-04-20,2024-04-20,2024-04-22,Mumbai,Hyderabad,705.3,SafeHaul,Truck,Standard,11632.8,21576.0,Delivered,False,False,False,False,False,False,0,2.0,2.0,0.0,0.0,30.59,4,False,0.883,0.5565,0.5674,-1.0777,-0.4391
SHP-001685,2024-10-03,2024-10-04,2024-10-07,Delhi,Patna,1048.7,GreenLine Carriers,Container,Standard,11961.4,39657.0,Delivered,False,False,False,False,False,False,1,3.0,3.0,0.0,0.0,37.82,10,False,0.8867,0.6946,0.7187,-0.4735,-0.4391
SHP-001686,2024-01-12,2024-01-12,2024-01-15,Mumbai,Hyderabad,807.55,RapidFreight,Truck,Standard,6815.4,23322.0,Delivered,True,False,False,False,False,False,0,3.0,3.0,0.0,0.0,28.88,1,False,0.8118,0.6036,0.5868,-0.4735,-0.4391
SHP-001687,2024-07-10,2024-07-11,2024-07-16,Bengaluru,Ahmedabad,1620.5,BharatCargo,Container,Standard,9171.4,56618.0,Delivered,False,False,False,False,False,False,1,5.0,4.0,1.0,1.0,34.94,7,False,0.8513,0.8462,0.8072,0.7348,1.2884
SHP-001688,2024-01-22,2024-01-24,2024-01-29,Bengaluru,Kolkata,1909.3,TransIndia Logistics,Truck,Standard,3506.0,43406.0,Delivered,False,False,False,False,False,False,2,5.0,5.0,0.0,0.0,22.73,1,False,0.7232,0.9033,0.7412,0.7348,-0.4391
SHP-001689,2024-05-15,2024-05-15,2024-05-21,Kolkata,Ahmedabad,2068.4,BharatCargo,Truck,Express,6464.1,70706.0,Delivered,False,False,False,False,False,False,0,6.0,6.0,0.0,0.0,34.18,5,False,0.8047,0.9312,0.8624,1.339,-0.4391
SHP-001690,2024-01-07,2024-01-10,2024-01-14,Mumbai,Chennai,1326.2,SafeHaul,Mini Truck,Standard,713.3,18040.0,Delivered,False,False,False,False,False,False,3,4.0,4.0,0.0,0.0,13.6,1,False,0.5112,0.7764,0.5229,0.1307,-0.4391
SHP-001691,2024-07-10,2024-07-11,2024-07-13,Chennai,Bengaluru,384.5,SafeHaul,Mini Truck,Standard,391.9,5195.0,Delivered,False,False,False,True,False,False,1,2.0,2.0,0.0,0.0,13.51,7,False,0.4316,0.3454,0.2135,-1.0777,-0.4391
SHP-001692,2024-10-24,2024-10-25,2024-10-29,Ahmedabad,Hyderabad,1208.3,GreenLine Carriers,Mini Truck,Standard,455.5,16773.0,Delivered,False,False,False,False,False,False,1,4.0,4.0,0.0,0.0,13.88,10,False,0.4516,0.744,0.5048,0.1307,-0.4391
SHP-001693,2024-02-10,2024-02-10,2024-02-13,Mumbai,Jaipur,1196.0,Unknown,Truck,Standard,3166.8,31884.0,Delivered,False,False,True,False,False,False,0,3.0,3.0,0.0,0.0,26.66,2,False,0.7097,0.7404,0.6645,-0.4735,-0.4391
SHP-001694,2024-10-15,2024-10-16,2024-10-20,Chennai,Kolkata,1700.9,GreenLine Carriers,Container,Standard,16417.2,78687.0,Delivered,False,False,False,False,False,False,1,4.0,4.0,0.0,0.0,46.26,10,False,0.9289,0.8631,0.889,0.1307,-0.4391
SHP-001695,2024-08-24,2024-08-25,2024-08-31,Chennai,Patna,1955.9,SafeHaul,Container,Standard,7031.4,69008.0,Delivered,False,False,False,False,False,False,1,6.0,5.0,1.0,1.0,35.28,8,False,0.8159,0.9117,0.8564,1.339,1.2884
SHP-001696,2024-07-25,2024-07-25,2024-07-31,Bengaluru,Delhi,2164.4,GreenLine Carriers,Container,Standard,9825.7,91683.0,Delivered,False,False,False,False,False,False,0,6.0,5.0,1.0,1.0,42.36,7,False,0.8605,0.947,0.927,1.339,1.2884
SHP-001697,2024-08-30,2024-08-30,2024-09-04,Delhi,Mumbai,1407.8,RapidFreight,Mini Truck,Express,228.9,24684.0,Delivered,False,False,False,False,False,False,0,5.0,5.0,0.0,0.0,17.53,8,False,0.3602,0.7972,0.6009,0.7348,-0.4391
SHP-001698,2024-05-17,2024-05-18,2024-05-21,Hyderabad,Ahmedabad,1046.3,SafeHaul,Truck,Express,7715.0,30568.0,Delivered,False,False,False,False,False,False,1,3.0,3.0,0.0,0.0,29.22,5,False,0.8283,0.6938,0.654,-0.4735,-0.4391
SHP-001699,2024-10-08,2024-10-11,2024-10-13,Ahmedabad,Pune,621.6,TransIndia Logistics,Container,Standard,7449.2,27411.0,Delivered,False,False,False,False,False,False,3,2.0,2.0,0.0,0.0,44.1,10,False,0.8236,0.5125,0.6269,-1.0777,-0.4391
SHP-001700,2024-10-28,2024-10-29,2024-10-30,Chennai,Bengaluru,358.6,TransIndia Logistics,Truck,Standard,6115.3,11331.0,Delivered,False,False,False,False,False,False,1,1.0,1.0,0.0,0.0,31.6,10,False,0.7973,0.3212,0.4073,-1.6819,-0.4391
SHP-001701,2024-10-28,2024-10-29,2024-11-03,Ahmedabad,Patna,1591.6,RapidFreight,Truck,Standard,6030.4,42903.0,Delivered,False,True,False,False,False,False,1,5.0,4.0,1.0,1.0,26.96,10,False,0.7955,0.8399,0.7383,0.7348,1.2884
SHP-001702,2024-04-20,2024-04-22,2024-04-27,Ahmedabad,Chennai,1778.0,BharatCargo,Truck,Standard,16376.0,50772.0,Delivered,False,False,False,False,False,False,2,5.0,5.0,0.0,0.0,28.56,4,False,0.9285,0.8785,0.7801,0.7348,-0.4391
SHP-001703,2024-09-19,2024-09-20,2024-09-23,Mumbai,Chennai,1259.2,RapidFreight,Container,Express,7440.9,54804.0,Delivered,False,False,False,False,False,False,1,3.0,3.0,0.0,0.0,43.52,9,False,0.8235,0.7583,0.7991,-0.4735,-0.4391
SHP-001704,2024-03-01,2024-03-02,2024-03-05,Kolkata,Hyderabad,1323.0,RapidFreight,Container,Express,15541.3,68000.0,Delivered,False,False,False,False,False,False,1,3.0,3.0,0.0,0.0,51.4,3,False,0.9216,0.7756,0.8527,-0.4735,-0.4391
SHP-001705,2024-07-21,2024-07-24,2024-07-27,Bengaluru,Chennai,356.4,SafeHaul,Mini Truck,Standard,386.7,4439.0,Delivered,False,False,False,False,False,False,3,3.0,2.0,1.0,1.0,12.46,7,False,0.4298,0.3191,0.1744,-0.4735,1.2884
SHP-001706,2024-01-02,2024-01-03,2024-01-05,Ahmedabad,Jaipur,679.1,GreenLine Carriers,Mini Truck,Express,342.1,10833.0,Delivered,False,False,False,False,False,False,1,2.0,2.0,0.0,0.0,15.95,1,False,0.4135,0.5433,0.3962,-1.0777,-0.4391
SHP-001707,2024-03-20,2024-03-21,2024-03-26,Delhi,Hyderabad,1568.0,SafeHaul,Mini Truck,Standard,653.9,21521.0,Delivered,False,False,False,False,False,False,1,5.0,5.0,0.0,0.0,13.73,3,False,0.4996,0.8347,0.5668,0.7348,-0.4391
SHP-001708,2024-09-11,2024-09-12,2024-09-14,Bengaluru,Chennai,394.6,RapidFreight,Mini Truck,Standard,1462.7,6668.0,Delivered,False,False,False,False,False,False,1,2.0,2.0,0.0,0.0,16.9,9,False,0.6068,0.3545,0.2756,-1.0777,-0.4391
SHP-001709,2024-11-23,2024-11-23,2024-11-27,Hyderabad,Patna,1427.4,RapidFreight,Container,Standard,17269.4,55452.0,Delivered,False,False,False,False,False,False,0,4.0,4.0,0.0,0.0,38.85,11,False,0.9356,0.802,0.802,0.1307,-0.4391
SHP-001710,2024-01-21,2024-01-23,2024-01-25,Mumbai,Ahmedabad,582.1,BharatCargo,Truck,Standard,3906.6,15735.0,Delivered,False,False,False,False,False,False,2,2.0,2.0,0.0,0.0,27.03,1,False,0.7376,0.4897,0.4889,-1.0777,-0.4391
SHP-001711,2024-08-14,2024-08-15,2024-08-20,Chennai,Kolkata,1737.1,RapidFreight,Truck,Express,9159.4,49517.0,Delivered,False,False,False,False,False,False,1,5.0,5.0,0.0,0.0,28.51,8,False,0.8511,0.8704,0.7739,0.7348,-0.4391
SHP-001712,2024-09-13,2024-09-13,2024-09-17,Mumbai,Lucknow,1526.6,TransIndia Logistics,Container,Express,6383.8,65990.0,Delivered,False,False,False,False,False,False,0,4.0,4.0,0.0,0.0,43.23,9,False,0.803,0.8254,0.8453,0.1307,-0.4391
SHP-001713,2024-12-10,2024-12-12,2024-12-14,Ahmedabad,Bengaluru,1556.55,RapidFreight,Air Cargo,Standard,70.6,45777.0,Delivered,True,False,False,False,False,False,2,2.0,2.0,0.0,0.0,29.41,12,False,0.2047,0.8322,0.7544,-1.0777,-0.4391
SHP-001714,2024-09-19,2024-09-20,2024-09-23,Hyderabad,Pune,644.7,RapidFreight,Truck,Standard,3659.9,17307.0,Delivered,False,False,False,False,False,False,1,3.0,2.0,1.0,1.0,26.85,9,False,0.7289,0.5252,0.5126,-0.4735,1.2884
SHP-001715,2024-02-12,2024-02-13,2024-02-18,Mumbai,Lucknow,1482.4,TransIndia Logistics,Container,Standard,14389.1,59300.0,Delivered,False,False,False,False,False,False,1,5.0,4.0,1.0,1.0,40.0,2,False,0.9113,0.8152,0.8187,0.7348,1.2884
SHP-001716,2024-02-29,2024-03-03,2024-03-05,Chennai,Hyderabad,664.0,Unknown,Truck,Standard,5312.5,18475.0,Delivered,False,False,False,False,False,False,3,2.0,2.0,0.0,0.0,27.82,2,False,0.7786,0.5355,0.5288,-1.0777,-0.4391
SHP-001717,2024-09-12,2024-09-14,2024-09-20,Mumbai,Kolkata,2097.2,BharatCargo,Truck,Standard,5511.7,49351.0,Delivered,False,False,False,False,False,False,2,6.0,6.0,0.0,0.0,23.53,9,False,0.7835,0.936,0.7731,1.339,-0.4391
SHP-001718,2024-03-29,2024-03-31,2024-04-05,Kolkata,Ahmedabad,1993.6,BharatCargo,Container,Standard,13169.5,71016.0,Delivered,False,False,False,False,False,False,2,5.0,5.0,0.0,0.0,35.62,3,False,0.8995,0.9184,0.8635,0.7348,-0.4391
SHP-001719,2024-12-09,2024-12-11,2024-12-15,Kolkata,Delhi,1734.5,RapidFreight,Container,Standard,13476.0,73636.0,Delivered,False,True,False,False,False,False,2,4.0,4.0,0.0,0.0,42.45,12,False,0.9026,0.8699,0.8725,0.1307,-0.4391
SHP-001720,2024-12-07,2024-12-07,2024-12-08,Hyderabad,Bengaluru,650.4,SafeHaul,Air Cargo,Standard,257.4,22994.0,Delivered,False,False,False,False,False,False,0,1.0,1.0,0.0,0.0,35.35,12,False,0.3757,0.5283,0.5832,-1.6819,-0.4391
SHP-001721,2024-12-15,2024-12-15,2024-12-17,Delhi,Lucknow,524.0,BharatCargo,Truck,Standard,6562.4,15926.0,Delivered,False,False,False,True,False,False,0,2.0,2.0,0.0,0.0,30.39,12,False,0.8067,0.4531,0.4919,-1.0777,-0.4391
SHP-001722,2024-04-29,2024-04-30,2024-05-02,Mumbai,Hyderabad,799.3,SafeHaul,Truck,Express,5058.9,25573.0,Delivered,False,False,False,False,False,False,1,2.0,2.0,0.0,0.0,31.99,4,False,0.7721,0.6001,0.6097,-1.0777,-0.4391
SHP-001723,2024-10-10,2024-10-11,2024-10-14,Chennai,Pune,1166.3,RapidFreight,Truck,Standard,7635.5,31455.0,Delivered,False,False,False,False,False,False,1,3.0,3.0,0.0,0.0,26.97,10,False,0.8269,0.7316,0.6611,-0.4735,-0.4391
SHP-001724,2024-09-22,2024-09-23,2024-09-25,Kolkata,Patna,579.0,BharatCargo,Truck,Standard,9849.6,17874.0,Delivered,False,False,False,False,False,False,1,2.0,2.0,0.0,0.0,30.87,9,False,0.8608,0.4878,0.5206,-1.0777,-0.4391
SHP-001725,2024-01-15,2024-01-16,2024-01-23,Bengaluru,Kolkata,1989.1,SafeHaul,Truck,Standard,4298.0,50219.0,Delivered,True,False,False,False,False,False,1,7.0,5.0,2.0,1.0,25.25,1,True,0.7503,0.9176,0.7774,1.9432,3.0159
SHP-001726,2024-04-18,2024-04-21,2024-04-26,Delhi,Bengaluru,2171.3,RapidFreight,Container,Standard,13711.9,89733.0,Delivered,False,False,False,False,False,False,3,5.0,5.0,0.0,0.0,41.33,4,False,0.9049,0.9481,0.9217,0.7348,-0.4391
SHP-001727,2024-03-25,2024-03-25,2024-03-30,Mumbai,Patna,1789.3,RapidFreight,Truck,Standard,12048.1,49942.0,Delivered,False,False,False,False,False,False,0,5.0,5.0,0.0,0.0,27.91,3,False,0.8877,0.8807,0.776,0.7348,-0.4391
SHP-001728,2024-05-31,2024-06-02,2024-06-04,Hyderabad,Mumbai,743.1,BharatCargo,Truck,Standard,3096.0,18408.0,Delivered,False,False,False,False,False,False,2,2.0,2.0,0.0,0.0,24.77,5,False,0.7066,0.5747,0.5279,-1.0777,-0.4391
SHP-001729,2024-12-17,2024-12-18,2024-12-23,Delhi,Hyderabad,1594.4,RapidFreight,Container,Standard,26329.8,63989.0,Delivered,True,False,False,False,False,False,1,5.0,4.0,1.0,1.0,40.13,12,False,0.9918,0.8406,0.8376,0.7348,1.2884
SHP-001730,2024-11-15,2024-11-16,2024-11-20,Mumbai,Hyderabad,812.7,RapidFreight,Mini Truck,Standard,313.4,12341.0,Delivered,False,False,False,False,False,False,1,4.0,3.0,1.0,1.0,15.19,11,False,0.4019,0.6059,0.4286,0.1307,1.2884
SHP-001731,2024-04-29,2024-04-29,2024-05-01,Ahmedabad,Jaipur,672.9,GreenLine Carriers,Truck,Standard,4877.1,16541.0,Delivered,False,False,False,False,False,False,0,2.0,2.0,0.0,0.0,24.58,4,False,0.7672,0.5401,0.5014,-1.0777,-0.4391
SHP-001732,2024-08-04,2024-08-06,2024-08-12,Delhi,Kolkata,1836.5,BharatCargo,Container,Standard,10039.1,72639.0,Delivered,False,False,False,False,False,False,2,6.0,5.0,1.0,1.0,39.55,8,False,0.8633,0.8898,0.8691,1.339,1.2884
SHP-001733,2024-03-19,2024-03-20,2024-03-27,Chennai,Jaipur,2129.9,SafeHaul,Container,Express,28000.0,109709.0,Delivered,False,False,False,False,False,False,1,7.0,5.0,2.0,1.0,51.51,3,True,1.0,0.9414,0.9716,1.9432,3.0159
SHP-001734,2024-04-23,2024-04-24,2024-04-27,Mumbai,Hyderabad,836.2,RapidFreight,Truck,Standard,4436.0,20966.0,Delivered,False,False,False,False,False,False,1,3.0,3.0,0.0,0.0,25.07,4,False,0.7545,0.6158,0.5603,-0.4735,-0.4391
SHP-001735,2024-01-27,2024-01-28,2024-01-30,Hyderabad,Pune,666.8,RapidFreight,Container,Standard,11748.9,28403.0,Delivered,False,False,False,False,False,False,1,2.0,2.0,0.0,0.0,42.6,1,False,0.8843,0.537,0.6357,-1.0777,-0.4391
SHP-001736,2024-09-15,2024-09-16,2024-09-18,Chennai,Patna,2036.8,TransIndia Logistics,Air Cargo,Standard,103.5,60758.0,Delivered,False,False,False,False,False,False,1,2.0,2.0,0.0,0.0,29.83,9,False,0.2551,0.9259,0.8247,-1.0777,-0.4391
SHP-001737,2024-09-20,2024-09-21,2024-09-26,Hyderabad,Kolkata,1465.7,TransIndia Logistics,Truck,Standard,6354.2,37152.0,Delivered,False,False,False,False,False,False,1,5.0,4.0,1.0,1.0,25.35,9,False,0.8024,0.8112,0.7025,0.7348,1.2884
SHP-001738,2024-11-13,2024-11-14,2024-11-18,Mumbai,Lucknow,1372.6,GreenLine Carriers,Truck,Standard,4926.8,33897.0,Delivered,False,False,False,False,False,False,1,4.0,4.0,0.0,0.0,24.7,11,False,0.7685,0.7884,0.6797,0.1307,-0.4391
SHP-001739,2024-11-22,2024-11-23,2024-11-28,Bengaluru,Kolkata,1962.0,RapidFreight,Container,Standard,13363.8,89274.0,Delivered,False,False,False,False,False,False,1,5.0,5.0,0.0,0.0,45.5,11,False,0.9015,0.9128,0.9204,0.7348,-0.4391
SHP-001740,2024-03-06,2024-03-08,2024-03-14,Chennai,Delhi,2297.4,RapidFreight,Container,Standard,5889.2,88824.0,Delivered,False,False,False,False,True,False,2,6.0,6.0,0.0,0.0,38.66,3,False,0.7923,0.9678,0.9191,1.339,-0.4391
SHP-001741,2024-10-17,2024-10-19,2024-10-21,Mumbai,Ahmedabad,565.7,SafeHaul,Truck,Standard,6209.3,16766.0,Delivered,False,False,False,False,False,False,2,2.0,2.0,0.0,0.0,29.64,10,False,0.7993,0.4798,0.5047,-1.0777,-0.4391
SHP-001742,2024-02-25,2024-02-25,2024-02-26,Mumbai,Pune,155.9,BharatCargo,Mini Truck,Standard,707.5,2832.0,Delivered,False,False,False,False,False,False,0,1.0,1.0,0.0,0.0,18.17,2,False,0.5101,0.0321,0.0627,-1.6819,-0.4391
SHP-001743,2024-06-01,2024-06-02,2024-06-03,Delhi,Jaipur,316.8,RapidFreight,Truck,Express,11188.7,11026.0,Delivered,False,False,False,False,False,True,1,1.0,1.0,0.0,0.0,34.8,6,False,0.8778,0.2781,0.4006,-1.6819,-0.4391
SHP-001744,2024-07-29,2024-07-30,2024-08-04,Ahmedabad,Bengaluru,1607.3,BharatCargo,Truck,Standard,13160.2,40416.0,Delivered,False,False,False,False,False,False,1,5.0,5.0,0.0,0.0,25.15,7,False,0.8994,0.8434,0.7234,0.7348,-0.4391
SHP-001745,2024-01-21,2024-01-24,2024-01-30,Chennai,Delhi,2319.0,RapidFreight,Container,Standard,13109.8,85311.0,Delivered,False,False,False,False,False,False,3,6.0,6.0,0.0,0.0,36.79,1,False,0.8989,0.9711,0.9091,1.339,-0.4391
SHP-001746,2024-03-05,2024-03-06,2024-03-11,Kolkata,Delhi,1605.6,TransIndia Logistics,Truck,Standard,9791.3,36049.0,Delivered,False,False,False,False,False,False,1,5.0,5.0,0.0,0.0,22.45,3,False,0.86,0.843,0.695,0.7348,-0.4391
SHP-001747,2024-04-20,2024-04-20,2024-04-22,Chennai,Hyderabad,630.6,TransIndia Logistics,Truck,Standard,3098.2,16360.0,Delivered,False,False,False,False,False,False,0,2.0,2.0,0.0,0.0,25.94,4,False,0.7067,0.5175,0.4986,-1.0777,-0.4391
SHP-001748,2024-02-22,2024-02-24,2024-02-29,Bengaluru,Kolkata,2126.7,SafeHaul,Container,Standard,18313.3,86761.0,Delivered,False,False,False,False,False,False,2,5.0,5.0,0.0,0.0,40.8,2,False,0.9434,0.9409,0.9133,0.7348,-0.4391
SHP-001749,2024-12-11,2024-12-11,2024-12-16,Bengaluru,Lucknow,2033.9,BharatCargo,Container,Standard,11458.0,70669.0,Delivered,False,False,False,False,False,False,0,5.0,5.0,0.0,0.0,34.75,12,False,0.881,0.9254,0.8623,0.7348,-0.4391
SHP-001750,2024-04-27,2024-04-29,2024-05-02,Bengaluru,Mumbai,1055.1,TransIndia Logistics,Truck,Standard,2947.5,27621.0,Delivered,False,False,False,False,False,False,2,3.0,3.0,0.0,0.0,26.18,4,False,0.7001,0.6967,0.6288,-0.4735,-0.4391
SHP-001751,2024-07-23,2024-07-26,2024-07-28,Kolkata,Jaipur,1694.0,SafeHaul,Air Cargo,Standard,124.6,50459.0,Delivered,False,False,False,False,False,False,3,2.0,2.0,0.0,0.0,29.79,7,False,0.2796,0.8617,0.7786,-1.0777,-0.4391
SHP-001752,2024-12-30,2024-12-31,,Mumbai,Chennai,1288.3,TransIndia Logistics,Container,Standard,22856.2,52948.0,In Transit,False,False,False,False,False,False,1,,3.0,,,41.1,12,False,0.973,0.7663,0.7905,,
SHP-001753,2024-08-17,2024-08-18,2024-08-21,Hyderabad,Mumbai,772.2,BharatCargo,Truck,Express,6688.3,26472.0,Delivered,False,False,False,False,False,False,1,3.0,2.0,1.0,1.0,34.28,8,False,0.8092,0.5881,0.6182,-0.4735,1.2884
SHP-001754,2024-06-17,2024-06-18,2024-06-19,Hyderabad,Kolkata,1435.7,GreenLine Carriers,Air Cargo,Standard,669.9,61638.0,Delivered,False,False,False,False,False,False,1,1.0,1.0,0.0,0.0,42.93,6,False,0.5029,0.804,0.8283,-1.6819,-0.4391
SHP-001755,2024-12-09,2024-12-10,2024-12-16,Mumbai,Kolkata,1990.1,BharatCargo,Truck,Standard,6030.4,43393.0,Delivered,False,True,False,False,False,False,1,6.0,5.0,1.0,1.0,21.8,12,False,0.7955,0.9178,0.7411,1.339,1.2884
SHP-001756,2024-03-31,2024-04-01,2024-04-05,Kolkata,Hyderabad,1501.5,SafeHaul,Container,Express,13476.0,77353.0,Delivered,False,True,False,False,False,False,1,4.0,4.0,0.0,0.0,51.52,3,False,0.9026,0.8196,0.8848,0.1307,-0.4391
SHP-001757,2024-03-14,2024-03-17,2024-03-23,Delhi,Bengaluru,2173.8,TransIndia Logistics,Truck,Standard,4057.1,53059.0,Delivered,False,False,False,False,False,False,3,6.0,6.0,0.0,0.0,24.41,3,False,0.7427,0.9485,0.7911,1.339,-0.4391
SHP-001758,2024-08-06,2024-08-06,2024-08-09,Ahmedabad,Hyderabad,1175.4,GreenLine Carriers,Truck,Express,6868.6,38996.0,Delivered,False,False,False,False,False,False,0,3.0,3.0,0.0,0.0,33.18,8,False,0.8128,0.7344,0.7145,-0.4735,-0.4391
SHP-001759,2024-06-23,2024-06-24,2024-06-27,Ahmedabad,Hyderabad,1138.7,GreenLine Carriers,Truck,Standard,6833.0,30413.0,Delivered,False,False,False,False,False,False,1,3.0,3.0,0.0,0.0,26.71,6,False,0.8121,0.7233,0.6527,-0.4735,-0.4391
SHP-001760,2024-11-02,2024-11-02,2024-11-05,Ahmedabad,Delhi,1003.5,BharatCargo,Mini Truck,Standard,1041.0,14019.0,Delivered,False,False,False,False,False,False,0,3.0,3.0,0.0,0.0,13.97,11,False,0.5615,0.6793,0.4602,-0.4735,-0.4391
SHP-001761,2024-01-18,2024-01-18,2024-01-23,Mumbai,Kolkata,2054.2,SafeHaul,Container,Express,15284.2,93799.0,Delivered,False,False,False,False,False,False,0,5.0,5.0,0.0,0.0,45.66,1,False,0.9193,0.9288,0.9327,0.7348,-0.4391
SHP-001762,2024-09-05,2024-09-08,2024-09-13,Delhi,Kolkata,1660.2,BharatCargo,Truck,Standard,6030.4,43705.0,Delivered,False,True,False,False,False,False,3,5.0,5.0,0.0,0.0,26.33,9,False,0.7955,0.8546,0.7429,0.7348,-0.4391
SHP-001763,2024-10-08,2024-10-09,2024-10-14,Mumbai,Kolkata,2147.7,SafeHaul,Container,Standard,19051.9,82149.0,Delivered,False,False,False,False,False,False,1,5.0,5.0,0.0,0.0,38.25,10,False,0.9487,0.9443,0.8997,0.7348,-0.4391
SHP-001764,2024-12-23,2024-12-23,2024-12-27,Delhi,Mumbai,1510.5,RapidFreight,Truck,Standard,16958.2,42671.0,Delivered,False,False,False,False,False,False,0,4.0,4.0,0.0,0.0,28.25,12,False,0.9332,0.8217,0.7369,0.1307,-0.4391
SHP-001765,2024-02-29,2024-03-02,2024-03-09,Delhi,Bengaluru,2218.2,BharatCargo,Truck,Standard,4226.9,55428.0,Delivered,False,False,True,False,False,False,2,7.0,6.0,1.0,1.0,24.99,2,False,0.7481,0.9556,0.8019,1.9432,1.2884
SHP-001766,2024-04-10,2024-04-11,2024-04-13,Delhi,Patna,1139.7,GreenLine Carriers,Air Cargo,Standard,23.9,33126.0,Delivered,False,False,False,False,False,False,1,2.0,1.0,1.0,1.0,29.07,4,False,0.064,0.7236,0.674,-1.0777,1.2884
SHP-001767,2024-12-10,2024-12-10,2024-12-14,Ahmedabad,Chennai,1756.6,Unknown,Container,Express,16673.5,87119.0,Delivered,False,False,False,False,False,False,0,4.0,4.0,0.0,0.0,49.6,12,False,0.9309,0.8743,0.9143,0.1307,-0.4391
SHP-001768,2024-09-10,2024-09-13,2024-09-15,Delhi,Bengaluru,2297.2,BharatCargo,Air Cargo,Standard,107.7,67359.0,Delivered,False,False,False,False,False,False,3,2.0,2.0,0.0,0.0,29.32,9,False,0.2604,0.9678,0.8504,-1.0777,-0.4391
SHP-001769,2024-01-16,2024-01-18,2024-01-22,Delhi,Hyderabad,1594.4,RapidFreight,Container,Standard,13372.1,72157.0,Delivered,True,False,False,False,False,False,2,4.0,4.0,0.0,0.0,45.26,1,False,0.9015,0.8406,0.8675,0.1307,-0.4391
SHP-001770,2024-02-01,2024-02-01,2024-02-05,Hyderabad,Patna,1357.3,BharatCargo,Mini Truck,Standard,977.3,20523.0,Delivered,False,False,False,True,False,False,0,4.0,4.0,0.0,0.0,15.12,2,False,0.5531,0.7845,0.555,0.1307,-0.4391
SHP-001771,2024-10-30,2024-11-01,2024-11-06,Kolkata,Bengaluru,2019.1,RapidFreight,Container,Standard,11933.1,74862.0,Delivered,False,False,False,False,False,False,2,5.0,5.0,0.0,0.0,37.08,10,False,0.8864,0.9228,0.8766,0.7348,-0.4391
SHP-001772,2024-08-18,2024-08-21,2024-08-25,Chennai,Kolkata,1788.9,RapidFreight,Container,Standard,12742.7,70218.0,Delivered,False,False,False,False,False,False,3,4.0,4.0,0.0,0.0,39.25,8,False,0.8951,0.8807,0.8607,0.1307,-0.4391
SHP-001773,2024-08-17,2024-08-18,2024-08-24,Kolkata,Hyderabad,1548.2,GreenLine Carriers,Mini Truck,Standard,659.2,19376.0,Delivered,False,False,False,False,False,False,1,6.0,5.0,1.0,1.0,12.52,8,False,0.5007,0.8303,0.5407,1.339,1.2884
SHP-001774,2024-11-25,2024-11-25,2024-11-27,Hyderabad,Delhi,1634.1,BharatCargo,Air Cargo,Express,652.2,74122.0,Delivered,False,False,False,False,False,False,0,2.0,2.0,0.0,0.0,45.36,11,False,0.4993,0.8491,0.8742,-1.0777,-0.4391
SHP-001775,2024-04-08,2024-04-09,2024-04-13,Kolkata,Hyderabad,1492.2,RapidFreight,Truck,Standard,6109.2,36801.0,Delivered,False,False,False,True,False,False,1,4.0,4.0,0.0,0.0,24.66,4,False,0.7972,0.8175,0.7001,0.1307,-0.4391
SHP-001776,2024-03-06,2024-03-09,2024-03-14,Bengaluru,Lucknow,1960.3,SafeHaul,Container,Standard,9084.5,72039.0,Delivered,False,False,False,False,False,False,3,5.0,5.0,0.0,0.0,36.75,3,False,0.85,0.9125,0.8671,0.7348,-0.4391
SHP-001777,2024-09-04,2024-09-05,2024-09-08,Chennai,Bengaluru,380.2,Unknown,Mini Truck,Standard,682.5,4470.0,Delivered,False,True,False,False,False,False,1,3.0,2.0,1.0,1.0,11.76,9,False,0.5053,0.3415,0.1762,-0.4735,1.2884
SHP-001778,2024-11-25,2024-11-25,2024-11-28,Bengaluru,Mumbai,1100.5,BharatCargo,Truck,Standard,6522.8,28647.0,Delivered,False,False,False,False,False,False,0,3.0,3.0,0.0,0.0,26.03,11,False,0.8059,0.7114,0.6379,-0.4735,-0.4391
SHP-001779,2024-04-18,2024-04-19,2024-04-21,Mumbai,Ahmedabad,549.7,RapidFreight,Truck,Standard,6030.4,13880.0,Delivered,False,True,False,False,False,False,1,2.0,2.0,0.0,0.0,25.25,4,False,0.7955,0.4698,0.4578,-1.0777,-0.4391
SHP-001780,2024-09-29,2024-09-29,2024-09-30,Bengaluru,Mumbai,1130.1,RapidFreight,Air Cargo,Standard,31.4,35230.0,Delivered,False,False,False,True,False,False,0,1.0,1.0,0.0,0.0,31.17,9,False,0.0991,0.7207,0.6893,-1.6819,-0.4391
SHP-001781,2024-03-03,2024-03-04,2024-03-09,Delhi,Kolkata,1609.4,SafeHaul,Truck,Standard,8785.3,40458.0,Delivered,False,False,False,True,False,False,1,5.0,5.0,0.0,0.0,25.14,3,False,0.8456,0.8438,0.7237,0.7348,-0.4391
SHP-001782,2024-03-11,2024-03-12,2024-03-15,Hyderabad,Mumbai,776.2,SafeHaul,Mini Truck,Express,1055.5,12897.0,Delivered,False,False,False,False,False,False,1,3.0,3.0,0.0,0.0,16.62,3,False,0.5634,0.5899,0.4395,-0.4735,-0.4391
SHP-001783,2024-12-01,2024-12-01,2024-12-05,Mumbai,Jaipur,1254.8,BharatCargo,Mini Truck,Standard,682.5,16725.0,Delivered,False,True,False,False,False,False,0,4.0,4.0,0.0,0.0,13.33,12,False,0.5053,0.7571,0.5041,0.1307,-0.4391
SHP-001784,2024-02-18,2024-02-21,2024-02-23,Delhi,Lucknow,552.1,TransIndia Logistics,Truck,Standard,7156.0,17065.0,Delivered,False,False,False,False,False,False,3,2.0,2.0,0.0,0.0,30.91,2,False,0.8182,0.4713,0.5091,-1.0777,-0.4391
SHP-001785,2024-01-10,2024-01-11,2024-01-13,Mumbai,Patna,1832.9,GreenLine Carriers,Air Cargo,Express,181.0,80280.0,Delivered,False,False,False,False,False,False,1,2.0,2.0,0.0,0.0,43.8,1,False,0.329,0.8891,0.894,-1.0777,-0.4391
SHP-001786,2024-10-27,2024-10-28,2024-10-30,Hyderabad,Pune,653.7,TransIndia Logistics,Container,Standard,17286.1,30844.0,Delivered,False,False,False,False,False,False,1,2.0,2.0,0.0,0.0,47.18,10,False,0.9357,0.5301,0.6562,-1.0777,-0.4391
SHP-001787,2024-05-28,2024-05-28,2024-05-29,Mumbai,Pune,155.2,GreenLine Carriers,Truck,Express,6030.4,5639.0,Delivered,False,True,False,False,False,True,0,1.0,1.0,0.0,0.0,36.33,5,False,0.7955,0.0305,0.2339,-1.6819,-0.4391
SHP-001788,2024-06-11,2024-06-12,2024-06-13,Chennai,Pune,1041.7,GreenLine Carriers,Air Cargo,Standard,14.4,35640.0,Delivered,False,False,True,False,True,False,1,1.0,1.0,0.0,0.0,34.21,6,False,0.0,0.6923,0.6922,-1.6819,-0.4391
SHP-001789,2024-11-03,2024-11-05,2024-11-09,Hyderabad,Patna,1410.3,TransIndia Logistics,Truck,Standard,5193.8,29723.0,Delivered,False,False,False,False,False,False,2,4.0,4.0,0.0,0.0,21.08,11,False,0.7756,0.7978,0.647,0.1307,-0.4391
SHP-001790,2024-03-14,2024-03-17,2024-03-19,Delhi,Lucknow,535.05,BharatCargo,Truck,Standard,8186.6,19265.0,Returned,True,False,False,False,False,False,3,2.0,2.0,0.0,0.0,36.01,3,False,0.8362,0.4604,0.5392,-1.0777,-0.4391
SHP-001791,2024-09-18,2024-09-19,2024-09-24,Chennai,Ahmedabad,1731.0,RapidFreight,Container,Standard,12126.6,66705.0,Delivered,False,False,False,False,False,False,1,5.0,4.0,1.0,1.0,38.54,9,False,0.8885,0.8692,0.848,0.7348,1.2884
SHP-001792,2024-05-08,2024-05-09,2024-05-14,Mumbai,Delhi,1483.0,TransIndia Logistics,Mini Truck,Express,682.5,27171.0,Delivered,False,True,False,False,False,False,1,5.0,5.0,0.0,0.0,18.32,5,False,0.5053,0.8153,0.6247,0.7348,-0.4391
SHP-001793,2024-02-12,2024-02-12,2024-02-16,Mumbai,Bengaluru,1131.0,TransIndia Logistics,Unknown,Standard,1098.3,14011.0,Delivered,False,False,False,False,False,False,0,4.0,3.0,1.0,1.0,12.39,2,False,0.5686,0.7209,0.4601,0.1307,1.2884
SHP-001794,2024-10-01,2024-10-02,2024-10-07,Chennai,Lucknow,1936.7,TransIndia Logistics,Truck,Express,6298.5,53620.0,Delivered,False,False,False,True,False,False,1,5.0,5.0,0.0,0.0,27.69,10,False,0.8012,0.9083,0.7937,0.7348,-0.4391
SHP-001795,2024-05-10,2024-05-11,2024-05-16,Ahmedabad,Bengaluru,1516.1,SafeHaul,Truck,Express,14827.9,54184.0,Delivered,False,False,False,False,False,False,1,5.0,4.0,1.0,1.0,35.74,5,False,0.9153,0.823,0.7963,0.7348,1.2884
SHP-001796,2024-11-21,2024-11-21,2024-11-22,Mumbai,Chennai,1339.9,TransIndia Logistics,Air Cargo,Express,463.0,62223.0,Returned,False,False,False,False,False,False,0,1.0,1.0,0.0,0.0,46.44,11,False,0.4537,0.78,0.8307,-1.6819,-0.4391
SHP-001797,2024-12-06,2024-12-06,2024-12-08,Kolkata,Jaipur,1714.5,SafeHaul,Air Cargo,Express,133.2,68903.0,Delivered,False,False,False,False,False,False,0,2.0,2.0,0.0,0.0,40.19,12,False,0.2884,0.8659,0.856,-1.0777,-0.4391
SHP-001798,2024-11-16,2024-11-17,2024-11-18,Mumbai,Pune,153.3,SafeHaul,Mini Truck,Standard,621.6,2619.0,Delivered,False,False,False,False,False,False,1,1.0,1.0,0.0,0.0,17.08,11,False,0.4929,0.0263,0.0433,-1.6819,-0.4391
SHP-001799,2024-05-11,2024-05-14,2024-05-16,Kolkata,Patna,592.8,RapidFreight,Unknown,Standard,1085.0,13104.0,Delivered,False,False,False,False,False,False,3,2.0,2.0,0.0,0.0,22.11,5,False,0.567,0.496,0.4435,-1.0777,-0.4391
SHP-001800,2024-04-06,2024-04-07,2024-04-13,Kolkata,Hyderabad,1649.0,BharatCargo,Truck,Express,4932.6,44203.0,Delivered,False,False,False,False,False,False,1,6.0,5.0,1.0,1.0,26.81,4,False,0.7687,0.8523,0.7457,1.339,1.2884
SHP-001801,2024-11-28,2024-12-01,2024-12-06,Kolkata,Mumbai,1927.4,RapidFreight,Truck,Standard,2663.9,44882.0,Delivered,False,False,False,False,False,False,3,5.0,5.0,0.0,0.0,23.29,11,False,0.6866,0.9066,0.7495,0.7348,-0.4391
SHP-001802,2024-07-04,2024-07-04,2024-07-10,Kolkata,Bengaluru,1966.6,RapidFreight,Truck,Standard,6851.7,43308.0,Delivered,False,False,False,False,False,False,0,6.0,5.0,1.0,1.0,22.02,7,False,0.8125,0.9136,0.7406,1.339,1.2884
SHP-001803,2024-10-07,2024-10-08,2024-10-13,Delhi,Hyderabad,1606.7,SafeHaul,Truck,Standard,6576.4,35683.0,Delivered,False,False,False,False,False,False,1,5.0,5.0,0.0,0.0,22.21,10,False,0.807,0.8432,0.6925,0.7348,-0.4391
SHP-001804,2024-11-10,2024-11-11,2024-11-18,Chennai,Lucknow,1900.7,RapidFreight,Truck,Standard,9109.1,46038.0,Delivered,False,False,False,False,False,False,1,7.0,5.0,2.0,1.0,24.22,11,True,0.8504,0.9018,0.7558,1.9432,3.0159
SHP-001805,2024-04-23,2024-04-23,2024-04-25,Chennai,Bengaluru,385.3,GreenLine Carriers,Mini Truck,Express,1618.2,6647.0,Delivered,False,False,False,False,False,True,0,2.0,2.0,0.0,0.0,17.25,4,False,0.6202,0.3462,0.2748,-1.0777,-0.4391
SHP-001806,2024-02-18,2024-02-19,2024-02-23,Chennai,Mumbai,1365.7,BharatCargo,Mini Truck,Standard,689.1,19785.0,Delivered,False,False,False,False,False,False,1,4.0,4.0,0.0,0.0,14.49,2,False,0.5066,0.7866,0.5459,0.1307,-0.4391
SHP-001807,2024-09-08,2024-09-10,2024-09-16,Delhi,Hyderabad,1603.9,SafeHaul,Truck,Standard,18000.0,40078.0,Delivered,False,False,True,False,False,False,2,6.0,5.0,1.0,1.0,24.99,9,False,0.9411,0.8426,0.7213,1.339,1.2884
SHP-001808,2024-08-26,2024-08-26,2024-08-28,Bengaluru,Lucknow,2022.4,RapidFreight,Air Cargo,Express,189.3,87781.0,Delivered,True,False,False,False,False,False,0,2.0,2.0,0.0,0.0,43.4,8,False,0.335,0.9234,0.9162,-1.0777,-0.4391
SHP-001809,2024-04-20,2024-04-20,2024-04-23,Bengaluru,Hyderabad,636.6,TransIndia Logistics,Mini Truck,Standard,318.9,8397.0,Delivered,False,False,False,False,False,False,0,3.0,2.0,1.0,1.0,13.19,4,False,0.4042,0.5208,0.3329,-0.4735,1.2884
SHP-001810,2024-08-24,2024-08-25,2024-09-02,Delhi,Bengaluru,2217.3,BharatCargo,Truck,Express,4282.4,65857.0,Delivered,False,False,False,False,False,False,1,8.0,6.0,2.0,1.0,29.7,8,True,0.7499,0.9555,0.8448,2.5474,3.0159
SHP-001811,2024-10-31,2024-10-31,2024-11-01,Mumbai,Pune,153.7,SafeHaul,Mini Truck,Standard,559.7,2998.0,Delivered,False,False,False,False,False,False,0,1.0,1.0,0.0,0.0,19.51,10,False,0.4789,0.0272,0.0769,-1.6819,-0.4391
SHP-001812,2024-05-23,2024-05-24,2024-05-27,Bengaluru,Pune,933.6,SafeHaul,Truck,Standard,8559.4,23404.0,Delivered,False,False,False,True,False,False,1,3.0,3.0,0.0,0.0,25.07,5,False,0.8421,0.6541,0.5876,-0.4735,-0.4391
SHP-001813,2024-04-09,2024-04-09,2024-04-14,Chennai,Kolkata,1756.0,SafeHaul,Container,Standard,10049.5,63613.0,Delivered,False,False,False,False,False,False,0,5.0,4.0,1.0,1.0,36.23,4,False,0.8635,0.8742,0.8362,0.7348,1.2884
SHP-001814,2024-10-12,2024-10-13,2024-10-19,Mumbai,Lucknow,1575.3,SafeHaul,Mini Truck,Standard,585.4,19151.0,Delivered,False,False,False,False,False,False,1,6.0,5.0,1.0,1.0,12.16,10,False,0.4849,0.8364,0.5378,1.339,1.2884
SHP-001815,2024-10-30,2024-11-01,2024-11-05,Hyderabad,Patna,1391.3,TransIndia Logistics,Truck,Standard,5447.4,36064.0,Delivered,False,False,False,False,False,False,2,4.0,4.0,0.0,0.0,25.92,10,False,0.7819,0.7931,0.6951,0.1307,-0.4391
SHP-001816,2024-12-17,2024-12-20,2024-12-26,Bengaluru,Delhi,2133.0,TransIndia Logistics,Container,Standard,11967.7,74181.0,Delivered,False,False,False,False,False,False,3,6.0,5.0,1.0,1.0,34.78,12,False,0.8868,0.9419,0.8744,1.339,1.2884
SHP-001817,2024-03-01,2024-03-03,2024-03-05,Chennai,Hyderabad,613.4,BharatCargo,Truck,Standard,9763.1,20415.0,Delivered,False,False,False,False,False,False,2,2.0,2.0,0.0,0.0,33.28,3,False,0.8596,0.5079,0.5537,-1.0777,-0.4391
SHP-001818,2024-11-27,2024-11-27,2024-12-02,Bengaluru,Lucknow,2095.9,GreenLine Carriers,Container,Standard,17523.1,83694.0,Delivered,False,False,False,False,False,False,0,5.0,5.0,0.0,0.0,39.93,11,False,0.9376,0.9358,0.9044,0.7348,-0.4391
SHP-001819,2024-10-24,2024-10-25,2024-10-27,Bengaluru,Chennai,375.7,BharatCargo,Mini Truck,Standard,1409.5,6563.0,Delivered,False,False,False,False,False,False,1,2.0,2.0,0.0,0.0,17.47,10,False,0.6019,0.3374,0.2716,-1.0777,-0.4391
SHP-001820,2024-10-05,2024-10-05,2024-10-07,Kolkata,Patna,611.9,RapidFreight,Truck,Standard,4919.2,17353.0,Delivered,False,False,False,False,False,False,0,2.0,2.0,0.0,0.0,28.36,10,False,0.7683,0.5071,0.5133,-1.0777,-0.4391
SHP-001821,2024-05-07,2024-05-07,2024-05-11,Ahmedabad,Patna,1574.8,BharatCargo,Truck,Express,12345.3,58542.0,Delivered,False,False,False,False,False,False,0,4.0,4.0,0.0,0.0,37.17,5,False,0.8909,0.8362,0.8155,0.1307,-0.4391
SHP-001822,2024-01-10,2024-01-10,2024-01-14,Bengaluru,Ahmedabad,1696.2,BharatCargo,Container,Express,8685.5,78281.0,Delivered,False,False,False,False,False,False,0,4.0,4.0,0.0,0.0,46.15,1,False,0.8441,0.8621,0.8877,0.1307,-0.4391
SHP-001823,2024-07-26,2024-07-29,2024-08-04,Bengaluru,Jaipur,1949.9,BharatCargo,Mini Truck,Standard,682.5,24662.0,Delivered,False,True,False,False,False,False,3,6.0,6.0,0.0,0.0,12.65,7,False,0.5053,0.9107,0.6006,1.339,-0.4391
SHP-001824,2024-04-26,2024-04-27,2024-05-03,Kolkata,Mumbai,2131.4,TransIndia Logistics,Truck,Standard,2896.4,46185.0,Delivered,False,False,False,False,False,False,1,6.0,6.0,0.0,0.0,21.67,4,False,0.6978,0.9417,0.7566,1.339,-0.4391
SHP-001825,2024-04-28,2024-04-28,2024-05-03,Chennai,Patna,1961.1,SafeHaul,Container,Standard,14045.2,69407.0,Delivered,False,False,False,False,False,False,0,5.0,5.0,0.0,0.0,35.39,4,False,0.9081,0.9127,0.8578,0.7348,-0.4391
SHP-001826,2024-12-09,2024-12-10,2024-12-13,Delhi,Patna,1049.4,GreenLine Carriers,Mini Truck,Standard,1440.2,16204.0,Delivered,False,False,False,False,False,False,1,3.0,3.0,0.0,0.0,15.44,12,False,0.6047,0.6949,0.4962,-0.4735,-0.4391
SHP-001827,2024-03-03,2024-03-04,2024-03-08,Bengaluru,Mumbai,1058.4,RapidFreight,Mini Truck,Express,487.7,15690.0,Delivered,False,False,False,False,False,False,1,4.0,4.0,0.0,0.0,14.82,3,False,0.4606,0.6978,0.4882,0.1307,-0.4391
SHP-001828,2024-12-11,2024-12-12,2024-12-15,Bengaluru,Pune,947.4,SafeHaul,Truck,Express,4507.5,27729.0,Delivered,False,False,True,False,False,False,1,3.0,3.0,0.0,0.0,29.27,12,False,0.7567,0.6593,0.6298,-0.4735,-0.4391
SHP-001829,2024-07-24,2024-07-26,2024-07-29,Ahmedabad,Mumbai,626.6,RapidFreight,Truck,Standard,5270.6,17589.0,Returned,False,False,False,False,False,False,2,3.0,2.0,1.0,1.0,28.07,7,False,0.7775,0.5153,0.5166,-0.4735,1.2884
SHP-001830,2024-11-13,2024-11-13,2024-11-15,Bengaluru,Hyderabad,647.2,BharatCargo,Container,Standard,17108.0,32024.0,Delivered,False,False,False,False,False,False,0,2.0,2.0,0.0,0.0,49.48,11,False,0.9344,0.5266,0.6656,-1.0777,-0.4391
SHP-001831,2024-04-25,2024-04-26,2024-04-27,Bengaluru,Chennai,395.9,BharatCargo,Unknown,Express,4505.0,12703.0,Delivered,False,False,False,False,False,False,1,1.0,1.0,0.0,0.0,32.09,4,False,0.7566,0.3556,0.4357,-1.6819,-0.4391
SHP-001832,2024-09-11,2024-09-13,2024-09-14,Ahmedabad,Mumbai,589.4,SafeHaul,Air Cargo,Standard,88.0,20506.0,Delivered,False,False,False,False,False,False,2,1.0,1.0,0.0,0.0,34.79,9,False,0.2337,0.494,0.5548,-1.6819,-0.4391
SHP-001833,2024-08-14,2024-08-14,2024-08-22,Bengaluru,Jaipur,2028.0,TransIndia Logistics,Truck,Standard,2676.5,46035.0,Delivered,False,False,False,False,False,False,0,8.0,6.0,2.0,1.0,22.7,8,True,0.6873,0.9244,0.7558,2.5474,3.0159
SHP-001834,2024-12-08,2024-12-10,2024-12-17,Delhi,Chennai,2158.3,RapidFreight,Truck,Standard,4257.7,47979.0,Delivered,False,False,False,False,False,False,2,7.0,6.0,1.0,1.0,22.23,12,False,0.7491,0.9461,0.7661,1.9432,1.2884
SHP-001835,2024-03-14,2024-03-14,2024-03-18,Mumbai,Chennai,1378.7,RapidFreight,Truck,Standard,12161.0,36973.0,Delivered,False,False,False,False,False,False,0,4.0,4.0,0.0,0.0,26.82,3,False,0.8889,0.7899,0.7013,0.1307,-0.4391
SHP-001836,2024-03-24,2024-03-25,2024-03-26,Delhi,Jaipur,282.8,BharatCargo,Truck,Standard,6336.4,10778.0,Delivered,False,False,False,False,False,False,1,1.0,1.0,0.0,0.0,38.11,3,False,0.802,0.2387,0.3949,-1.6819,-0.4391
SHP-001837,2024-12-15,2024-12-16,2024-12-17,Delhi,Jaipur,320.1,RapidFreight,Unknown,Standard,3849.1,9843.0,Delivered,False,False,False,False,False,False,1,1.0,1.0,0.0,0.0,30.75,12,False,0.7356,0.2817,0.3723,-1.6819,-0.4391
SHP-001838,2024-02-10,2024-02-12,2024-02-18,Bengaluru,Delhi,2244.4,SafeHaul,Truck,Standard,12596.8,56427.0,Delivered,False,False,False,False,False,False,2,6.0,6.0,0.0,0.0,25.14,2,False,0.8936,0.9597,0.8064,1.339,-0.4391
SHP-001839,2024-09-12,2024-09-14,2024-09-20,Chennai,Kolkata,1554.2,BharatCargo,Truck,Standard,6030.4,33912.0,Delivered,False,True,False,False,False,False,2,6.0,4.0,2.0,1.0,21.82,9,True,0.7955,0.8317,0.6798,1.339,3.0159
SHP-001840,2024-01-25,2024-01-26,2024-01-31,Chennai,Ahmedabad,1732.1,TransIndia Logistics,Truck,Express,14065.6,53989.0,Delivered,False,False,False,False,False,False,1,5.0,5.0,0.0,0.0,31.17,1,False,0.9083,0.8694,0.7954,0.7348,-0.4391
SHP-001841,2024-02-01,2024-02-02,2024-02-05,Delhi,Ahmedabad,1018.9,GreenLine Carriers,Mini Truck,Express,1625.0,18680.0,Delivered,False,False,False,False,False,False,1,3.0,3.0,0.0,0.0,18.33,2,False,0.6208,0.6846,0.5316,-0.4735,-0.4391
SHP-001842,2024-08-29,2024-08-29,2024-09-03,Kolkata,Lucknow,1124.2,BharatCargo,Mini Truck,Standard,723.9,13131.0,Delivered,False,False,False,False,False,False,0,5.0,4.0,1.0,1.0,11.68,8,False,0.5132,0.7188,0.444,0.7348,1.2884
SHP-001843,2024-08-12,2024-08-13,2024-08-17,Delhi,Patna,1123.7,GreenLine Carriers,Container,Standard,8286.0,42293.0,Delivered,False,False,False,False,False,False,1,4.0,3.0,1.0,1.0,37.64,8,False,0.8378,0.7187,0.7347,0.1307,1.2884
SHP-001844,2024-08-20,2024-08-21,2024-08-24,Ahmedabad,Delhi,959.2,TransIndia Logistics,Mini Truck,Express,2500.0,21882.0,Delivered,False,False,False,False,False,False,1,3.0,3.0,0.0,0.0,22.81,8,False,0.6782,0.6636,0.5709,-0.4735,-0.4391
SHP-001845,2024-07-12,2024-07-12,2024-07-13,Delhi,Jaipur,285.2,RapidFreight,Truck,Standard,7569.5,11170.0,Delivered,False,False,False,False,False,False,0,1.0,1.0,0.0,0.0,39.17,7,False,0.8257,0.2416,0.4038,-1.6819,-0.4391
SHP-001846,2024-10-17,2024-10-20,2024-10-22,Kolkata,Mumbai,2111.1,TransIndia Logistics,Air Cargo,Standard,108.5,68768.0,Delivered,False,False,False,True,False,False,3,2.0,2.0,0.0,0.0,32.57,10,False,0.2613,0.9384,0.8555,-1.0777,-0.4391
SHP-001847,2024-12-29,2024-12-30,,Mumbai,Kolkata,2119.8,BharatCargo,Truck,Standard,10648.7,49229.0,In Transit,False,False,False,False,False,False,1,,6.0,,,23.22,12,False,0.8712,0.9398,0.7724,,
SHP-001848,2024-04-22,2024-04-22,2024-04-27,Kolkata,Pune,1987.4,SafeHaul,Container,Standard,17901.1,70404.0,Delivered,False,False,False,False,False,False,0,5.0,5.0,0.0,0.0,35.43,4,False,0.9404,0.9173,0.8614,0.7348,-0.4391
SHP-001849,2024-05-12,2024-05-13,2024-05-17,Bengaluru,Pune,986.8,SafeHaul,Truck,Express,13175.0,39139.0,Delivered,False,False,False,False,False,False,1,4.0,3.0,1.0,1.0,39.66,5,False,0.8996,0.6734,0.7154,0.1307,1.2884
SHP-001850,2024-05-12,2024-05-13,2024-05-19,Chennai,Delhi,2170.8,GreenLine Carriers,Truck,Standard,4032.4,49195.0,Delivered,False,False,False,False,False,False,1,6.0,6.0,0.0,0.0,22.66,5,False,0.7418,0.9481,0.7723,1.339,-0.4391
SHP-001851,2024-10-23,2024-10-25,2024-10-30,Mumbai,Kolkata,2143.7,TransIndia Logistics,Container,Standard,15650.8,84310.0,Delivered,False,False,True,False,False,False,2,5.0,5.0,0.0,0.0,39.33,10,False,0.9225,0.9437,0.9062,0.7348,-0.4391
SHP-001852,2024-05-22,2024-05-23,2024-05-26,Ahmedabad,Hyderabad,1128.6,TransIndia Logistics,Container,Express,9244.3,54542.0,Delivered,False,False,False,False,False,False,1,3.0,3.0,0.0,0.0,48.33,5,False,0.8524,0.7202,0.7979,-0.4735,-0.4391
SHP-001853,2024-09-27,2024-09-28,2024-10-03,Bengaluru,Kolkata,1873.3,BharatCargo,Container,Standard,17677.2,93169.0,Delivered,False,False,False,False,False,False,1,5.0,5.0,0.0,0.0,49.74,9,False,0.9387,0.8967,0.931,0.7348,-0.4391
SHP-001854,2024-07-01,2024-07-02,2024-07-05,Chennai,Pune,1108.5,GreenLine Carriers,Container,Express,13888.0,53638.0,Delivered,False,False,False,False,False,False,1,3.0,3.0,0.0,0.0,48.39,7,False,0.9066,0.7139,0.7938,-0.4735,-0.4391
SHP-001855,2024-09-02,2024-09-02,2024-09-03,Hyderabad,Bengaluru,639.8,SafeHaul,Unknown,Standard,198.7,23399.0,Delivered,False,False,False,False,False,False,0,1.0,2.0,-1.0,0.0,36.57,9,False,0.3414,0.5226,0.5876,-1.6819,-2.1666
SHP-001856,2024-11-11,2024-11-13,2024-11-17,Ahmedabad,Hyderabad,1214.7,TransIndia Logistics,Truck,Standard,5495.6,28397.0,Delivered,False,False,False,False,False,False,2,4.0,4.0,0.0,0.0,23.38,11,False,0.7831,0.7458,0.6357,0.1307,-0.4391
SHP-001857,2024-07-29,2024-07-30,2024-08-02,Mumbai,Hyderabad,813.1,Unknown,Truck,Express,5161.2,28394.0,Delivered,False,False,False,False,False,False,1,3.0,3.0,0.0,0.0,34.92,7,False,0.7747,0.606,0.6357,-0.4735,-0.4391
SHP-001858,2024-07-13,2024-07-13,2024-07-16,Mumbai,Bengaluru,1007.4,RapidFreight,Truck,Express,3563.8,31548.0,Delivered,False,False,False,False,False,False,0,3.0,3.0,0.0,0.0,31.32,7,False,0.7254,0.6806,0.6618,-0.4735,-0.4391
SHP-001859,2024-04-19,2024-04-20,2024-04-24,Mumbai,Bengaluru,947.5,BharatCargo,Truck,Express,9640.9,27732.0,Delivered,False,False,True,False,False,False,1,4.0,3.0,1.0,1.0,29.27,4,False,0.858,0.6593,0.6298,0.1307,1.2884
SHP-001860,2024-07-29,2024-07-29,2024-07-31,Mumbai,Pune,158.8,TransIndia Logistics,Truck,Express,14666.7,6247.0,Delivered,False,False,False,False,False,True,0,2.0,1.0,1.0,1.0,39.34,7,False,0.9139,0.0385,0.2593,-1.0777,1.2884
SHP-001861,2024-04-17,2024-04-17,2024-04-20,Kolkata,Patna,597.5,GreenLine Carriers,Truck,Standard,4296.3,17429.0,Delivered,False,False,False,False,False,False,0,3.0,2.0,1.0,1.0,29.17,4,False,0.7503,0.4988,0.5144,-0.4735,1.2884
SHP-001862,2024-11-15,2024-11-17,2024-11-20,Ahmedabad,Hyderabad,1176.9,TransIndia Logistics,Container,Standard,16992.9,52751.0,Delivered,False,False,False,False,False,False,2,3.0,3.0,0.0,0.0,44.82,11,False,0.9335,0.7348,0.7896,-0.4735,-0.4391
SHP-001863,2024-06-07,2024-06-08,2024-06-11,Ahmedabad,Hyderabad,1085.9,BharatCargo,Truck,Standard,7776.2,26045.0,Delivered,False,False,False,False,False,False,1,3.0,3.0,0.0,0.0,23.98,6,False,0.8293,0.7068,0.6142,-0.4735,-0.4391
SHP-001864,2024-02-22,2024-02-23,2024-02-28,Bengaluru,Kolkata,2025.7,RapidFreight,Container,Express,14039.7,93225.0,Delivered,False,False,False,False,False,False,1,5.0,5.0,0.0,0.0,46.02,2,False,0.908,0.924,0.9312,0.7348,-0.4391
SHP-001865,2024-04-08,2024-04-09,2024-04-12,Kolkata,Lucknow,1173.4,SafeHaul,Truck,Standard,2400.8,31179.0,Delivered,False,False,False,True,False,False,1,3.0,3.0,0.0,0.0,26.57,4,False,0.6728,0.7338,0.6589,-0.4735,-0.4391
SHP-001866,2024-08-06,2024-08-07,2024-08-11,Hyderabad,Patna,1437.2,BharatCargo,Truck,Express,2747.8,41389.0,Delivered,False,False,False,False,False,False,1,4.0,4.0,0.0,0.0,28.8,8,False,0.6908,0.8044,0.7293,0.1307,-0.4391
SHP-001867,2024-12-05,2024-12-05,2024-12-07,Ahmedabad,Pune,651.8,GreenLine Carriers,Container,Express,10651.6,34520.0,Delivered,False,False,False,False,False,False,0,2.0,2.0,0.0,0.0,52.96,12,False,0.8712,0.5291,0.6842,-1.0777,-0.4391
SHP-001868,2024-05-02,2024-05-02,2024-05-05,Mumbai,Jaipur,1178.9,SafeHaul,Container,Express,6622.1,59393.0,Delivered,False,False,False,False,False,False,0,3.0,3.0,0.0,0.0,50.38,5,False,0.8079,0.7354,0.8191,-0.4735,-0.4391
SHP-001869,2024-04-18,2024-04-18,2024-04-24,Bengaluru,Lucknow,2069.7,BharatCargo,Truck,Express,13965.3,61822.0,Delivered,False,False,False,False,False,False,0,6.0,6.0,0.0,0.0,29.87,4,False,0.9073,0.9315,0.8291,1.339,-0.4391
SHP-001870,2024-06-15,2024-06-16,2024-06-18,Hyderabad,Pune,645.9,BharatCargo,Truck,Standard,7481.1,17631.0,Delivered,False,False,False,False,False,False,1,2.0,2.0,0.0,0.0,27.3,6,False,0.8242,0.5259,0.5172,-1.0777,-0.4391
SHP-001871,2024-12-21,2024-12-21,2024-12-23,Mumbai,Ahmedabad,563.5,GreenLine Carriers,Truck,Standard,5893.1,16134.0,Returned,True,False,False,False,False,False,0,2.0,2.0,0.0,0.0,28.63,12,False,0.7924,0.4784,0.4952,-1.0777,-0.4391
SHP-001872,2024-11-15,2024-11-15,2024-11-17,Bengaluru,Hyderabad,627.6,SafeHaul,Mini Truck,Express,188.1,10623.0,Delivered,False,False,False,False,False,False,0,2.0,2.0,0.0,0.0,16.93,11,False,0.3341,0.5159,0.3913,-1.0777,-0.4391
SHP-001873,2024-03-02,2024-03-04,2024-03-07,Ahmedabad,Pune,627.8,RapidFreight,Truck,Standard,2008.6,16241.0,Delivered,False,False,False,False,False,False,2,3.0,2.0,1.0,1.0,25.87,3,False,0.649,0.516,0.4968,-0.4735,1.2884
SHP-001874,2024-09-04,2024-09-05,2024-09-07,Ahmedabad,Chennai,1894.9,BharatCargo,Air Cargo,Standard,149.6,63056.0,Delivered,False,False,False,False,False,False,1,2.0,2.0,0.0,0.0,33.28,9,False,0.3038,0.9007,0.834,-1.0777,-0.4391
SHP-001875,2024-11-01,2024-11-02,2024-11-04,Ahmedabad,Pune,647.0,BharatCargo,Truck,Express,18000.0,31207.0,Delivered,False,False,False,True,False,False,1,2.0,2.0,0.0,0.0,48.23,11,False,0.9411,0.5265,0.6591,-1.0777,-0.4391
SHP-001876,2024-10-25,2024-10-28,2024-10-30,Hyderabad,Delhi,1570.4,BharatCargo,Air Cargo,Standard,74.6,52810.0,Delivered,False,False,False,False,False,False,3,2.0,2.0,0.0,0.0,33.63,10,False,0.212,0.8353,0.7899,-1.0777,-0.4391
SHP-001877,2024-07-18,2024-07-19,2024-07-24,Mumbai,Lucknow,1525.2,TransIndia Logistics,Truck,Standard,10074.8,39454.0,Delivered,False,False,False,False,False,False,1,5.0,4.0,1.0,1.0,25.87,7,False,0.8638,0.8251,0.7174,0.7348,1.2884
SHP-001878,2024-10-14,2024-10-16,2024-10-20,Mumbai,Chennai,1326.2,RapidFreight,Truck,Standard,4498.8,33425.0,Delivered,False,False,False,False,False,False,2,4.0,4.0,0.0,0.0,25.2,10,False,0.7564,0.7764,0.6762,0.1307,-0.4391
SHP-001879,2024-08-24,2024-08-25,2024-08-29,Bengaluru,Pune,926.1,BharatCargo,Truck,Standard,6202.2,25864.0,Delivered,False,False,False,False,False,False,1,4.0,3.0,1.0,1.0,27.93,8,False,0.7992,0.6513,0.6125,0.1307,1.2884
SHP-001880,2024-03-23,2024-03-24,2024-03-28,Kolkata,Delhi,1667.1,BharatCargo,Container,Express,21417.3,94855.0,Delivered,False,False,False,False,False,False,1,4.0,4.0,0.0,0.0,56.9,3,False,0.9643,0.8561,0.9355,0.1307,-0.4391
SHP-001881,2024-01-23,2024-01-23,2024-01-26,Bengaluru,Mumbai,1080.4,BharatCargo,Truck,Standard,4875.3,26776.0,Delivered,False,False,False,False,False,False,0,3.0,3.0,0.0,0.0,24.78,1,False,0.7671,0.705,0.6211,-0.4735,-0.4391
SHP-001882,2024-05-31,2024-06-01,2024-06-04,Kolkata,Lucknow,1134.25,SafeHaul,Truck,Standard,6030.4,27022.0,Delivered,True,True,False,False,False,False,1,3.0,3.0,0.0,0.0,23.82,5,False,0.7955,0.7219,0.6234,-0.4735,-0.4391
SHP-001883,2024-01-26,2024-01-26,2024-01-28,Bengaluru,Jaipur,1810.1,SafeHaul,Air Cargo,Standard,619.4,72166.0,Delivered,False,False,False,False,False,False,0,2.0,2.0,0.0,0.0,39.87,1,False,0.4924,0.8848,0.8675,-1.0777,-0.4391
SHP-001884,2024-06-10,2024-06-11,2024-06-16,Chennai,Kolkata,1869.2,RapidFreight,Container,Express,14225.0,98537.0,Delivered,False,False,False,False,False,False,1,5.0,5.0,0.0,0.0,52.72,6,False,0.9098,0.896,0.9449,0.7348,-0.4391
SHP-001885,2024-11-11,2024-11-11,2024-11-17,Mumbai,Kolkata,2104.7,BharatCargo,Truck,Express,11547.7,64507.0,Delivered,False,False,False,False,False,False,0,6.0,6.0,0.0,0.0,30.65,11,False,0.882,0.9373,0.8396,1.339,-0.4391
SHP-001886,2024-11-15,2024-11-16,2024-11-20,Mumbai,Jaipur,1205.1,TransIndia Logistics,Truck,Standard,3977.3,26935.0,Delivered,False,False,False,False,False,False,1,4.0,4.0,0.0,0.0,22.35,11,False,0.74,0.743,0.6226,0.1307,-0.4391
SHP-001887,2024-01-14,2024-01-15,2024-01-17,Delhi,Lucknow,504.2,GreenLine Carriers,Truck,Standard,13954.0,21348.0,Delivered,False,False,False,False,False,False,1,2.0,2.0,0.0,0.0,42.34,1,False,0.9072,0.4397,0.5648,-1.0777,-0.4391
SHP-001888,2024-01-29,2024-01-30,2024-02-04,Delhi,Kolkata,1636.9,RapidFreight,Container,Standard,15407.1,56963.0,Delivered,False,False,False,False,False,False,1,5.0,4.0,1.0,1.0,34.8,1,False,0.9204,0.8497,0.8087,0.7348,1.2884
SHP-001889,2024-09-25,2024-09-26,2024-09-28,Hyderabad,Pune,628.8,Unknown,Truck,Standard,7788.4,16554.0,Delivered,False,False,False,False,False,False,1,2.0,2.0,0.0,0.0,26.33,9,False,0.8295,0.5166,0.5016,-1.0777,-0.4391
SHP-001890,2024-07-23,2024-07-25,2024-07-30,Bengaluru,Kolkata,2115.1,GreenLine Carriers,Container,Standard,14660.1,78957.0,Delivered,False,False,False,False,False,False,2,5.0,5.0,0.0,0.0,37.33,7,False,0.9138,0.939,0.8899,0.7348,-0.4391
SHP-001891,2024-03-02,2024-03-02,2024-03-04,Mumbai,Ahmedabad,563.5,RapidFreight,Truck,Standard,4430.3,14844.0,Delivered,True,False,False,False,False,False,0,2.0,2.0,0.0,0.0,26.34,3,False,0.7544,0.4784,0.4745,-1.0777,-0.4391
SHP-001892,2024-11-04,2024-11-07,2024-11-10,Chennai,Hyderabad,679.5,GreenLine Carriers,Unknown,Standard,13991.8,27278.0,Delivered,False,False,False,False,False,False,3,3.0,2.0,1.0,1.0,40.14,11,False,0.9076,0.5435,0.6257,-0.4735,1.2884
SHP-001893,2024-03-29,2024-03-29,2024-04-04,Kolkata,Mumbai,2062.1,TransIndia Logistics,Container,Standard,11990.9,78175.0,Delivered,False,False,False,False,False,False,0,6.0,5.0,1.0,1.0,37.91,3,False,0.887,0.9302,0.8874,1.339,1.2884
SHP-001894,2024-02-01,2024-02-01,2024-02-06,Delhi,Bengaluru,2186.3,RapidFreight,Container,Standard,19587.6,85944.0,Delivered,False,False,False,False,False,False,0,5.0,5.0,0.0,0.0,39.31,2,False,0.9524,0.9505,0.9109,0.7348,-0.4391
SHP-001895,2024-10-19,2024-10-21,2024-10-26,Mumbai,Patna,1841.3,RapidFreight,Container,Standard,13039.6,67358.0,Delivered,False,False,False,False,False,False,2,5.0,5.0,0.0,0.0,36.58,10,False,0.8982,0.8907,0.8504,0.7348,-0.4391
SHP-001896,2024-09-02,2024-09-02,2024-09-07,Delhi,Ahmedabad,1043.9,GreenLine Carriers,Container,Standard,13476.0,45950.0,Delivered,False,True,False,False,False,False,0,5.0,3.0,2.0,1.0,44.02,9,True,0.9026,0.693,0.7553,0.7348,3.0159
SHP-001897,2024-06-10,2024-06-10,2024-06-14,Kolkata,Delhi,1542.2,RapidFreight,Container,Standard,7777.7,58832.0,Delivered,False,False,False,False,False,False,0,4.0,4.0,0.0,0.0,38.15,6,False,0.8293,0.829,0.8167,0.1307,-0.4391
SHP-001898,2024-10-03,2024-10-03,2024-10-04,Mumbai,Lucknow,1448.7,SafeHaul,Air Cargo,Standard,26.7,47554.0,Delivered,False,False,False,False,False,False,0,1.0,1.0,0.0,0.0,32.83,10,False,0.0782,0.8072,0.7638,-1.6819,-0.4391
SHP-001899,2024-12-04,2024-12-06,2024-12-10,Delhi,Pune,1514.6,RapidFreight,Mini Truck,Standard,1014.2,16098.0,Delivered,True,False,False,False,False,False,2,4.0,5.0,-1.0,0.0,10.63,12,False,0.558,0.8227,0.4946,0.1307,-2.1666
SHP-001900,2024-01-14,2024-01-14,2024-01-15,Delhi,Jaipur,287.8,SafeHaul,Truck,Express,3006.7,9178.0,Delivered,False,False,False,False,False,False,0,1.0,1.0,0.0,0.0,31.89,1,False,0.7027,0.2448,0.355,-1.6819,-0.4391
SHP-001901,2024-09-09,2024-09-09,2024-09-12,Kolkata,Lucknow,1098.1,TransIndia Logistics,Truck,Standard,7183.7,29400.0,Delivered,False,False,False,True,False,False,0,3.0,3.0,0.0,0.0,26.77,9,False,0.8188,0.7107,0.6443,-0.4735,-0.4391
SHP-001902,2024-03-30,2024-03-31,2024-04-04,Delhi,Kolkata,1560.6,SafeHaul,Container,Express,14685.5,86103.0,Delivered,False,False,False,False,False,False,1,4.0,4.0,0.0,0.0,55.17,3,False,0.914,0.8331,0.9114,0.1307,-0.4391
SHP-001903,2024-07-12,2024-07-12,2024-07-16,Hyderabad,Delhi,1559.8,RapidFreight,Truck,Standard,5771.5,35200.0,Delivered,False,False,False,False,False,False,0,4.0,4.0,0.0,0.0,22.57,7,False,0.7896,0.8329,0.6891,0.1307,-0.4391
SHP-001904,2024-06-22,2024-06-25,2024-06-28,Delhi,Ahmedabad,912.9,Unknown,Truck,Standard,7805.3,25017.0,Delivered,False,False,False,False,False,False,3,3.0,3.0,0.0,0.0,27.4,6,False,0.8298,0.6463,0.6042,-0.4735,-0.4391
SHP-001905,2024-06-08,2024-06-08,2024-06-15,Kolkata,Mumbai,2031.0,SafeHaul,Truck,Standard,6030.4,44612.0,Delivered,False,True,False,False,False,False,0,7.0,6.0,1.0,1.0,21.97,6,False,0.7955,0.9249,0.748,1.9432,1.2884
SHP-001906,2024-03-18,2024-03-19,2024-03-22,Bengaluru,Mumbai,1134.0,RapidFreight,Container,Standard,5889.2,39806.0,Delivered,False,False,False,False,True,False,1,3.0,3.0,0.0,0.0,35.1,3,False,0.7923,0.7219,0.7196,-0.4735,-0.4391
SHP-001907,2024-11-04,2024-11-05,2024-11-08,Bengaluru,Hyderabad,633.6,TransIndia Logistics,Truck,Express,4941.1,21869.0,Delivered,True,False,False,False,False,False,1,3.0,2.0,1.0,1.0,34.52,11,False,0.7689,0.5192,0.5708,-0.4735,1.2884
SHP-001908,2024-06-04,2024-06-05,2024-06-07,Delhi,Lucknow,537.6,SafeHaul,Mini Truck,Express,903.4,9100.0,Delivered,False,False,False,False,False,False,1,2.0,2.0,0.0,0.0,16.93,6,False,0.5426,0.462,0.3528,-1.0777,-0.4391
SHP-001909,2024-11-27,2024-11-30,2024-12-03,Hyderabad,Ahmedabad,1080.4,RapidFreight,Truck,Standard,16053.5,30484.0,Delivered,False,False,False,False,False,False,3,3.0,3.0,0.0,0.0,28.22,11,False,0.9259,0.705,0.6533,-0.4735,-0.4391
SHP-001910,2024-05-24,2024-05-25,2024-05-29,Hyderabad,Patna,1373.4,GreenLine Carriers,Truck,Express,16504.5,45696.0,Delivered,False,False,False,False,False,False,1,4.0,4.0,0.0,0.0,33.27,5,False,0.9296,0.7886,0.7539,0.1307,-0.4391
SHP-001911,2024-11-14,2024-11-16,2024-11-21,Delhi,Kolkata,1592.3,BharatCargo,Truck,Standard,2648.2,32091.0,Delivered,False,False,False,False,False,False,2,5.0,4.0,1.0,1.0,20.15,11,False,0.6858,0.8401,0.6661,0.7348,1.2884
SHP-001912,2024-08-09,2024-08-10,2024-08-15,Delhi,Bengaluru,2222.8,RapidFreight,Container,Express,12387.1,86258.0,Delivered,False,False,False,False,False,True,1,5.0,5.0,0.0,0.0,38.81,8,False,0.8913,0.9563,0.9119,0.7348,-0.4391
SHP-001913,2024-06-06,2024-06-07,2024-06-11,Ahmedabad,Patna,1728.3,RapidFreight,Container,Express,8092.3,83062.0,Delivered,False,False,False,False,False,False,1,4.0,4.0,0.0,0.0,48.06,6,False,0.8346,0.8686,0.9025,0.1307,-0.4391
SHP-001914,2024-10-06,2024-10-07,2024-10-11,Bengaluru,Mumbai,1121.1,BharatCargo,Mini Truck,Standard,1742.4,16202.0,Delivered,False,False,False,True,False,False,1,4.0,4.0,0.0,0.0,14.45,10,False,0.6301,0.7179,0.4962,0.1307,-0.4391
SHP-001915,2024-10-30,2024-10-30,2024-11-03,Delhi,Patna,1093.3,BharatCargo,Truck,Express,11017.4,36657.0,Delivered,True,False,False,False,False,False,0,4.0,3.0,1.0,1.0,33.53,10,False,0.8757,0.7091,0.6992,0.1307,1.2884
SHP-001916,2024-07-16,2024-07-16,2024-07-20,Mumbai,Delhi,1425.1,BharatCargo,Truck,Express,7404.7,48008.0,Returned,False,False,False,False,False,False,0,4.0,4.0,0.0,0.0,33.69,7,False,0.8228,0.8014,0.7662,0.1307,-0.4391
SHP-001917,2024-06-22,2024-06-22,2024-06-27,Kolkata,Bengaluru,1999.6,TransIndia Logistics,Container,Standard,14838.0,79772.0,Delivered,False,False,False,False,False,False,0,5.0,5.0,0.0,0.0,39.89,6,False,0.9154,0.9194,0.8924,0.7348,-0.4391
SHP-001918,2024-08-21,2024-08-24,2024-08-29,Chennai,Kolkata,1716.1,SafeHaul,Truck,Standard,13737.6,46020.0,Delivered,False,False,False,False,False,False,3,5.0,5.0,0.0,0.0,26.82,8,False,0.9051,0.8662,0.7557,0.7348,-0.4391
SHP-001919,2024-08-24,2024-08-25,2024-08-30,Kolkata,Pune,1999.3,RapidFreight,Truck,Express,12410.6,63587.0,Delivered,False,False,False,False,False,False,1,5.0,5.0,0.0,0.0,31.8,8,False,0.8916,0.9194,0.8361,0.7348,-0.4391
SHP-001920,2024-06-22,2024-06-22,2024-06-23,Ahmedabad,Lucknow,1196.5,SafeHaul,Air Cargo,Standard,477.6,45752.0,Delivered,True,False,False,False,False,False,0,1.0,1.0,0.0,0.0,38.24,6,False,0.4579,0.7405,0.7542,-1.6819,-0.4391
SHP-001921,2024-10-22,2024-10-23,2024-10-26,Bengaluru,Mumbai,1005.8,TransIndia Logistics,Truck,Standard,7891.4,27226.0,Delivered,False,False,False,False,False,False,1,3.0,3.0,0.0,0.0,27.07,10,False,0.8313,0.6801,0.6252,-0.4735,-0.4391
SHP-001922,2024-06-12,2024-06-12,2024-06-15,Mumbai,Ahmedabad,557.0,BharatCargo,Mini Truck,Express,567.7,10310.0,Returned,False,False,False,False,False,False,0,3.0,2.0,1.0,1.0,18.51,6,False,0.4808,0.4744,0.3839,-0.4735,1.2884
SHP-001923,2024-07-04,2024-07-05,2024-07-08,Bengaluru,Pune,986.2,GreenLine Carriers,Container,Standard,18311.9,45311.0,Delivered,False,False,False,False,False,False,1,3.0,3.0,0.0,0.0,45.95,7,False,0.9434,0.6732,0.7518,-0.4735,-0.4391
SHP-001924,2024-09-01,2024-09-01,2024-09-07,Mumbai,Lucknow,1439.6,BharatCargo,Mini Truck,Express,1142.2,22893.0,Delivered,False,False,False,False,False,False,0,6.0,5.0,1.0,1.0,15.9,9,False,0.5739,0.805,0.5821,1.339,1.2884
SHP-001925,2024-12-27,2024-12-29,2025-01-02,Mumbai,Lucknow,1489.9,Unknown,Container,Standard,13096.4,59590.0,Delivered,False,False,False,False,False,False,2,4.0,4.0,0.0,0.0,40.0,12,False,0.8988,0.8169,0.8199,0.1307,-0.4391
SHP-001926,2024-04-16,2024-04-16,2024-04-20,Delhi,Kolkata,1633.0,RapidFreight,Container,Standard,12380.5,64225.0,Delivered,False,False,True,False,False,False,0,4.0,4.0,0.0,0.0,39.33,4,False,0.8913,0.8489,0.8385,0.1307,-0.4391
SHP-001927,2024-04-04,2024-04-04,2024-04-05,Mumbai,Ahmedabad,557.3,Unknown,Air Cargo,Express,465.9,33027.0,Delivered,False,False,False,False,False,False,0,1.0,1.0,0.0,0.0,59.26,4,False,0.4546,0.4745,0.6732,-1.6819,-0.4391
SHP-001928,2024-03-13,2024-03-13,2024-03-15,Chennai,Patna,1775.2,BharatCargo,Air Cargo,Standard,792.2,63701.0,Delivered,False,False,False,False,False,False,0,2.0,2.0,0.0,0.0,35.88,3,False,0.5252,0.878,0.8365,-1.0777,-0.4391
SHP-001929,2024-10-02,2024-10-02,2024-10-07,Delhi,Kolkata,1708.0,RapidFreight,Truck,Standard,3827.2,41846.0,Delivered,False,False,False,False,False,False,0,5.0,5.0,0.0,0.0,24.5,10,False,0.7349,0.8645,0.7321,0.7348,-0.4391
SHP-001930,2024-07-02,2024-07-03,2024-07-10,Bengaluru,Kolkata,2050.9,SafeHaul,Container,Standard,12767.2,94650.0,Delivered,False,False,False,False,False,False,1,7.0,5.0,2.0,1.0,46.15,7,True,0.8954,0.9283,0.9349,1.9432,3.0159
SHP-001931,2024-06-07,2024-06-09,2024-06-12,Kolkata,Lucknow,1158.0,GreenLine Carriers,Truck,Standard,7406.2,28749.0,Delivered,False,False,False,False,False,False,2,3.0,3.0,0.0,0.0,24.83,6,False,0.8228,0.7292,0.6388,-0.4735,-0.4391
SHP-001932,2024-03-24,2024-03-27,2024-03-29,Kolkata,Patna,578.9,TransIndia Logistics,Truck,Standard,8034.3,21542.0,Delivered,False,False,False,False,False,False,3,2.0,2.0,0.0,0.0,37.21,3,False,0.8337,0.4878,0.567,-1.0777,-0.4391
SHP-001933,2024-11-28,2024-11-28,2024-11-30,Chennai,Bengaluru,373.2,SafeHaul,Mini Truck,Standard,511.7,5270.0,Delivered,False,False,False,False,False,False,0,2.0,2.0,0.0,0.0,14.12,11,False,0.467,0.3351,0.2171,-1.0777,-0.4391
SHP-001934,2024-06-30,2024-06-30,2024-07-02,Hyderabad,Chennai,635.8,SafeHaul,Mini Truck,Express,2167.2,12134.0,Returned,False,False,False,False,False,False,0,2.0,2.0,0.0,0.0,19.08,6,False,0.6591,0.5204,0.4243,-1.0777,-0.4391
SHP-001935,2024-09-02,2024-09-02,2024-09-09,Chennai,Jaipur,2029.6,TransIndia Logistics,Mini Truck,Express,901.8,30075.0,Delivered,False,False,False,False,False,False,0,7.0,6.0,1.0,1.0,14.82,9,False,0.5424,0.9246,0.65,1.9432,1.2884
SHP-001936,2024-02-16,2024-02-16,2024-02-23,Delhi,Chennai,2440.8,BharatCargo,Truck,Express,8253.1,60990.0,Delivered,False,False,True,False,False,False,0,7.0,7.0,0.0,0.0,24.99,2,False,0.8373,0.9889,0.8257,1.9432,-0.4391
SHP-001937,2024-02-14,2024-02-17,2024-02-21,Bengaluru,Mumbai,1086.2,BharatCargo,Unknown,Standard,2011.0,15990.0,Delivered,False,False,False,False,False,False,3,4.0,3.0,1.0,1.0,14.72,2,False,0.6492,0.7069,0.4929,0.1307,1.2884
SHP-001938,2024-01-28,2024-01-31,2024-02-02,Kolkata,Patna,571.3,BharatCargo,Truck,Standard,4582.9,14723.0,Delivered,False,False,False,False,False,False,3,2.0,2.0,0.0,0.0,25.77,1,False,0.7589,0.4832,0.4724,-1.0777,-0.4391
SHP-001939,2024-05-30,2024-06-01,2024-06-03,Mumbai,Lucknow,1540.3,RapidFreight,Air Cargo,Standard,157.7,47992.0,Delivered,False,True,False,False,False,False,2,2.0,2.0,0.0,0.0,31.16,5,False,0.3108,0.8285,0.7661,-1.0777,-0.4391
SHP-001940,2024-07-12,2024-07-12,2024-07-17,Delhi,Kolkata,1578.1,Unknown,Container,Express,9028.6,75808.0,Delivered,False,False,False,False,False,False,0,5.0,4.0,1.0,1.0,48.04,7,False,0.8492,0.837,0.8798,0.7348,1.2884
SHP-001941,2024-04-09,2024-04-10,2024-04-14,Mumbai,Chennai,1259.2,BharatCargo,Container,Standard,13180.4,49314.0,Delivered,False,False,False,False,False,False,1,4.0,3.0,1.0,1.0,39.16,4,False,0.8996,0.7583,0.7729,0.1307,1.2884
SHP-001942,2024-05-22,2024-05-22,2024-05-24,Bengaluru,Hyderabad,612.8,Unknown,Container,Express,8313.9,28914.0,Delivered,False,False,True,False,False,False,0,2.0,2.0,0.0,0.0,47.18,5,False,0.8382,0.5076,0.6402,-1.0777,-0.4391
SHP-001943,2024-01-03,2024-01-06,2024-01-09,Bengaluru,Mumbai,1062.9,RapidFreight,Truck,Standard,9397.7,32859.0,Delivered,False,False,False,False,False,False,3,3.0,3.0,0.0,0.0,30.91,1,False,0.8546,0.6993,0.672,-0.4735,-0.4391
SHP-001944,2024-05-23,2024-05-25,2024-05-29,Delhi,Pune,1557.1,TransIndia Logistics,Truck,Standard,7719.6,35936.0,Delivered,False,False,False,False,False,False,2,4.0,4.0,0.0,0.0,23.08,5,False,0.8283,0.8323,0.6942,0.1307,-0.4391
SHP-001945,2024-02-18,2024-02-18,2024-02-20,Hyderabad,Kolkata,1548.3,RapidFreight,Air Cargo,Express,113.7,63418.0,Delivered,False,False,False,True,False,False,0,2.0,2.0,0.0,0.0,40.96,2,False,0.2675,0.8303,0.8354,-1.0777,-0.4391
SHP-001946,2024-02-22,2024-02-23,2024-02-25,Ahmedabad,Mumbai,574.1,BharatCargo,Truck,Standard,5649.2,15938.0,Delivered,False,False,False,False,False,False,1,2.0,2.0,0.0,0.0,27.76,2,False,0.7868,0.4849,0.4921,-1.0777,-0.4391
SHP-001947,2024-01-02,2024-01-03,2024-01-07,Mumbai,Chennai,1264.5,RapidFreight,Truck,Express,9474.8,40442.0,Delivered,False,False,False,False,False,False,1,4.0,4.0,0.0,0.0,31.98,1,False,0.8556,0.7598,0.7236,0.1307,-0.4391
SHP-001948,2024-10-04,2024-10-04,2024-10-07,Ahmedabad,Lucknow,1184.5,RapidFreight,Container,Express,9407.7,60931.0,Delivered,False,False,False,False,False,False,0,3.0,3.0,0.0,0.0,51.44,10,False,0.8547,0.737,0.8255,-0.4735,-0.4391
SHP-001949,2024-12-10,2024-12-10,2024-12-12,Delhi,Lucknow,539.4,TransIndia Logistics,Truck,Standard,6781.9,16623.0,Delivered,False,False,False,False,False,True,0,2.0,2.0,0.0,0.0,30.82,12,False,0.8111,0.4632,0.5026,-1.0777,-0.4391
SHP-001950,2024-09-07,2024-09-08,2024-09-12,Ahmedabad,Hyderabad,1097.2,RapidFreight,Truck,Standard,9129.1,25095.0,Delivered,False,False,False,False,False,False,1,4.0,3.0,1.0,1.0,22.87,9,False,0.8507,0.7104,0.605,0.1307,1.2884
SHP-001951,2024-02-09,2024-02-10,2024-02-12,Ahmedabad,Bengaluru,1565.5,BharatCargo,Air Cargo,Standard,25.2,48170.0,Delivered,False,False,False,False,False,False,1,2.0,2.0,0.0,0.0,30.77,2,False,0.0708,0.8342,0.767,-1.0777,-0.4391
SHP-001952,2024-12-28,2024-12-28,2024-12-29,Delhi,Jaipur,306.2,GreenLine Carriers,Mini Truck,Express,1055.8,6117.0,Delivered,False,False,False,False,False,False,0,1.0,1.0,0.0,0.0,19.98,12,False,0.5634,0.2663,0.2541,-1.6819,-0.4391
SHP-001953,2024-12-24,2024-12-25,2024-12-28,Chennai,Mumbai,1304.2,BharatCargo,Container,Express,7792.3,55447.0,Delivered,False,False,False,False,False,False,1,3.0,3.0,0.0,0.0,42.51,12,False,0.8296,0.7706,0.802,-0.4735,-0.4391
SHP-001954,2024-07-10,2024-07-11,2024-07-17,Ahmedabad,Patna,1685.4,SafeHaul,Truck,Standard,5591.2,35871.0,Delivered,False,False,False,False,False,False,1,6.0,5.0,1.0,1.0,21.28,7,False,0.7854,0.8599,0.6938,1.339,1.2884
SHP-001955,2024-02-14,2024-02-14,2024-02-20,Ahmedabad,Patna,1622.8,SafeHaul,Mini Truck,Standard,348.3,24884.0,Delivered,True,False,False,False,False,False,0,6.0,5.0,1.0,1.0,15.33,2,False,0.4159,0.8467,0.6029,1.339,1.2884
SHP-001956,2024-10-11,2024-10-11,2024-10-13,Ahmedabad,Pune,658.5,RapidFreight,Truck,Standard,14161.2,23741.0,Returned,False,False,False,False,False,False,0,2.0,2.0,0.0,0.0,36.05,10,False,0.9092,0.5326,0.5912,-1.0777,-0.4391
SHP-001957,2024-12-19,2024-12-21,2024-12-26,Kolkata,Chennai,1820.5,BharatCargo,Truck,Standard,2996.6,41907.0,Delivered,False,False,False,False,False,False,2,5.0,5.0,0.0,0.0,23.02,12,False,0.7023,0.8868,0.7324,0.7348,-0.4391
SHP-001958,2024-10-28,2024-10-29,2024-10-30,Delhi,Ahmedabad,1015.2,BharatCargo,Air Cargo,Express,28.8,45149.0,Delivered,False,False,False,False,False,False,1,1.0,1.0,0.0,0.0,44.47,10,False,0.088,0.6833,0.7509,-1.6819,-0.4391
SHP-001959,2024-09-08,2024-09-08,2024-09-10,Hyderabad,Pune,608.3,RapidFreight,Mini Truck,Express,758.3,11023.0,Returned,False,False,False,False,False,False,0,2.0,2.0,0.0,0.0,18.12,9,False,0.5193,0.505,0.4005,-1.0777,-0.4391
SHP-001960,2024-09-03,2024-09-04,2024-09-08,Kolkata,Jaipur,1660.6,RapidFreight,Container,Standard,12112.8,71268.0,Delivered,False,False,False,False,False,False,1,4.0,4.0,0.0,0.0,42.92,9,False,0.8884,0.8547,0.8644,0.1307,-0.4391
SHP-001961,2024-12-25,2024-12-28,,Kolkata,Mumbai,2046.6,SafeHaul,Truck,Standard,2432.7,42800.0,In Transit,False,False,False,False,False,False,3,,6.0,,,20.91,12,False,0.6745,0.9275,0.7377,,
SHP-001962,2024-01-30,2024-02-01,2024-02-02,Bengaluru,Pune,908.5,RapidFreight,Air Cargo,Standard,253.8,29224.0,Delivered,False,False,False,False,False,False,2,1.0,1.0,0.0,0.0,32.17,1,False,0.3739,0.6447,0.6428,-1.6819,-0.4391
SHP-001963,2024-03-02,2024-03-04,2024-03-09,Kolkata,Jaipur,1730.9,RapidFreight,Truck,Standard,1816.4,40899.0,Returned,False,False,False,False,False,False,2,5.0,5.0,0.0,0.0,23.63,3,False,0.6356,0.8692,0.7264,0.7348,-0.4391
SHP-001964,2024-11-11,2024-11-12,2024-11-19,Delhi,Chennai,2302.5,SafeHaul,Mini Truck,Standard,375.9,28908.0,Delivered,False,False,False,True,False,False,1,7.0,7.0,0.0,0.0,12.56,11,False,0.426,0.9686,0.6401,1.9432,-0.4391
SHP-001965,2024-02-29,2024-02-29,2024-03-07,Chennai,Ahmedabad,1844.2,BharatCargo,Mini Truck,Express,495.7,31003.0,Delivered,False,False,False,False,False,False,0,7.0,6.0,1.0,1.0,16.81,2,False,0.4628,0.8913,0.6575,1.9432,1.2884
SHP-001966,2024-06-05,2024-06-07,2024-06-11,Delhi,Mumbai,1486.6,SafeHaul,Truck,Standard,9709.4,34374.0,Delivered,False,False,False,False,False,False,2,4.0,4.0,0.0,0.0,23.12,6,False,0.8589,0.8162,0.6832,0.1307,-0.4391
SHP-001967,2024-04-25,2024-04-26,2024-04-28,Chennai,Ahmedabad,1724.7,RapidFreight,Air Cargo,Standard,547.9,64713.0,Delivered,False,False,False,True,False,False,1,2.0,2.0,0.0,0.0,37.52,4,False,0.4761,0.8679,0.8404,-1.0777,-0.4391
SHP-001968,2024-04-09,2024-04-12,2024-04-13,Hyderabad,Pune,592.4,SafeHaul,Air Cargo,Standard,451.9,27764.0,Delivered,False,False,False,False,False,False,3,1.0,1.0,0.0,0.0,46.87,4,False,0.4505,0.4958,0.6301,-1.6819,-0.4391
SHP-001969,2024-01-11,2024-01-13,2024-01-16,Bengaluru,Mumbai,1085.1,TransIndia Logistics,Truck,Standard,5472.8,28995.0,Delivered,False,False,False,False,False,False,2,3.0,3.0,0.0,0.0,26.72,1,False,0.7825,0.7065,0.6409,-0.4735,-0.4391
SHP-001970,2024-08-17,2024-08-19,2024-08-24,Bengaluru,Delhi,2228.9,SafeHaul,Container,Standard,5986.5,78149.0,Delivered,False,False,False,False,False,False,2,5.0,5.0,0.0,0.0,35.06,8,False,0.7945,0.9573,0.8873,0.7348,-0.4391
SHP-001971,2024-06-13,2024-06-13,2024-06-15,Mumbai,Ahmedabad,566.4,TransIndia Logistics,Mini Truck,Express,885.0,10187.0,Delivered,False,False,False,False,False,False,0,2.0,2.0,0.0,0.0,17.99,6,False,0.5399,0.4802,0.3809,-1.0777,-0.4391
SHP-001972,2024-08-12,2024-08-13,2024-08-18,Ahmedabad,Kolkata,2246.4,BharatCargo,Container,Standard,13476.0,83343.0,Delivered,False,True,False,False,False,False,1,5.0,5.0,0.0,0.0,37.1,8,False,0.9026,0.96,0.9033,0.7348,-0.4391
SHP-001973,2024-05-04,2024-05-05,2024-05-07,Chennai,Hyderabad,692.2,RapidFreight,Truck,Standard,12579.1,22314.0,Delivered,False,False,False,False,False,False,1,2.0,2.0,0.0,0.0,32.24,5,False,0.8934,0.55,0.5758,-1.0777,-0.4391
SHP-001974,2024-12-13,2024-12-13,2024-12-17,Mumbai,Delhi,1514.6,BharatCargo,Truck,Standard,7921.1,35393.0,Delivered,False,False,False,False,False,False,0,4.0,4.0,0.0,0.0,23.37,12,False,0.8318,0.8227,0.6904,0.1307,-0.4391
SHP-001975,2024-08-27,2024-08-28,2024-08-30,Delhi,Lucknow,535.05,BharatCargo,Truck,Standard,2939.0,12374.0,Delivered,True,False,False,False,False,False,1,2.0,2.0,0.0,0.0,23.13,8,False,0.6997,0.4604,0.4292,-1.0777,-0.4391
SHP-001976,2024-12-19,2024-12-20,2024-12-22,Mumbai,Patna,1821.4,TransIndia Logistics,Air Cargo,Standard,157.7,55298.0,Delivered,False,True,False,False,False,False,1,2.0,2.0,0.0,0.0,30.36,12,False,0.3108,0.8869,0.8013,-1.0777,-0.4391
SHP-001977,2024-05-23,2024-05-24,2024-05-30,Bengaluru,Lucknow,2018.0,BharatCargo,Mini Truck,Standard,2233.6,25523.0,Delivered,False,False,True,False,False,False,1,6.0,6.0,0.0,0.0,12.65,5,False,0.6632,0.9226,0.6092,1.339,-0.4391
SHP-001978,2024-01-01,2024-01-04,2024-01-06,Ahmedabad,Mumbai,544.8,BharatCargo,Mini Truck,Standard,299.2,6540.0,Delivered,False,False,False,False,False,False,3,2.0,2.0,0.0,0.0,12.0,1,False,0.3957,0.4667,0.2707,-1.0777,-0.4391
SHP-001979,2024-10-29,2024-10-30,2024-11-04,Chennai,Kolkata,1773.3,GreenLine Carriers,Truck,Express,3013.4,44311.0,Delivered,False,False,True,False,False,False,1,5.0,5.0,0.0,0.0,24.99,10,False,0.703,0.8776,0.7463,0.7348,-0.4391
SHP-001980,2024-11-10,2024-11-12,2024-11-13,Mumbai,Pune,156.4,RapidFreight,Mini Truck,Standard,1232.3,3849.0,Delivered,False,False,False,True,False,False,2,1.0,1.0,0.0,0.0,24.61,11,False,0.584,0.0332,0.139,-1.6819,-0.4391
SHP-001981,2024-01-24,2024-01-24,2024-01-27,Hyderabad,Pune,618.1,SafeHaul,Mini Truck,Standard,540.4,9019.0,Delivered,False,False,True,False,False,False,0,3.0,2.0,1.0,1.0,14.59,1,False,0.4743,0.5106,0.3506,-0.4735,1.2884
SHP-001982,2024-09-08,2024-09-08,2024-09-10,Mumbai,Ahmedabad,589.2,BharatCargo,Truck,Standard,2952.7,15078.0,Delivered,False,False,False,False,False,False,0,2.0,2.0,0.0,0.0,25.59,9,False,0.7003,0.4939,0.4783,-1.0777,-0.4391
SHP-001983,2024-09-22,2024-09-22,2024-09-26,Hyderabad,Lucknow,1392.2,GreenLine Carriers,Unknown,Express,1750.9,20786.0,Delivered,False,False,False,False,False,False,0,4.0,4.0,0.0,0.0,14.93,9,False,0.6307,0.7933,0.5581,0.1307,-0.4391
SHP-001984,2024-02-29,2024-03-01,2024-03-04,Mumbai,Jaipur,1096.3,Unknown,Truck,Standard,7912.1,31744.0,Delivered,False,False,False,False,False,False,1,3.0,3.0,0.0,0.0,28.96,2,False,0.8316,0.7101,0.6634,-0.4735,-0.4391
SHP-001985,2024-08-12,2024-08-13,2024-08-15,Kolkata,Mumbai,2112.8,TransIndia Logistics,Air Cargo,Express,102.4,82494.0,Delivered,False,False,False,False,False,False,1,2.0,2.0,0.0,0.0,39.04,8,False,0.2537,0.9386,0.9008,-1.0777,-0.4391
SHP-001986,2024-04-09,2024-04-10,2024-04-12,Ahmedabad,Chennai,1775.8,SafeHaul,Air Cargo,Standard,47.7,52476.0,Delivered,False,False,False,False,False,False,1,2.0,2.0,0.0,0.0,29.55,4,False,0.1534,0.8781,0.7883,-1.0777,-0.4391
SHP-001987,2024-01-07,2024-01-07,2024-01-11,Mumbai,Lucknow,1588.7,GreenLine Carriers,Container,Express,28000.0,81000.0,Delivered,False,False,False,False,False,False,0,4.0,4.0,0.0,0.0,50.99,1,False,1.0,0.8393,0.8962,0.1307,-0.4391
SHP-001988,2024-11-21,2024-11-22,2024-11-29,Chennai,Patna,1870.6,GreenLine Carriers,Truck,Standard,5912.6,47506.0,Delivered,False,False,False,False,False,False,1,7.0,5.0,2.0,1.0,25.4,11,True,0.7928,0.8962,0.7636,1.9432,3.0159
SHP-001989,2024-07-20,2024-07-20,2024-07-24,Ahmedabad,Jaipur,715.1,TransIndia Logistics,Mini Truck,Standard,1618.9,8559.0,Delivered,False,False,False,False,False,False,0,4.0,3.0,1.0,1.0,11.97,7,False,0.6203,0.5613,0.3376,0.1307,1.2884
SHP-001990,2024-10-29,2024-10-30,2024-11-04,Delhi,Patna,1100.7,RapidFreight,Mini Truck,Standard,1196.6,13823.0,Delivered,False,False,False,False,False,False,1,5.0,4.0,1.0,1.0,12.56,10,False,0.5801,0.7115,0.4567,0.7348,1.2884
SHP-001991,2024-10-12,2024-10-12,2024-10-13,Delhi,Mumbai,1391.2,BharatCargo,Air Cargo,Standard,89.1,42980.0,Delivered,False,False,False,False,False,False,0,1.0,1.0,0.0,0.0,30.89,10,False,0.2354,0.7931,0.7387,-1.6819,-0.4391
SHP-001992,2024-12-30,2024-12-30,2024-12-31,Chennai,Hyderabad,622.2,TransIndia Logistics,Air Cargo,Express,89.8,25122.0,Delivered,False,False,False,False,False,False,0,1.0,1.0,0.0,0.0,40.38,12,False,0.2364,0.5129,0.6052,-1.6819,-0.4391
SHP-001993,2024-06-28,2024-06-28,2024-07-02,Mumbai,Jaipur,1230.6,SafeHaul,Truck,Standard,14289.8,32806.0,Delivered,False,False,True,False,False,False,0,4.0,4.0,0.0,0.0,26.66,6,False,0.9104,0.7503,0.6716,0.1307,-0.4391
SHP-001994,2024-06-23,2024-06-25,2024-06-29,Delhi,Pune,1572.7,TransIndia Logistics,Truck,Standard,14429.4,42247.0,Delivered,False,False,False,False,False,False,2,4.0,4.0,0.0,0.0,26.86,6,False,0.9117,0.8358,0.7344,0.1307,-0.4391
SHP-001995,2024-04-25,2024-04-26,2024-04-29,Bengaluru,Mumbai,1096.1,TransIndia Logistics,Truck,Standard,1945.7,27096.0,Delivered,False,False,False,False,False,False,1,3.0,3.0,0.0,0.0,24.72,4,False,0.6448,0.71,0.624,-0.4735,-0.4391
SHP-001996,2024-09-08,2024-09-10,2024-09-15,Chennai,Kolkata,1842.5,BharatCargo,Truck,Standard,8344.7,51699.0,Delivered,False,False,False,False,False,False,2,5.0,5.0,0.0,0.0,28.06,9,False,0.8387,0.8909,0.7846,0.7348,-0.4391
SHP-001997,2024-07-17,2024-07-19,2024-07-20,Mumbai,Jaipur,1227.5,RapidFreight,Air Cargo,Standard,132.9,41102.0,Delivered,False,False,False,False,False,False,2,1.0,1.0,0.0,0.0,33.48,7,False,0.2881,0.7495,0.7276,-1.6819,-0.4391
SHP-001998,2024-10-13,2024-10-13,2024-10-17,Mumbai,Lucknow,1571.0,BharatCargo,Truck,Express,3227.7,43521.0,Delivered,False,False,False,True,False,False,0,4.0,4.0,0.0,0.0,27.7,10,False,0.7122,0.8354,0.7418,0.1307,-0.4391
SHP-001999,2024-05-25,2024-05-26,2024-05-29,Hyderabad,Ahmedabad,1084.5,SafeHaul,Truck,Standard,6030.4,25657.0,Delivered,False,True,False,False,False,False,1,3.0,3.0,0.0,0.0,23.66,5,False,0.7955,0.7063,0.6105,-0.4735,-0.4391
SHP-002000,2024-02-23,2024-02-23,2024-02-29,Bengaluru,Delhi,2380.8,BharatCargo,Truck,Standard,2669.8,56871.0,Delivered,False,False,False,False,False,False,0,6.0,6.0,0.0,0.0,23.89,2,False,0.6869,0.9802,0.8083,1.339,-0.4391
