shipment_id,order_date,dispatch_date,delivery_date,origin_city,destination_city,distance_km,carrier,vehicle_type,priority,weight_kg,freight_cost_inr,delivery_status
SHP-000306,2024-06-23,2024-06-25,2024-06-27,Bengaluru,Ahmedabad,1640.7,RapidFreight,Air Cargo,Standard,193.0,53620,Delivered
SHP-001284,2024-03-19,2024-03-19,2024-03-25,Kolkata,Ahmedabad,2172.1,RapidFreight,Truck,Standard,15526.1,59578,delivered
SHP-000369,2024-04-01,01-04-2024,2024-04-05,Mumbai,Lucknow ,1655.3, TransIndia Logistics,Container,Standard,8843.7,62658,Delivered
SHP-000480,2024-10-15,2024-10-15,21-10-2024,Bengaluru,Patna,2072.1,BharatCargo,Truck,Express,4831.5,70181,Delivered
SHP-001538,2024-08-24,25/08/2024,30/08/2024,Chennai,Jaipur,2081.5,GreenLine Carriers,Container,Standard,12590.2,70947,Delivered
SHP-001675,2024-06-23,2024-06-24,2024-06-27,Chennai,Hyderabad,693.7,SafeHaul,Container,Standard,12580.3,31094,Delivered
SHP-000520,2024-06-09,2024-06-10,2024-06-12,Hyderabad ,Bangalore,689.1,BharatCargo,Container,Standard,19234.7,34065,Delivered
SHP-001983,2024-09-22,2024-09-22,2024-09-26,Hyderabad,Lucknow,1392.2,GreenLine Carriers,null,Express,1750.9,20786,Delivered
SHP-001874,2024-09-04,05-09-2024,2024-09-07,Ahmedabad,Chennai,1894.9,BharatCargo,Air Cargo,Standard,149.6,"INR 63,056",Delivered
SHP-000101,2024-03-31,2024-03-31,2024-04-03,Ahmedabad,Delhi,1007.1,BharatCargo,Mini Truck,Express,2281.6,,Delivered
SHP-001262,2024-04-05,2024-04-06,2024-04-12,Bengaluru,Delhi,2340.4,BharatCargo,Container,Express,23748.5,122972,Delivered
SHP-000112,2024-02-10,11/02/2024,15-02-2024,Mumbai ,Hyderabad,801.1,BharatCargo,Truck,Standard,2897.8,18239,Delivered 
SHP-001823,2024-07-26,2024-07-29,2024-08-04,Bengaluru,Jaipur,1949.9,BharatCargo,Mini Truck,Standard,,"INR 24,662",Delivered
SHP-000071,16/03/2024,2024-03-18,2024-03-22,Mumbai,Delhi,1377.5,BharatCargo,Truck,Standard,13753.2,"₹39,872",Delivered
SHP-001108,29/02/2024,01-03-2024,2024-03-05,Mumbai,Lucknow,1534.9,RapidFreight,Container,Express,14735.5,77078,delivered
SHP-001008,2024-06-08,11/06/2024,2024-06-15,Mumbai,Jaipur,1183.1,RapidFreight,Truck,Standard,2474.5 kg,25658,Delivered
SHP-000531,2024-04-27,2024-04-28,03-05-2024,Chennai,Delhi,2123.1,BharatCargo,Container,Standard,5311.9,78654,Delivered
SHP-000983,2024-10-06,06-10-2024,2024-10-10,Chennai,Mumbai,1309.7,BharatCargo,Container,Standard,9521.6 kg,43596,Delivered
SHP-000362,2024-08-09,11-08-2024,2024-08-14,Delhi,Ahmedabad,969.8,BharatCargo,Truck,Standard,5042.8,25177,Delivered
SHP-000708,2024-10-16,2024-10-17,2024-10-19,Chennai,Patna,1778.2,RapidFreight,Air Cargo,Standard,94.9,53450,Delivered
SHP-000057,2024-02-28,2024-02-29,2024-03-06,Bangalore,Jaipur,2109.2,BharatCargo,Truck,Standard,14245.0,52378,Returned
SHP-000819,2024-09-05,2024-09-06,2024-09-09,Kolkata,PATNA,584.6,GreenLine Carriers,Mini Truck,Standard,485.9,"₹7,545",DELIVERED
SHP-001074,2024-09-09,2024-09-09,2024-09-12,Ahmedabad,Pune,654.6,GreenLine Carriers,Mini Truck,Standard,1877.1,INR 0,Delivered
SHP-000282,2024-11-06,06-11-2024,2024-11-07,Delhi,Jaipur,313.1,SafeHaul,Truck,Express,2832.1,11561,Delivered
SHP-001260,04/03/2024,05-03-2024,11/03/2024,Ahmedabad,Kolkata,2119.6,BharatCargo,Truck,Standard,9001.9,"₹46,531",Delivered
SHP-001474,2024-05-18,2024-05-21,2024-05-25,Bengaluru,Mumbai,1059.0,RapidFreight,Mini Truck,Standard,573.0,"INR 13,448",Delivered 
SHP-001121,2024-05-15,2024-05-16,2024-05-21,Kolkata,Jaipur,1699.6,GreenLine Carriers,Truck,Standard,7747.1,43377,Delivered
SHP-001317,11-12-2024,2024-12-12,2024-12-14,Kolkata,Patna,635.0,TransIndia Logistics,Container,Standard,20617.8,"INR 35,186",Delivered
SHP-000619,2024-07-31,2024-07-31,2024-08-04,Delhi,Pune,1429.7,BHARATCARGO,Truck,Express,5100.9,44226,Delivered
SHP-001861,17/04/2024,2024-04-17,2024-04-20,Kolkata,Patna,597.5,GreenLine Carriers ,Truck,Standard,4296.3,17429,Delivered
SHP-001567,2024-04-19,2024-04-19,2024-04-21,Delhi ,Chennai,2202.3,SafeHaul,Air Cargo,Standard,NA,67966,Delivered
SHP-000212,2024-09-15,2024-09-16,2024-09-22,Kolkata,Ahmedabad,2038.9,BharatCargo,Mini Truck,Standard,682.5,"INR 23,591",Delivered
SHP-001299,2024-03-17,2024-03-17,21/03/2024,Chennai,Mumbai,1359.9,BharatCargo ,Container,Standard,11026.2,49935,Delivered
SHP-001862,2024-11-15,2024-11-17,2024-11-20,ahmedabad,Hyderabad,1176.9,TransIndia Logistics,Container,Standard,16992.9,"INR 52,751",delivered
SHP-001653,2024-11-25,2024-11-26,2024-12-01,Mumbai,delhi,1495.9,GreenLine Carriers,Mini Truck,Express,1031.6,25949,Delivered
SHP-001954,10/07/2024,2024-07-11,2024-07-17,Ahmedabad,Patna,1685.4,SAFEHAUL,Truck,Standard,5591.2,"₹35,871",Delivered
SHP-000125,2024-05-07,2024-05-07,10/05/2024,Delhi,Ahmedabad,974.1,BharatCargo,Truck,Standard,3897.2,26219,Delivered
SHP-000423,20-04-2024,2024-04-23,2024-04-26,Delhi,Ahmedabad,885.6,BharatCargo,Mini Truck,Standard,null,11553,Delivered
SHP-001588,2024-03-15,2024-03-15,2024-03-18,Kolkata,Lucknow,1087.0,SafeHaul,Container,Standard,17307.4,49221,Delivered 
SHP-001090,2024-11-27,2024-11-27,02-12-2024,bangalore,Patna,1949.5,GreenLine Carriers,Container,Standard,17424.6,77571,Delivered
SHP-001145,2024-03-11,2024-03-11,14-03-2024,Bengaluru,Pune,922.6,BharatCargo,Truck,Standard,9387.9,"₹27,824",Delivered
SHP-000562,2024-11-12,2024-11-13,16-11-2024,Mumbai,Hyderabad,840.5,RapidFreight,Mini Truck,Standard,1415.5,12706,Delivered
SHP-000866,29/12/2024,2024-12-30,2025-01-02,ahmedabad,Hyderabad,1163.3,SafeHaul,Truck,Standard,7811.4,32051,Delivered
SHP-000465,2024-08-21,2024-08-22,2024-08-29,Kolkata,Hyderabad,1497.6,BharatCargo,Mini Truck,Standard,622.1,"₹20,754",Delivered
SHP-000030,2024-05-28,2024-05-28,30-05-2024,Chennai,Hyderabad,NA,SafeHaul,Mini Truck,Standard,716.7,8848,Delivered 
SHP-001973,2024-05-04,2024-05-05,2024-05-07,Chennai,Hyderabad,692.2,RapidFreight,Truck,Standard,12579.1,"₹22,314",delivered
SHP-000472,2024-08-27,2024-08-28,2024-08-30,Bengaluru,Jaipur,1877.4,SafeHaul,Air Cargo,Standard,279.0,"₹59,104",Delivered
SHP-000943,2024-03-20,2024-03-22,2024-03-24,Delhi,Jaipur,305.7,,Mini Truck,Standard,707.1,"INR 4,384",Delivered
SHP-000603,2024-03-23,26/03/2024,2024-03-28,Ahmedabad,Chennai,1662.2,RapidFreight,Air Cargo,Standard,392.2,53703,Delivered
SHP-000747,2024-04-19,2024-04-19,21/04/2024,Mumbai,ahmedabad,564.1,GreenLine Carriers,Truck,Express,3642.3,19909,Delivered
SHP-000351,2024-10-21,22/10/2024,2024-10-27,Calcutta,Pune,2120.7,TransIndia Logistics,Container,Standard,10085.1,"₹79,671",Delivered
SHP-000197,2024-11-20,2024-11-21,2024-11-23,Kolkata,Patna,NA,BharatCargo,Truck,Standard,12188.5,"₹21,417",Delivered
SHP-001450,08-08-2024,2024-08-09,2024-08-11,Mumbai,Kolkata,2157.4,TRANSINDIA LOGISTICS,Air Cargo,Express,190.3,88803,Delivered
SHP-000395,2024-02-20,2024-02-21,2024-02-24,Delhi,patna,1095.3,BharatCargo,Truck,Express,2497.2,29685,Delivered
SHP-001421,2024-11-18,18-11-2024,2024-11-23,Chennai,Jaipur,1936.5,RapidFreight ,Truck,Standard,4408.2,"₹46,709",Delivered
SHP-000486,2024-12-01,2024-12-01,2024-12-03,Bengaluru,Chennai,374.0,SafeHaul,Mini Truck,Standard,1469.0,6093,Delivered
SHP-001318,2024-10-13,2024-10-15,2024-10-20,Delhi,Kolkata,NA,RapidFreight,Truck,Standard,4108.7,"INR 42,607",Delivered
SHP-001810,2024-08-24,2024-08-25,02/09/2024,Delhi,Bengaluru,2217.3,BharatCargo,Truck,Express,4282.4,65857,Delivered
SHP-001825,2024-04-28,28-04-2024,2024-05-03,Chennai,Patna,1961.1,SafeHaul,Container,Standard,14045.2,69407,Delivered
SHP-001058,2024-01-24,2024-01-24,2024-01-27,Mumbai,jaipur,1191.1,SafeHaul,Truck,Express,3864.1,39525,Delivered
SHP-000608,15-11-2024,17/11/2024,2024-11-22,delhi,Hyderabad,1618.3,RapidFreight,Mini Truck,Standard,857.5,19612,Delivered
SHP-000638,2024-01-22,2024-01-22,2024-01-24,Chennai,Hyderabad,678.7,BharatCargo,Mini Truck,Express,646.3,12876,Delivered
SHP-000539,2024-03-26,2024-03-28,2024-03-29,Delhi,jaipur,297.2,SafeHaul,Mini Truck,Standard,610.5,4323,Returned
SHP-000746,2024-06-29,2024-06-29,2024-07-01,Bangalore,Chennai,361.7,SafeHaul,Mini Truck,Standard,852.9,5188,Delivered
SHP-000577,11/10/2024,2024-10-11,2024-10-15,Ahmedabad,New Delhi,951.8,SafeHaul,Truck,Standard,-,"INR 24,067",Delivered
SHP-000995,2024-05-12,2024-05-13,2024-05-17,Ahmedabad,Patna,-,BharatCargo,Truck,Standard,5913.5 kg,36519,Delivered
SHP-000066,2024-10-20,2024-10-20,2024-10-26,Kolkata,Bengaluru,2063.2,RapidFreight,Container,Express,15879.0,94852,Delivered
SHP-001566,2024-09-23,2024-09-24,2024-09-28,Bangalore,Pune,949.7,RapidFreight,Truck,Standard,7028.7,27860,Returned
SHP-001982,2024-09-08,08/09/2024,2024-09-10,Mumbai,Ahmedabad,589.2,BHARATCARGO,Truck,Standard,2952.7,"₹15,078",Delivered
SHP-001000,2024-03-03,2024-03-04,2024-03-07,Mumbai,Hyderabad ,805.9,SafeHaul,Mini Truck,Express,955.4 kg,11138,DELIVERED
SHP-000583,29-06-2024,30/06/2024,2024-07-05,DELHI,Kolkata,1648.0,GreenLine Carriers,Truck,Standard,7406.1,41906,Delivered
SHP-000705,18-09-2024,2024-09-20,2024-09-22,mumbai,Ahmedabad,592.3,BharatCargo,Mini Truck,Standard,1044.5,9707,Delivered
SHP-001211,2024-03-23,23-03-2024,2024-03-28,Chennai,Mumbai ,1302.5,RapidFreight,Truck,Standard,7893.2,36661,Delivered
SHP-001600,01-05-2024,2024-05-02,2024-05-04,Mumbai,Ahmedabad,602.6,SafeHaul,Truck,Express,18000.0,32708,Delivered
SHP-001103,19-09-2024,2024-09-20,2024-09-24,Hyderabad,Kolkata,NA,TransIndia Logistics,Container,Express,9631.6,70172,Delivered
SHP-000922,05-07-2024,2024-07-06,11/07/2024,hyderabad,Jaipur,1407.0,RapidFreight,Mini Truck,Standard,415.5,16470,Delivered
SHP-000415,2024-07-11,2024-07-12,2024-07-16,Delhi,Hyderabad,1618.4,GreenLine Carriers,Container,Standard,13084.6,"₹58,644",Delivered
SHP-000451,2024-10-31,2024-11-03,2024-11-04,New Delhi,Jaipur,292.8,BharatCargo,Truck,Standard,3220.1 kg,"₹8,937",Delivered
SHP-000890,10-07-2024,2024-07-10,2024-07-12,Chennai,Hyderabad,657.8,RapidFreight,Container,Express,8444.3,31509,Delivered
SHP-000129,2024-11-27,2024-11-27,01-12-2024,Delhi,Patna,1101.2,GreenLine Carriers,Mini Truck,Express,267.2,16611,Delivered
SHP-001821,2024-05-07,2024-05-07,2024-05-11,Ahmedabad,Patna,1574.8,BharatCargo,Truck,Express,12345.3 kg,58542,Delivered
SHP-000555,2024-06-14,2024-06-15,18-06-2024,Delhi,Ahmedabad,1003.5, GreenLine Carriers,Truck,Express,14274.1,37686,Delivered
SHP-000945,25/10/2024,2024-10-25,2024-10-27,bangalore,Delhi,2255.1,BharatCargo,Air Cargo,Standard,174.9,69066,Delivered
SHP-000299,2024-02-27,27/02/2024,2024-03-05,Chennai,Delhi,2382.9,RapidFreight ,Container,Express,NA,99555,Delivered
SHP-000232,2024-04-11,2024-04-12,2024-04-17,Bengaluru,Lucknow,1973.5,BharatCargo,Truck,Standard,8402.5,42775,Delivered
SHP-001147,2024-12-05,2024-12-05,2024-12-08,Chennai,Hyderabad,N/A, GreenLine Carriers,Truck,Express,3433.5,20631,Delivered
SHP-001028,2024-05-05,2024-05-06,11/05/2024,Mumbai,Delhi,-,BharatCargo,Mini Truck,Standard,1092.1,20614,Delivered
SHP-000862,2024-06-28,2024-06-29,2024-07-04,Chennai,Jaipur,1935.5,GreenLine Carriers,Container,Standard,17042.4,79146,Delivered
SHP-001426,2024-10-05,2024-10-06,2024-10-10,Mumbai,Chennai,1299.0,RapidFreight,Truck,Standard,7246.5,28776,Delivered
SHP-000308,2024-09-28,2024-09-28,05-10-2024,Kolkata,Ahmedabad,2164.1,RapidFreight,Truck,Standard,8615.1 kg,46938,delivered
SHP-001079,2024-07-09,2024-07-10,2024-07-14,Calcutta,Jaipur,1755.0,TransIndia Logistics,Container,Express,13332.4,78511,Delivered
SHP-000211,2024-10-15,2024-10-15,2024-10-19,Chennai,Mumbai,1336.2,TransIndia Logistics,Truck,Standard,9919.2,34773,Delivered
SHP-000345,2024-10-11,13-10-2024,14-10-2024,Chennai,Bengaluru,340.6,BharatCargo,Truck,Standard,8481.5,"₹10,991",Delivered
SHP-001337,2024-04-06,07-04-2024,2024-04-11,Delhi,Ahmedabad,985.6,NA,Mini Truck,Standard,323.0,11567,Delivered
SHP-001101,01-03-2024,2024-03-01,2024-03-05,Delhi,Patna,1118.5,RapidFreight,Truck,Standard,9489.8 kg,27196,Delivered
SHP-000915,2024-01-31,2024-02-01,2024-02-03,ahmedabad,Pune,735.7,RapidFreight,Truck,Standard,5448.8,18904,Delivered
SHP-001209,2024-12-31,2024-12-31,,mumbai,Hyderabad,904.5,TransIndia Logistics ,Mini Truck,Standard,1303.3,"₹13,120",In Transit
SHP-000434,2024-01-23,2024-01-24,2024-01-27,Hyderabad,Mumbai,795.7,TransIndia Logistics,NA,Standard,1860.5,"₹12,397",Delivered
SHP-000070,2024-11-24,2024-11-26,2024-12-01,Bengaluru,Mumbai,1167.2,RapidFreight,Truck,Standard,9462.7,"₹33,064",Delivered 
SHP-001126,20-11-2024,21-11-2024,27-11-2024,kolkata,Ahmedabad,2120.6,RapidFreight,Truck,Standard,4577.6,49930,Delivered
SHP-000932,30/03/2024,2024-03-31,2024-04-02,Mumbai,Ahmedabad,523.7,TransIndia Logistics,Truck,Standard,7523.6,"₹18,409",Delivered 
SHP-001178,2024-02-12,2024-02-12,2024-02-15,Mumbai,Hyderabad,812.5,TransIndia Logistics,Truck,Standard,6431.8,"₹20,507",Delivered
SHP-001813,2024-04-09,2024-04-09,2024-04-14,Madras,Kolkata,1756.0,SafeHaul,Container,Standard,10049.5,63613,Delivered
SHP-000974,2024-10-16,2024-10-19,2024-10-21,ahmedabad,pune,620.8,RapidFreight,Mini Truck,Standard,1477.6,"INR 10,177",Delivered
SHP-000234,16-05-2024,2024-05-17,2024-05-21,Kolkata,Chennai,1677.5,BharatCargo,Container,Standard,19799.4,77015,Delivered
SHP-000276,2024-05-05,2024-05-06,2024-05-08,Mumbai,Ahmedabad,585.2,SafeHaul,Truck,Standard,6505.2,16598,Delivered
SHP-001642,17/09/2024,2024-09-17,2024-09-23,Delhi,Chennai,2341.1,RapidFreight,Truck,Express,7646.8,74356,Delivered
SHP-000573,2024-10-26,27/10/2024,2024-10-29,Bengaluru,Hyderabad,681.6,RAPIDFREIGHT,Truck,Standard,1476.6,15827,Delivered
SHP-000100,2024-07-24,2024-07-25,-,Ahmedabad,Chennai,1669.6,TransIndia Logistics,Truck,Standard,8257.0,47317,Delivered
SHP-001490,2024-12-25,25/12/2024,2024-12-27,Bengaluru ,Chennai,350.8,GreenLine Carriers,Mini Truck,Standard,510.5,4754,Delivered
SHP-000631,2024-08-21,2024-08-21,2024-08-23,Ahmedabad,Mumbai,558.5,BharatCargo,Truck,Express,null,17384,Delivered
SHP-000744,2024-03-27,28-03-2024,2024-03-30,Delhi,Bengaluru,2133.3,TransIndia Logistics,Air Cargo,Standard,114.9,"₹67,198",Delivered
SHP-001114,2024-10-20,2024-10-20,23/10/2024,ahmedabad,Delhi,986.4,RapidFreight,Truck,Express,4077.2,"₹30,115",returned
SHP-000248,2024-01-15,2024-01-15,2024-01-18,Bengaluru,Mumbai,1039.4,SafeHaul,Truck,Express,8179.3,"₹31,732",Returned
SHP-000317,2024-09-04,2024-09-07,2024-09-11,Mumbai,lucknow,1540.6,RapidFreight,Truck,Standard,3944.8,"INR 37,952",Delivered
SHP-000693,2024-01-19,2024-01-20,25/01/2024,Mumbai,Lucknow,1652.9,RapidFreight,Truck,Standard,1261.2,37093,Delivered
SHP-001385,2024-03-29,2024-03-29,2024-04-01,Ahmedabad,DELHI,971.4,RapidFreight,Container,Express,13777.6,49270,Delivered
SHP-001859,2024-04-19,2024-04-20,2024-04-24,Mumbai,Bengaluru,947.5,BharatCargo,Truck,Express,9640.9,N/A,Delivered
SHP-001286,2024-01-05,2024-01-06,10-01-2024,Ahmedabad,hyderabad,1202.9,NA,Truck,Standard,9166.9,"₹31,386",delivered
SHP-001967,25/04/2024,2024-04-26,N/A,Chennai,Ahmedabad,1724.7,RapidFreight,Air Cargo,Standard,547.9,"INR 64,713",Delivered
SHP-001777,04/09/2024,05/09/2024,2024-09-08,Chennai,Bengaluru,380.2,null,Mini Truck,Standard,34160.0,"₹4,470",Delivered
SHP-001977,23-05-2024,2024-05-24,30-05-2024,Bengaluru,Lucknow,2018.0,BharatCargo,Mini Truck,Standard,2233.6,null,Delivered
SHP-000536,26-09-2024,2024-09-28,04-10-2024,Mumbai,Patna,1965.3,TransIndia Logistics,Container,Standard,19343.1,,Delivered
SHP-000221,2024-01-05,2024-01-06,2024-01-12,Mumbai,Calcutta,2105.8,RapidFreight,Truck,Standard,5415.9,50817,Delivered 
SHP-000966,2024-06-28,2024-06-29,2024-07-03,Bengaluru,Mumbai,1054.5,BharatCargo,Container,Standard,10756.3,42345,Delivered
SHP-000980,20-12-2024,2024-12-21,26/12/2024,Delhi ,Pune,1472.3,GreenLine Carriers,Mini Truck,Express,705.7,25602,Delivered
SHP-001054,2024-09-14,15-09-2024,null,Delhi,lucknow,509.6,rapidfreight,Mini Truck,Express,262.0,8164,Delivered
SHP-000942,2024-07-28,2024-07-29,2024-08-02,Hyderabad ,Bengaluru,606.8,SafeHaul,Truck,Standard,13838.5 kg,19987,Delivered
SHP-001454,2024-08-12,2024-08-13,2024-08-15,Ahmedabad,Pune,655.6,RapidFreight,Mini Truck,Standard,2500.0,11525,Delivered
SHP-001891,02-03-2024,2024-03-02,04-03-2024,mumbai,Ahmedabad,,RapidFreight,Truck,Standard,4430.3,14844,Delivered
SHP-001487,2024-09-02,2024-09-03,NA,Ahmedabad,kolkata,2184.4,SafeHaul,Air Cargo,Express,190.2,80366,Delivered
SHP-000833,2024-10-17,2024-10-18,2024-10-21,Mumbai,Bengaluru,1132.7,RapidFreight,Truck,Standard,4278.0,"₹30,700",Delivered
SHP-001918,21-08-2024,2024-08-24,29/08/2024,Chennai,kolkata,1716.1,SafeHaul,Truck,Standard,13737.6,46020,delivered
SHP-001909,2024-11-27,30-11-2024,2024-12-03,Hyderabad,Ahmedabad,1080.4,RapidFreight,Truck,Standard,16053.5,"INR 30,484",Delivered
SHP-001365,2024-10-02,2024-10-03,NA,Bengaluru ,kolkata,1945.0,SafeHaul,Air Cargo,Express,N/A,85455,Delivered
SHP-001876,25/10/2024,2024-10-28,2024-10-30,Hyderabad,Delhi,1570.4,BharatCargo,Air Cargo,Standard,74.6,52810,Delivered
SHP-000679,2024-08-26,2024-08-26,2024-09-03,Delhi,Pune,1454.9,RapidFreight,Truck,Standard,5256.8,"₹35,064",Delivered
SHP-001640,2024-09-22,23-09-2024,2024-09-26,Madras,Lucknow,1986.4,BharatCargo,Air Cargo,Standard,150.5,62173,Delivered
SHP-000307,22-11-2024,24/11/2024,2024-11-26,Mumbai,Ahmedabad,536.4,BharatCargo,Truck,Standard,6782.1,16903,Delivered
SHP-000368,2024-01-09,2024-01-09,2024-01-13,Chennai,mumbai,1351.8,GreenLine Carriers,Truck,Standard,7938.8,31587,Delivered
SHP-000783,2024-01-16,17/01/2024,2024-01-18,Bengaluru,Chennai,359.2,BharatCargo,NA,Standard,3736.9,9681,Delivered
SHP-001989,2024-07-20,2024-07-20,2024-07-24,ahmedabad,Jaipur,715.1,TransIndia Logistics,Mini Truck,Standard,1618.9,8559,Delivered
SHP-001448,17-12-2024,2024-12-17,2024-12-20,Bengaluru,Hyderabad,689.2,BharatCargo,Truck,Standard,8315.5,"₹19,703",Delivered
SHP-001041,2024-02-03,2024-02-03,2024-02-06,Delhi,Bengaluru,2378.1,null,Air Cargo,Standard,268.8,70511,Delivered
SHP-000989,2024-06-24,25-06-2024,2024-06-29,Mumbai,Lucknow ,1509.9,SafeHaul,Container,Standard,13212.1,59667,Delivered
SHP-000671,02-05-2024,02/05/2024,04-05-2024,Delhi,Mumbai,1554.1,SafeHaul,Air Cargo,Standard,320.0,NA,Delivered
SHP-001999,2024-05-25,2024-05-26,2024-05-29,Hyderabad,Ahmedabad,1084.5,SafeHaul,Truck,Standard,NA,"₹25,657",Delivered
SHP-000412,2024-06-10,2024-06-13,2024-06-16,Kolkata,Patna,564.6,RapidFreight,Container,Standard,20226.4,"INR 28,717",Delivered
SHP-000963,2024-07-25,2024-07-27,2024-07-29,Delhi,Lucknow,499.5,GreenLine Carriers ,Mini Truck,Standard,704.7,"₹6,257",Delivered
SHP-000772,2024-08-05,2024-08-06,2024-08-12,Kolkata,ahmedabad,2115.1,SafeHaul,Truck,Standard,1937.6,"INR 42,612",Delivered
SHP-000681,2024-01-05,2024-01-05,2024-01-11,Delhi,Bengaluru,2185.3,TransIndia Logistics,Truck,Standard,4504.2,637214,Delivered
SHP-001875,2024-11-01,2024-11-02,,Ahmedabad,Pune,647.0,BharatCargo,Truck,Express,18000.0,31207,Delivered
SHP-001354,2024-09-15,2024-09-18,2024-09-22,mumbai,Hyderabad ,772.0,TransIndia Logistics,Mini Truck,Standard,660.2,10213,Delivered
SHP-001771,2024-10-30,2024-11-01,06/11/2024,Kolkata,Bengaluru,2019.1,RapidFreight,Container,Standard,11933.1,74862,Delivered
SHP-001785,2024-01-10,2024-01-11,2024-01-13,Mumbai,Patna,1832.9,GreenLine Carriers,Air Cargo,Express,181.0,80280,Delivered
SHP-000496,2024-06-05,2024-06-05,2024-06-08,Bangalore,Pune,1011.3,RapidFreight,Truck,Express,NA,"INR 30,965",delivered
SHP-001174,2024-07-10,2024-07-11,2024-07-12,Chennai,Bengaluru,336.0,BharatCargo,Mini Truck,Express,1188.4,6841,Delivered
SHP-001547,09-02-2024,2024-02-11,18-02-2024,Mumbai,Kolkata,2150.1,RapidFreight,Mini Truck,Standard,-,24983,Delivered
SHP-000994,24-11-2024,2024-11-25,2024-11-30,Mumbai,Patna,1918.3,SafeHaul,Truck,Standard,5337.4,48231,Delivered
SHP-000116,2024-03-13,2024-03-15,2024-03-17,Hyderabad,Bengaluru,662.2,RapidFreight,Truck,Standard,6124.4,"INR 19,596",Delivered
SHP-001622,2024-04-13,2024-04-13,2024-04-19,Bengaluru,Delhi,2385.2,RapidFreight,Truck,Standard,9727.0,56599,Delivered
SHP-001079,2024-07-09,2024-07-10,2024-07-14,Calcutta,Jaipur,1755.0,TransIndia Logistics,Container,Express,13332.4,78511,Delivered
SHP-001906,2024-03-18,2024-03-19,2024-03-22,Bengaluru,Bombay,1134.0,RapidFreight,Container,Standard,5423.0,39806,Delivered
SHP-001250,2024-07-29,2024-07-30,2024-08-03,Ahmedabad,Hyderabad,1061.7,TransIndia Logistics,Mini Truck,Express,1545.9,15940,Delivered
SHP-001704,2024-03-01,2024-03-02,2024-03-05,Kolkata,Hyderabad,1323.0,RapidFreight,Container,Express,15541.3 kg,"INR 68,000",Delivered
SHP-000998,2024-10-24,2024-10-24,2024-10-25,Delhi,Jaipur,288.2,GreenLine Carriers,Mini Truck,Express,1073.2,6559,Delivered
SHP-001162,2024-06-19,20-06-2024,25/06/2024,Kolkata,Delhi,1705.1,GreenLine Carriers,Truck,Express,16069.4,63873,Delivered
SHP-001302,20/10/2024,2024-10-20,2024-10-23,Kolkata,Lucknow,1190.8,SafeHaul,Truck,Standard,18000.0,34771,Delivered
SHP-001951,2024-02-09,2024-02-10,2024-02-12,ahmedabad,Bengaluru,1565.5,BharatCargo,Air Cargo,Standard,25.2,48170,Delivered
SHP-000481,2024-06-29,2024-06-29,2024-07-01,Bengaluru,Hyderabad,N/A,BharatCargo,Container,Standard,8750.3,286275,Delivered
SHP-000352,2024-11-16,2024-11-18,2024-11-21,Delhi,Patna,1060.1,RapidFreight,Truck,Standard,10409.3,26985,Delivered
SHP-000809,2024-05-20,2024-05-20,21-05-2024,Bengaluru,Chennai,360.7,RapidFreight,Truck,Standard,6946.2,-,Delivered
SHP-000421,19-11-2024,2024-11-20,25-11-2024,Kolkata,Ahmedabad,2005.1,RapidFreight,Container,Standard,14241.9,81123,Delivered
SHP-001287,2024-03-15,2024-03-17,2024-03-20,Mumbai,Chennai,1302.2,SafeHaul,Container,Standard,28000.0,59782,DELIVERED
SHP-000760,28-07-2024,2024-07-29,2024-08-02,Bengaluru,pune,867.7,SafeHaul,Truck,Standard,8927.1,25296,Delivered
SHP-000680,2024-10-21,2024-10-22,2024-10-26,Mumbai,Delhi,1434.4,TransIndia Logistics,Container,Standard,23919.6,"₹62,221",Delivered
SHP-000121,06-11-2024,2024-11-06,2024-11-12,Kolkata,Ahmedabad,2065.6,RapidFreight,Truck,Standard,6280.3 kg,54049,Delivered
SHP-001377,2024-11-15,2024-11-17,2024-11-22,Kolkata,Mumbai,1915.8,RapidFreight,Truck,Standard,5314.4,44103,Delivered
SHP-000580,27-11-2024,2024-11-28,2024-12-02,Mumbai,Madras,1289.6,TransIndia Logistics,Mini Truck,Express,495.7,18442,Delivered
SHP-001768,10-09-2024,2024-09-13,2024-09-15,Delhi,Bengaluru,2297.2,BharatCargo,Air Cargo,Standard,107.7,67359,Delivered
SHP-001858,2024-07-13,2024-07-13,2024-07-16,Mumbai,Bengaluru,1007.4,RapidFreight,Truck,Express,3563.8,"INR 31,548",Delivered
SHP-000787,2024-07-27,2024-07-28,2024-08-01,Hyderabad,patna,1479.8,SafeHaul,Truck,Standard,4333.3,36296,Delivered
SHP-000252,2024-03-29,30-03-2024,2024-04-01,Hyderabad,Chennai,677.7,TransIndia Logistics,Truck,Standard,4344.3,"₹16,786",Delivered
SHP-000136,2024-07-15,2024-07-18,2024-07-21,Delhi,Lucknow,577.9,RapidFreight,Truck,Standard,4738.8,14514,Delivered
SHP-000343,2024-02-24,2024-02-25,27-02-2024,Hyderabad,Bengaluru,610.5,GreenLine Carriers,Truck,Standard,8865.8 kg,18263,Delivered
SHP-001177,11-10-2024,2024-10-11,13-10-2024,Bengaluru,Calcutta,2000.1,RapidFreight,Air Cargo,Standard,109.4,-,Delivered
SHP-001627,2024-03-03,2024-03-04,2024-03-06,mumbai,Hyderabad,754.7,RapidFreight,Truck,Standard,3051.6,17532,Delivered
SHP-000839,2024-06-09,10/06/2024,2024-06-16,Bengaluru,Jaipur,1891.1,SafeHaul,Container,Standard,NA,84663,Delivered
SHP-001217,2024-09-24,2024-09-24,2024-09-28,Bombay,Ahmedabad,523.3,GreenLine Carriers,Truck,Express,2754.0,16451,Delivered
SHP-000753,2024-12-04,2024-12-04,07-12-2024,Mumbai,Jaipur,1190.3,RapidFreight,Truck,Standard,11118.4,34050,Delivered
SHP-000300,2024-10-07,2024-10-08,12/10/2024,Kolkata,Delhi,1596.6,BharatCargo,Container,Express,13483.0,76513,Delivered
SHP-001969,2024-01-11,2024-01-13,16/01/2024,Bangalore,Mumbai,1085.1,TransIndia Logistics,Truck,Standard,5472.8,28995,Delivered
SHP-000110,2024-03-12,2024-03-13,null,ahmedabad,Chennai,1693.5,RapidFreight,Truck,Standard,9355.2,47263,Delivered
SHP-000594,2024-07-03,2024-07-05,2024-07-11,Kolkata,Ahmedabad,2103.7,BharatCargo,Truck,Standard,7520.3,47124,Delivered
SHP-000213,2024-07-23,2024-07-24,2024-07-29,Delhi,Hyderabad,1630.9,TransIndia Logistics,Truck,Express,3202.9,46503,Delivered
SHP-001428,2024-10-19,2024-10-19,2024-10-23,Delhi,Kolkata,1691.8,RapidFreight,Container,Standard,16789.7,"₹64,692",Delivered
SHP-001561,2024-03-19,2024-03-20,2024-03-23,Ahmedabad,Bengaluru,1521.7,TransIndia Logistics,Air Cargo,Standard,398.5,51082,Delivered
SHP-000597,15-11-2024,2024-11-16,2024-11-18,Chennai,Jaipur,2047.8,N/A,Air Cargo,Standard,510.3,70037,Delivered
SHP-001464,2024-06-03,2024-06-04,08/06/2024,Mumbai,Chennai,1326.2,RapidFreight,Truck,Standard,NA,33240,Delivered
SHP-001472,2024-04-14,2024-04-15,2024-04-17,Delhi,Hyderabad,1601.7,TransIndia Logistics,Air Cargo,Express,36.0,63730,Delivered
SHP-000240,2024-01-19,2024-01-19,2024-01-25,Delhi,Chennai,2335.0,RapidFreight,Container,Standard,9378.8,"₹84,019",delivered
SHP-000706,2024-03-12,2024-03-14,2024-03-19,Kolkata,Chennai,1755.0,GreenLine Carriers,Truck,Standard,2054.0,"₹40,510",Delivered
SHP-000889,2024-01-31,2024-02-01,2024-02-08,Delhi,Bengaluru,2336.3,GreenLine Carriers,Truck,Standard,8366.2,"₹54,648",Delivered
SHP-001457,25-06-2024,27/06/2024,2024-07-03,Mumbai ,Kolkata,2252.4,TransIndia Logistics,Container,Standard,21877.9 kg,"INR 91,848",Delivered
SHP-001191,2024-08-04,2024-08-06,2024-08-11,Bengaluru ,Ahmedabad,1605.7,BharatCargo,Truck,Standard,8777.5,42845,Delivered
SHP-001682,2024-02-25,2024-02-26,2024-02-27,Hyderabad,Ahmedabad,1100.7,RapidFreight,Air Cargo,Express,91.6,"₹43,200",Delivered
SHP-000621,2024-07-08,08/07/2024,2024-07-11,Chennai,Pune,1090.4,TransIndia Logistics,Truck,Express,4409.1,NA,Delivered 
SHP-000255,2024-05-13,2024-05-13,2024-05-17,Mumbai,Bengaluru,1050.8,RapidFreight,Mini Truck,Express,624.3,15331,Delivered
SHP-000384,2024-05-19,2024-05-19,2024-05-25,Bengaluru,Patna,2048.1,RapidFreight,Truck,Standard,12202.3,"₹51,609",Delivered
SHP-001841,2024-02-01,2024-02-02,2024-02-05,Delhi ,Ahmedabad,1018.9,GreenLine Carriers,Mini Truck,Express,1625.0,18680,Delivered
SHP-000125,2024-05-07,2024-05-07,10/05/2024,Delhi,Ahmedabad,974.1,BharatCargo,Truck,Standard,3897.2,26219,Delivered
SHP-001735,2024-01-27,28/01/2024,2024-01-30,Hyderabad,Pune,666.8,RapidFreight,Container,Standard,11748.9,"₹28,403",Delivered
SHP-000882,2024-05-15,2024-05-18,22-05-2024,Kolkata,Lucknow,1187.1,TransIndia Logistics,Truck,Standard,1877.7,26417,Delivered 
SHP-000322,2024-03-17,18/03/2024,2024-03-20,Bengaluru,Hyderabad,630.0,GreenLine Carriers,Truck,Standard,9890.1 kg,"₹19,991",Delivered
SHP-000793,2024-08-27,2024-08-27,29-08-2024,Mumbai,Lucknow,NA,BharatCargo,Air Cargo,Standard,185.0,"INR 56,710",Delivered
SHP-001324,2024-10-29,31-10-2024,2024-11-01,Chennai,Bangalore,, TransIndia Logistics,-,Standard,2160.5,8160,Delivered
SHP-001291,2024-10-28,2024-10-29,2024-11-03,Bengaluru,Jaipur,1903.2,GreenLine Carriers,Truck,Standard,2649.9,NA,Delivered
SHP-000454,2024-01-21,21-01-2024,2024-01-24,Delhi,Ahmedabad,992.0,TransIndia Logistics,Truck,Express,18000.0,42188,DELIVERED
SHP-001518,2024-10-21,2024-10-22,2024-10-27,Ahmedabad,Patna,1618.9, GreenLine Carriers,Container,Standard,12231.3,63642,Delivered
SHP-000451,2024-10-31,2024-11-03,2024-11-04,New Delhi,Jaipur,292.8,BHARATCARGO,Truck,Standard,3220.1 kg,"₹8,937",Delivered
SHP-001422,29-09-2024,29/09/2024,2024-10-05,Bengaluru,Lucknow,1942.5,BharatCargo,Mini Truck,Express,537.7,31752,Delivered
SHP-001872,2024-11-15,2024-11-15,2024-11-17,Bengaluru,Hyderabad,627.6,SafeHaul,Mini Truck,Express,188.1,10623,Delivered
SHP-000487,05-11-2024,2024-11-06,09/11/2024,Bengaluru,Patna,2162.7,BharatCargo,Air Cargo,Standard,NA,₹0,Returned
SHP-000979,2024-03-09,2024-03-11,2024-03-17,Bengaluru ,Lucknow,2222.0,GreenLine Carriers,Truck,Standard,N/A,55126,Delivered
SHP-000290,2024-05-02,2024-05-03,2024-05-08,Delhi ,Bengaluru,2078.6,TransIndia Logistics,Container,Standard,14843.5,79594,Delivered
SHP-000910,2024-06-14,14-06-2024,2024-06-15,Mumbai,Pune,156.1,TransIndia Logistics,Mini Truck,Standard,,2865,Delivered
SHP-000533,2024-10-30,2024-10-31,02-11-2024,Mumbai,Ahmedabad,608.7,RapidFreight,Truck,Standard,9753.5,"INR 19,778",Delivered
SHP-001321,2024-09-17,2024-09-18,null,Bengaluru,Chennai,344.6,GreenLine Carriers,Mini Truck,Standard,376.6,4447,Delivered
SHP-000050,2024-12-02,2024-12-05,09-12-2024,Delhi,Hyderabad,1594.4,RapidFreight,Container,Standard,12917.2,67521,Delivered
SHP-000238,2024-05-19,2024-05-20,2024-05-24,Chennai,Mumbai,1379.0,RapidFreight,Truck,Standard,5600.8,34194,Delivered
SHP-000433,2024-06-14,2024-06-14,2024-06-16,Chennai,Jaipur,1951.5,TransIndia Logistics,Air Cargo,Express,63.7 kg,74683,Delivered
SHP-001394,2024-09-16,16-09-2024,18/09/2024,Delhi,Jaipur,313.5,RapidFreight,,Standard,922.2,4843,Delivered
SHP-001929,2024-10-02,2024-10-02,2024-10-07,Delhi,Kolkata,1708.0,RapidFreight,Truck,Standard,3827.2,"INR 41,846",Delivered
SHP-000675,2024-01-29,2024-01-30,2024-02-01,Kolkata,Jaipur,1839.2,RapidFreight,Air Cargo,Standard,171.5,"INR 63,109",Delivered
SHP-001135,08/10/2024,2024-10-09,11-10-2024,Ahmedabad,Pune,661.1, SafeHaul,Truck,Standard,6558.3,"₹17,570",Delivered
SHP-000985,2024-05-29,29/05/2024,2024-06-03,Delhi,Calcutta,1624.8,GreenLine Carriers,Truck,Standard,3245.4,"₹34,082",Delivered
SHP-000742,2024-02-06,2024-02-08,2024-02-12,Delhi,Hyderabad,,BharatCargo,Container,Standard,22639.5,"₹61,152",Returned
SHP-000174,2024-11-24,2024-11-25,2024-12-01,Ahmedabad,Chennai,1809.3,GreenLine Carriers,Mini Truck,Standard,2013.5,26224,Delivered
SHP-001235,12/02/2024,2024-02-13,2024-02-16,Mumbai,Bengaluru,1037.7,GREENLINE CARRIERS,Truck,Standard,4403.1 kg,24016,Delivered
SHP-001492,10/07/2024,11-07-2024,2024-07-14,Hyderabad,Ahmedabad,1080.3,BharatCargo,Container,Standard,9945.8,42491,Delivered
SHP-001376,2024-02-02,2024-02-02,2024-02-06,Delhi,Pune,1521.1,TransIndia Logistics,Truck,Standard,-,"INR 44,389",Delivered
SHP-001690,07/01/2024,2024-01-10,2024-01-14,Mumbai,Chennai,1326.2,SafeHaul,Mini Truck,Standard,713.3,"INR 18,040",Delivered
SHP-001711,2024-08-14,2024-08-15,2024-08-20,Madras,kolkata,1737.1,RapidFreight,Truck,Express,9159.4,49517,Delivered
SHP-001732,2024-08-04,2024-08-06,2024-08-12,Delhi,Kolkata,1836.5,BharatCargo,Container,Standard,10039.1 kg,"₹72,639",Delivered
SHP-001853,2024-09-27,2024-09-28,2024-10-03,Bengaluru,kolkata,1873.3,BharatCargo,Container,Standard,17677.2,93169,Delivered
SHP-000592,2024-05-28,29/05/2024,2024-06-04,Bengaluru,DELHI,2144.6,RapidFreight,Truck,Standard,9631.8,50572,Delivered
SHP-000024,2024-07-31,2024-08-01,2024-08-06,Hyderabad,kolkata,1545.5,BharatCargo,Truck,Standard,13547.0,41811,Delivered
SHP-000382,21-10-2024,2024-10-24,27-10-2024,Ahmedabad,Mumbai,586.7,TransIndia Logistics,Mini Truck,Standard,374.8,"₹7,767",Delivered
SHP-001957,2024-12-19,2024-12-21,2024-12-26,Kolkata,Chennai,1820.5,BharatCargo,Truck,Standard,2996.6,41907,Delivered
SHP-000064,29-02-2024,2024-03-01,06-03-2024,Chennai,Patna,1804.5,RapidFreight,Container,Standard,6896.2,66068,Delivered
SHP-000807,2024-01-14,2024-01-15,2024-01-17,Chennai,Hyderabad,647.0,SafeHaul,Truck,Standard,3834.7,144836,Delivered
SHP-000189,24/02/2024,2024-02-24,2024-03-01,Chennai,Delhi,2263.9,BharatCargo,Truck,Express,10520.5,,Delivered
SHP-000728,2024-10-12,2024-10-13,-,Delhi,jaipur,301.1,BharatCargo,Container,Standard,18181.3,"₹19,949",Delivered
SHP-001670,2024-05-01,2024-05-01,03/05/2024,Hyderabad,Pune,644.8,GreenLine Carriers,Mini Truck,Standard,2500.0,11200,Delivered
SHP-001164,2024-02-21,2024-02-22,2024-02-23,Delhi,Jaipur,307.5,SafeHaul,Truck,Express,6476.0,13748,Delivered
SHP-001010,2024-02-17,2024-02-18,,Bengaluru,Kolkata,1930.7,SafeHaul,Truck,Express,2614.3,"₹56,393",Delivered
SHP-001803,2024-10-07,2024-10-08,2024-10-13,Delhi,Hyderabad,1606.7,SafeHaul,Truck,Standard,6576.4,35683,Delivered
SHP-000257,2024-10-04,2024-10-05,07-10-2024,Hyderabad,Chennai,623.6,RAPIDFREIGHT,Truck,Standard,4859.4,"₹15,759",Delivered
SHP-001106,05-06-2024,2024-06-06,2024-06-09,Chennai,pune,1137.8,BharatCargo,Container,Standard,10385.8,44068,Delivered
SHP-000394,2024-09-08,09/09/2024,2052-09-15,Chennai,Delhi,2299.8,BharatCargo,Truck,Standard,8980.5,"₹55,468",Delivered
SHP-001984,2024-02-29,2024-03-01,2024-03-04,Bombay,Jaipur,1096.3,NA,Truck,Standard,7912.1,31744,delivered
SHP-000355,2024-04-19,2024-04-19,2024-04-21,Bengaluru,Hyderabad,666.9,SafeHaul,Mini Truck,Standard,356.9,8879,Delivered
SHP-001707,2024-03-20,2024-03-21,2024-03-26,Delhi,Hyderabad,1568.0,SafeHaul,Mini Truck,Standard,653.9,21521,Delivered
SHP-001980,2024-11-10,2024-11-12,null,Mumbai,Pune,156.4,RapidFreight,Mini Truck,Standard,1232.3,3849,Delivered
SHP-001132,02-10-2024,2024-10-03,2024-10-04,Bengaluru ,Chennai,374.7,BharatCargo,Truck,Standard,2182.6,NA,Delivered
SHP-001748,2024-02-22,24-02-2024,29/02/2024,Bengaluru,Kolkata,2126.7,safehaul,Container,Standard,18313.3,86761,Delivered
SHP-001329,04-12-2024,05/12/2024,2024-12-10,Mumbai,Kolkata,2211.9,SafeHaul,Container,Standard,9447.9,"₹77,569",Delivered
SHP-000353,2024-05-11,2024-05-11,2024-05-14,Kolkata,Patna,624.0, BharatCargo,Truck,Standard,4897.3,15994,Delivered
SHP-001533,11-10-2024,2024-10-13,2024-10-15,Kolkata,Patna,612.7,SafeHaul,Mini Truck,Standard,1124.2,"INR 9,114",Delivered
SHP-001320,2024-03-25,2024-03-25,2024-03-29,Hyderabad,Calcutta,1542.5,BharatCargo,Container,Standard,8903.8,"₹58,828",Delivered
SHP-000874,13/03/2024,2024-03-13,2024-03-15,Mumbai,Patna,1797.7,RapidFreight,Air Cargo,Standard,180.7,52474,Delivered
SHP-000271,22-03-2024,2024-03-22,2024-03-25,delhi,Ahmedabad,1036.8,SafeHaul,Mini Truck,Standard,1255.0,"₹13,271",Delivered
SHP-000325,2024-11-08,2024-11-08,2024-11-13,Hyderabad,Lucknow,1477.7, RapidFreight,Mini Truck,Standard,966.4,18421,Delivered
SHP-001011,2024-11-21,2024-11-23,2024-11-28,Kolkata,jaipur,1786.0,GreenLine Carriers,Truck,Standard,2617.2,39544,Delivered
SHP-001587,2024-05-05,06/05/2024,2024-05-10,Mumbai,chennai,1230.7,RapidFreight,Mini Truck,Express,1075.0,"INR 20,697",Delivered
SHP-001205,2024-03-31,2024-04-01,2024-04-04,Delhi,Patna,,RapidFreight,Truck,Express,12506.3,"₹39,287",DELIVERED
SHP-000026,22/06/2024,2024-06-22,2024-06-26,Delhi,Kolkata,1680.6,RapidFreight,Container,Standard,16481.5,67747,Delivered
SHP-001293,2024-10-29,2024-10-29,2024-10-31,Kolkata,Bengaluru,2031.1,BharatCargo,Air Cargo,Standard,75.5,"₹58,111",Delivered
SHP-000079,2024-01-04,2024-01-05,2024-01-10,Kolkata,chennai,1713.9,BharatCargo,Truck,Standard,4899.1,41579,DELIVERED
SHP-001552,2024-07-19,2024-07-20,2024-07-22,bangalore,Chennai,372.8,SafeHaul,Mini Truck,Standard,1439.6,5715,Delivered
SHP-000033,30-11-2024,2024-12-01,2024-12-04,Mumbai,Chennai,1238.0,BharatCargo,Container,Standard,17456.4,55292,Delivered
SHP-001245,2024-10-02,2024-10-02,05-10-2024,Mumbai,Bengaluru,1096.7,TransIndia Logistics,Truck,Standard,4358.8,27836,Delivered
SHP-000549,2024-10-26,2024-10-28,2024-10-30,Chennai,patna,1963.7,SafeHaul,Air Cargo,Standard,245.5,66753,Delivered
SHP-001729,2024-12-17,2024-12-18,2024-12-23,Delhi,Hyderabad,null,RapidFreight,Container,Standard,26329.8,"INR 63,989",Delivered
SHP-000428,2024-05-24,2024-05-25,27-05-2024,Hyderabad,Bengaluru,638.0,TransIndia Logistics,Mini Truck,Express,538.0,"₹9,930",Delivered
SHP-000164,28-10-2024,2024-10-28,2024-11-04,Delhi,Chennai,2366.6,SafeHaul,Mini Truck,Standard,1395.8,33929,Delivered
SHP-000204,2024-05-27,28-05-2024,2024-06-03,Delhi,Kolkata,1752.8,SafeHaul,Truck,Express,11192.5,56549,Delivered
SHP-001996,08-09-2024,2024-09-10,2024-09-15,Chennai,Kolkata,1842.5,BharatCargo,Truck,Standard,8344.7,51699,Delivered
SHP-001256,2024-11-25,2024-11-25,2024-11-28,Hyderabad,Chennai,640.3,RapidFreight,Truck,Express,3369.4,19984,Delivered
SHP-000298,2024-04-12,2024-04-13,2024-04-16,Hyderabad,Ahmedabad,1105.3,SafeHaul,Container,Standard,22741.1,49529,Delivered 
SHP-001650,14-12-2024,2024-12-17,21-12-2024,Hyderabad,Lucknow,1394.8,BharatCargo,Mini Truck,Standard,N/A,17972,Delivered
SHP-000863,2024-11-18,2024-11-20,2024-11-25,Chennai,Jaipur,2042.9,BharatCargo,Container,Standard,11353.9,"₹76,334",Delivered
SHP-000553,2024-10-13,2024-10-14,2024-10-18,Delhi,Mumbai,1532.0,TransIndia Logistics ,Truck,Standard,3896.6,"₹37,806",Delivered
SHP-000057,2024-02-28,2024-02-29,2024-03-06,Bangalore,Jaipur,2109.2,BharatCargo,Truck,Standard,14245.0,52378,Returned
SHP-001824,2024-04-26,2024-04-27,2024-05-03,Kolkata,Mumbai,2131.4,TransIndia Logistics,Truck,Standard,2896.4,46185,Delivered
SHP-000964,27/02/2024,2024-02-29,2024-03-02,Delhi,Chennai,2124.2,RAPIDFREIGHT,Air Cargo,Standard,13.8,"₹69,212",Delivered
SHP-001606,2024-04-29,2024-05-01,2024-05-05,Mumbai,Delhi,1403.5,BharatCargo,Truck,Standard,11890.5 kg,43596,Delivered
SHP-001403,2024-01-01,2024-01-03,2024-01-07,Ahmedabad,Patna,1613.2,TransIndia Logistics,Container,Standard,16122.2,"₹63,023",Delivered
SHP-000219,2024-04-16,2024-04-16,2024-04-19,Ahmedabad,hyderabad,1084.6,GreenLine Carriers,Container,Express,8854.6,54315,Delivered
SHP-001976,2024-12-19,2024-12-20,22/12/2024,Mumbai,Patna,1821.4,TransIndia Logistics,Air Cargo,Standard,,55298,Delivered
SHP-001504,2024-11-22,2024-11-23,2024-11-28,Bengaluru,Ahmedabad,1556.3, GreenLine Carriers,Truck,Express,5663.5,48972,Delivered
SHP-001339,2024-09-18,2024-09-20,2024-09-22,Hyderabad,Chennai,631.0,SafeHaul,Truck,Standard,3101.7,"₹15,902",Delivered
SHP-001776,2024-03-06,09-03-2024,2024-03-14,Bengaluru,Lucknow,1960.3,SafeHaul,Container,Standard,9084.5,"₹72,039",Delivered
SHP-001610,2024-10-20,2024-10-20,2024-10-23,Bengaluru,Mumbai,1001.9,RapidFreight,Container,Standard,12385.3,39195,Delivered
SHP-000060,2024-01-20,2024-01-23,2024-01-26,Delhi,Patna,1089.9,RapidFreight ,Container,Standard,11557.6,,Delivered
SHP-000530,2024-02-29,2024-03-02,06/03/2024,Mumbai,Patna,1761.8,BharatCargo,Container,Standard,11417.7,null,Delivered
SHP-000430,2024-06-25,2024-06-25,29/06/2024,Hyderabad,Lucknow,NA,RapidFreight,Truck,Standard,2019.6,33728,Delivered
SHP-000074,2024-10-11,2024-10-12,2024-10-17,Mumbai,Lucknow,1408.5,RapidFreight,Mini Truck,Express,2125.1,,Delivered
SHP-000163,2024-07-08,2024-07-10,2024-07-15,Mumbai ,Patna,1775.2,SafeHaul,Truck,Standard,6476.0,45652,Delivered
SHP-000856,10-04-2024,10-04-2024,2024-04-13,Bengaluru,Pune,1007.7,BharatCargo,Mini Truck,Standard,391.2,"₹12,873",Delivered
SHP-000544,2024-07-29,2024-07-29,2024-08-05,Ahmedabad,Patna,1527.5,BharatCargo,Truck,Express,5486.1,"₹46,732",Delivered
SHP-000944,2024-09-08,2024-09-09,2024-09-11,Bengaluru,Jaipur,1908.7,BharatCargo,Air Cargo,Express,406.0,"₹84,804",Delivered
SHP-001069,2024-11-15,2024-11-16,2024-11-20,Delhi,Bombay,1521.0,RapidFreight,Container,Standard,17266.5,51687,Delivered
SHP-000615,2024-03-25,2024-03-26,2024-03-31,Mumbai,Patna,1937.6,TransIndia Logistics ,Container,Express,9002.5,"INR 81,294",Delivered
SHP-001107,11/04/2024,12-04-2024,2024-04-15,Delhi,Ahmedabad,986.0,GreenLine Carriers,Truck,Standard,7437.7 kg,27087,delivered
SHP-000046,2024-12-24,2024-12-25,2024-12-27,Hyderabad,DELHI,1567.7,RapidFreight,Air Cargo,Standard,426.9,"INR 58,077",Delivered
SHP-001212,2024-02-29,2024-02-29,2024-03-02,Hyderabad,Mumbai,839.8,BharatCargo,Container,Express,12160.7 kg,42826,Delivered
SHP-000969,26/05/2024,28/05/2024,03-06-2024,Kolkata,Delhi,1712.5,SafeHaul,Truck,Standard,8480.5,41985,Delivered
SHP-001517,24/03/2024,2024-03-25,2024-03-28,Delhi,Patna,1092.8,SafeHaul,Truck,Standard,8019.4,"INR 31,203",Delivered
SHP-001545,2024-12-17,2024-12-17,2024-12-22,bangalore,Kolkata,1956.4,TransIndia Logistics,Truck,Express,6897.9,63714,Delivered
SHP-000077,2024-11-10,2024-11-10,2024-11-15,Mumbai,Lucknow,1574.5,RapidFreight,Truck,Standard,N/A,null,Delivered
SHP-001962,2024-01-30,2024-02-01,02/02/2024,Bengaluru,Pune,908.5,RapidFreight,Air Cargo,Standard,253.8,"₹29,224",Delivered
SHP-001445,2024-06-02,2024-06-02,2024-06-10,Delhi,Chennai,2235.3,BharatCargo,Truck,Standard,1971.0,48692,Delivered 
SHP-001589,08/02/2024,2024-02-10,2024-02-14,Mumbai ,Jaipur,-,transindia logistics,Mini Truck,Standard,436.2,"₹14,200",Delivered
SHP-000600,2024-04-19,2024-04-20,2024-04-26,Kolkata,Ahmedabad,2180.2,BharatCargo,Truck,Express,6687.8,59339,Delivered
SHP-000484,29/12/2024,2024-12-30,,Mumbai,Delhi,1475.2,BharatCargo,Truck,Standard,NA,"₹33,178",In Transit
SHP-001180,2024-03-10,2024-03-10,2024-03-14,Mumbai,Hyderabad,774.3,BharatCargo,Mini Truck,Standard,1493.9,"₹11,834",Delivered
SHP-001441,2024-09-20,2024-09-21,2024-09-23,Mumbai,Patna,1991.3,BharatCargo,Air Cargo,Standard,,80422,Delivered
SHP-000031,2024-06-30,2024-07-01,04-07-2024,chennai,PATNA,1840.4,RapidFreight,Air Cargo,Standard,158.1,52111,Delivered
SHP-001556,2024-04-25,2024-04-25,2024-05-01,Chennai,Patna,1928.7,RapidFreight,Mini Truck,Express,631.0,33831,Delivered
SHP-001546,2024-06-28,2024-06-30,2024-07-04,Mumbai,Jaipur,1213.4,RapidFreight,Truck,Standard,12273.9,32819,Delivered
SHP-001465,2024-09-09,09-09-2024,2024-09-15,Kolkata,Mumbai,2077.8,RapidFreight,Truck,Express,2876.7,63178,Delivered
SHP-000655,2024-12-29,31-12-2024,,Hyderabad,Mumbai,801.2,SafeHaul,Mini Truck,Standard,284.9,10056,In Transit
SHP-000835,2024-10-14,2024-10-15,17-10-2024,Chennai,Lucknow,1997.0,BharatCargo,Air Cargo,Standard,657.6,73345,Delivered
SHP-001712,2024-09-13,2024-09-13,2024-09-17,Mumbai,Lucknow,1526.6,TransIndia Logistics,Container,Express,6383.8,65990,Delivered
SHP-000535,21-07-2024,2024-07-21,2024-07-25,Delhi,Mumbai,1357.1,RapidFreight,Truck,Express,4523.7,,Delivered
SHP-001584,2024-12-07,2024-12-07,2024-12-11,Mumbai,Delhi,1516.0,SafeHaul,Container,Express,14734.5,80685,Delivered
SHP-001601,2024-02-29,2024-02-29,2024-03-04,ahmedabad,Chennai,1650.7,BharatCargo,Container,Standard,8921.6,62879,Delivered
SHP-001415,2024-04-09,2024-04-10,2024-04-12,Delhi,Bengaluru,NA,RapidFreight,Air Cargo,Standard,98.7,66311,Delivered
SHP-001607,2024-07-28,2024-07-29,2024-08-04,Ahmedabad,Bengaluru,1626.8,SafeHaul,Truck,Express,6313.1,"INR 52,451",Delivered
SHP-000045,2024-03-15,2024-03-17,2024-03-19,Hyderabad,Bengaluru,636.3,RapidFreight,Container,Standard,13052.5,28018,Delivered
SHP-001161,2024-08-03,2024-08-04,2024-08-12,Delhi,Bengaluru,2121.1,RapidFreight ,Truck,Standard,7083.6,57673,Delivered 
SHP-000169,2024-04-03,2024-04-03,2024-04-08,Mumbai,Patna,1820.7,transindia logistics,Truck,Standard,8453.9,39932,Delivered
SHP-000304,04/07/2024,2024-07-04,2024-07-11,Bengaluru,Delhi,2324.3,BharatCargo,Truck,Express,7349.4,64961,Delivered
SHP-001628,2024-04-15,2024-04-16,2024-04-19,New Delhi,Mumbai,1506.3,SafeHaul,Air Cargo,Standard,157.7,"₹44,756",DELIVERED
SHP-000652,2024-10-09,11/10/2024,2024-10-15,hyderabad,Lucknow,1403.7,TransIndia Logistics,Truck,Standard,16827.3,39425,Delivered
SHP-001970,17-08-2024,2024-08-19,2024-08-24,Bengaluru,New Delhi,2228.9,SafeHaul,Container,Standard,5986.5 kg,78149,Delivered
SHP-001991,2024-10-12,2024-10-12,2024-10-13,delhi,Mumbai,1391.2,BharatCargo,Air Cargo,Standard,89.1,42980,Delivered
SHP-001680,13/05/2024,2024-05-15,2024-05-20,Bengaluru,Delhi,2189.0,GreenLine Carriers,Container,Standard,19285.1,"₹92,958",Delivered
SHP-000931,2024-08-24,2024-08-24,2024-08-28,Mumbai,Delhi,1565.0,SafeHaul,Container,Standard,14571.7,70372,Delivered
SHP-000711,2024-03-09,2024-03-11,2024-03-16,Ahmedabad,Calcutta,2018.2,BharatCargo,Container,Standard,null,"INR 72,673",Delivered
SHP-000745,2024-08-22,2024-08-24,2024-08-27,Bengaluru,Pune,963.6,BharatCargo,Truck,Standard,5431.5,25488,Delivered
SHP-001743,2024-06-01,2024-06-02,2024-06-03,Delhi,Jaipur,316.8,RapidFreight,Truck,Express,11188.7,19454,Delivered
SHP-001362,2024-07-02,2024-07-02,2024-07-06,Mumbai,Jaipur,1181.2,BharatCargo,,Standard,788.5,"₹15,774",Delivered
SHP-001507,2024-09-11,12-09-2024,2024-09-17,chennai,Mumbai,1271.7,SafeHaul,Truck,Express,5280.7,"₹38,591",Delivered
SHP-001270,2024-04-07,2024-04-08,14/04/2024,Bengaluru,Patna,2106.0,SafeHaul,Truck,Standard,5183.7,46659,Delivered
SHP-000354,2024-04-21,21-04-2024,2024-04-26,Kolkata,Hyderabad,1431.1,RapidFreight,Mini Truck,Express,1324.2,23453,delivered
SHP-000367,2024-10-19,21-10-2024,2024-10-25,Chennai,Mumbai,1330.7,BharatCargo,Truck,Standard,3061.2,34474,Delivered
SHP-001413,2024-10-15,2024-10-16,2024-10-21,Hyderabad,Patna,1484.3,SafeHaul,Mini Truck,Standard,623.8,21868,Delivered
SHP-001902,2024-03-30,31/03/2024,2024-04-04,Delhi,Kolkata,1560.6,SafeHaul,Container,Express,14685.5,86103,Delivered
SHP-000186,2024-03-24,2024-03-27,null,kolkata,patna,580.0,TransIndia Logistics,Truck,Standard,5154.4,"INR 16,336",Delivered
SHP-000924,2024-01-22,23/01/2024,2024-01-26,Bengaluru,Pune,897.4,RapidFreight,N/A,Standard,10738.7,24934,Delivered
SHP-000439,2024-01-31,2024-02-03,04-02-2024,Chennai,Bangalore,349.1,SafeHaul,Mini Truck,Standard,337.6,"₹4,348",Delivered
SHP-001300,2024-08-25,25-08-2024,2024-08-29,Mumbai,Jaipur,1132.4,SafeHaul,Truck,Standard,5451.9,"INR 29,613",Delivered
SHP-001230,2024-08-05,2024-08-05,2024-08-12,Delhi,Chennai,2295.1,BharatCargo,Truck,Standard,11102.5,"₹65,737",Delivered
SHP-000301,2024-03-09,2024-03-10,2024-03-12,Chennai,Kolkata,1798.9,RapidFreight,Air Cargo,Standard,278.6,"₹55,162",Delivered
SHP-000383,12-06-2024,2024-06-13,2024-06-14,Chennai,Bengaluru,384.8,GreenLine Carriers,Truck,Standard,6267.8,"INR 13,700",Delivered
SHP-001048,2024-07-31,2024-08-01,2024-08-06,Chennai,Pune,1185.5,TransIndia Logistics,Mini Truck,Standard,268.4,"INR 14,144",Delivered
SHP-001592,20/08/2024,22-08-2024,2024-08-26,Delhi,Patna,1137.9,SafeHaul,Mini Truck,Standard,980.1,16322,Delivered
SHP-001745,2024-01-21,2024-01-24,2024-01-30,Chennai,delhi,2319.0,RapidFreight,Container,Standard,13109.8,"INR 85,311",Delivered
SHP-000375,2024-09-18,2024-09-19,21-09-2024,Delhi,Bengaluru,2289.3,SafeHaul,Air Cargo,Standard,57.1,"INR 67,180",Delivered
SHP-001978,01-01-2024,2024-01-04,2024-01-06,ahmedabad,Mumbai,544.8,BharatCargo,Mini Truck,Standard,299.2,6540,Delivered
SHP-001395,2024-02-04,2024-02-05,09/02/2024,Hyderabad,PATNA,1491.0,RapidFreight,Truck,Express,18000.0,"INR 49,685",Delivered
SHP-001894,2024-02-01,01-02-2024,2024-02-06,Delhi,Bengaluru,2186.3,RapidFreight,Container,Standard,19587.6,85944,Delivered
SHP-000176,2024-04-27,2024-04-27,2024-05-03,Delhi,Bengaluru,2111.4,RapidFreight,Truck,Express,18000.0,"INR 73,253",Delivered
SHP-000870,2024-02-22,2024-02-23,2024-02-24,Mumbai,Pune,152.9,BharatCargo,Mini Truck,Standard,1016.8,"₹2,892",Delivered
SHP-001201,2024-12-13,2024-12-15,2024-12-17,Kolkata,Hyderabad,1509.0,SafeHaul,Air Cargo,Standard,278.0,51844,Delivered
SHP-001645,2024-04-09,2024-04-09,2024-04-14,delhi,Pune,1354.5,GreenLine Carriers,Truck,Standard,5973.7,35592,Delivered
SHP-000124,2024-10-26,2024-10-27,2024-11-02,Bengaluru,Kolkata,1962.4,BharatCargo,Mini Truck,Standard,410.2,"₹21,849",Delivered
SHP-001303,2024-05-25,2024-05-26,31-05-2024,Chennai,Mumbai,1354.4,SafeHaul,Truck,Standard,6897.1,36501,Delivered
SHP-001281,2024-08-08,2024-08-08,2024-08-11,Mumbai,Ahmedabad,559.3,RapidFreight,Truck,Standard,6128.7,14525,Delivered
SHP-001692,24-10-2024,25/10/2024,2024-10-29,Ahmedabad,Hyderabad,1208.3,GreenLine Carriers,Mini Truck,Standard,455.5,16773,Delivered
SHP-000040,2024-04-01,2024-04-02,2024-04-08,kolkata,Bengaluru,1995.2,RapidFreight,Truck,Standard,4671.6,"₹43,447",Delivered
SHP-000417,2024-11-26,27-11-2024,01/12/2024,Delhi,Hyderabad,1548.0,RapidFreight,Container,Standard,10370.7,53994,Delivered
SHP-001831,2024-04-25,2024-04-26,2024-04-27,Bengaluru,Chennai,395.9,BharatCargo,,Express,4505.0,12703,Delivered
SHP-000332,2024-12-13,2024-12-13,16-12-2024,Mumbai,Chennai,1296.7,TransIndia Logistics,Container,Express,14196.5,"INR 66,531",Delivered
SHP-000808,2024-03-07,2024-03-08,2024-03-09,Delhi,Jaipur,281.8,RapidFreight,Mini Truck,Express,281.3,4635,Delivered
SHP-000195,2024-07-24,2024-07-26,2024-07-30,Delhi,Patna,1110.5,TransIndia Logistics,Mini Truck,Standard,562.0,14083,Delivered
SHP-000967,2024-12-07,2024-12-07,2024-12-09,Ahmedabad,Kolkata,2098.5,RapidFreight,Air Cargo,Express,375.7,80108,Delivered
SHP-001034,2024-10-09,10-10-2024,2024-10-12,Ahmedabad,Mumbai,539.9,SafeHaul,Mini Truck,Standard,598.2,7021,Delivered
SHP-001935,2024-09-02,02/09/2024,09-09-2024,Chennai,Jaipur,2029.6,TransIndia Logistics,Mini Truck,Express,901.8 kg,"₹30,075",Delivered
SHP-000323,2024-03-04,05-03-2024,2024-03-08,Mumbai,Hyderabad,805.6,GreenLine Carriers,Truck,Standard,9972.2,,Delivered
SHP-001223,2024-12-05,2024-12-06,2024-12-02,hyderabad,lucknow,1355.5,BharatCargo,NA,Standard,1479.4,17598,Delivered
SHP-000267,2024-07-08,2024-07-11,15/07/2024,Mumbai,Bengaluru,1064.0,N/A,Mini Truck,Standard,616.8,13237,DELIVERED
SHP-001531,2024-04-22,2024-04-23,28/04/2024,Mumbai,Patna,1813.7,GreenLine Carriers,Container,Express,19928.2,"₹88,056",Delivered
SHP-001461,2024-02-03,2024-02-05,2024-02-10,Chennai,Jaipur,1981.0,GreenLine Carriers,Truck,Standard,2362.3,"INR 43,954",Delivered
SHP-000068,2024-01-15,2024-01-16,2024-01-19,Mumbai,Hyderabad,834.4, RapidFreight,Truck,Express,12323.3,31293,Delivered
SHP-001697,30-08-2024,30/08/2024,2024-09-04,Delhi,Mumbai,1407.8,RapidFreight,Mini Truck,Express,228.9,"INR 24,684",Delivered
SHP-001674,17-08-2024,2024-08-20,2024-08-24,Delhi,Pune,1437.4,RapidFreight,Truck,Standard,,36862,Delivered
SHP-000820,2024-11-06,2024-11-06,2024-11-10,Mumbai,Lucknow,1518.3,GreenLine Carriers,Truck,Express,-,50539,Delivered
SHP-001948,2024-10-04,2024-10-04,2024-10-07,Ahmedabad,Lucknow,1184.5,RapidFreight,Container,Express,9407.7 kg,"₹60,931",Delivered
SHP-001519,2024-09-10,2024-09-10,2024-09-13,DELHI,PATNA,1081.7,SafeHaul,Truck,Standard,-,"₹25,879",Delivered
SHP-001965,2024-02-29,29-02-2024,2024-03-07,Chennai,Ahmedabad,1844.2,BharatCargo,Mini Truck,Express,495.7,"₹31,003",Delivered
SHP-001442,2024-03-07,07/03/2024,2024-03-11,Delhi,PATNA,NA,TransIndia Logistics,Mini Truck,Standard,961.2,16202,Delivered
SHP-000893,2024-07-30,2024-07-30,2024-08-04,Mumbai,Delhi,1453.4,GreenLine Carriers,Mini Truck,Standard,NA,18962,Delivered
SHP-000568,30/08/2024,2024-08-31,03/09/2024,delhi,Ahmedabad,983.3,RapidFreight,Truck,Express,11533.3,36850,Delivered
SHP-000923,17/12/2024,2024-12-17,2024-12-19,Kolkata,PATNA,554.9,SafeHaul,Container,Standard,170451.0 kg,"₹26,958",Delivered
SHP-001577,2024-03-22,2024-03-22,2024-03-26,Hyderabad,Patna,,RapidFreight,Truck,Standard,5077.4,34782,Delivered
SHP-001669,2024-04-05,2024-04-05,2024-04-08,Delhi,ahmedabad,994.7,GreenLine Carriers,Truck,Express,4488.9,32385,Delivered
SHP-000887,2024-02-12,2024-02-12,2024-02-13,Bombay,pune,152.4,BharatCargo,Truck,Standard,14043.5,12285,Delivered
SHP-000508,21/04/2024,2024-04-22,2024-04-26,Hyderabad,Patna,1579.4, BharatCargo,Truck,Standard,5445.5,36138,Delivered
SHP-000987,2024-08-14,15-08-2024,2024-08-20,Mumbai,Lucknow,1553.4,RapidFreight,Container,Standard,9107.1,57544,Delivered
SHP-001386,2024-01-14,2024-01-14,15/01/2024,Delhi,jaipur,289.5,BharatCargo,Mini Truck,Express,756.8,"₹5,475",Delivered
SHP-001857,29/07/2024,2024-07-30,2024-08-02,Mumbai,Hyderabad ,813.1,null,Truck,Express,5161.2 kg,28394,Delivered
SHP-001564,2024-10-23,2024-10-25,2024-10-28,ahmedabad,Mumbai ,551.5,BharatCargo,Container,Standard,22349.2,26358,Delivered
SHP-001613,2024-08-06,2024-08-06,2024-08-10,Chennai,Pune,1171.2,SafeHaul,Container,Express,15418.7,68798,Delivered
SHP-001695,2024-08-24,25/08/2024,2024-08-31,Chennai,Patna,1955.9,SafeHaul,Container,Standard,7031.4,69008,Delivered
SHP-000483,12-11-2024,2024-11-15,2024-11-21,Kolkata,Jaipur,1741.7,RapidFreight,-,Standard,4278.2,38881,Delivered
SHP-000757,2024-07-04,2024-07-04,2024-07-09,Mumbai ,Patna,1960.0,TransIndia Logistics,Container,Standard,19591.2,"₹76,896",Delivered
SHP-000556,2024-09-02,2024-09-04,2024-09-08,Mumbai,Madras,1327.4,GreenLine Carriers,Truck,Standard,9425.6,36403,Delivered
SHP-000716,2024-10-17,17-10-2024,2024-10-21,Delhi,PATNA,1152.3,BharatCargo,Truck,Standard,4663.1,31936,Delivered
SHP-000734,2024-05-12,2024-05-12,15-05-2024,Mumbai,Chennai,1323.2,BharatCargo,Container,Express,12149.3,"₹64,108",Delivered
SHP-000949,2024-07-25,2024-07-25,2024-07-29,Hyderabad,Kolkata,1598.5,RapidFreight,Container,Express,17719.5,72894,Delivered 
SHP-000262,2024-12-21,2024-12-23,2024-12-27,Hyderabad,Kolkata,NA,BharatCargo,Truck,Standard,7724.3,35684,Delivered
SHP-000479,2024-07-05,2024-07-06,11-07-2024,Calcutta,Jaipur,1596.7,SafeHaul,Container,Standard,14741.7,"INR 52,824",Delivered
SHP-001007,2024-07-21,2024-07-22,2024-07-26,Ahmedabad,Bengaluru,N/A,BharatCargo,Container,Express,9347.7,null,Delivered
SHP-000241,2024-11-11,2024-11-14,2024-11-16,Hyderabad,Chennai,660.6,TransIndia Logistics,Container,Standard,12342.0,"₹29,134",Delivered
SHP-001840,2024-01-25,2024-01-26,2024-01-31,Chennai,Ahmedabad,1732.1,TransIndia Logistics,Truck,Express,14065.6,53989,Delivered
SHP-000846,12-09-2024,2024-09-12,2024-09-17,Hyderabad,Ahmedabad,1122.3,BharatCargo,Mini Truck,Standard,202.6,"₹12,318",Delivered
SHP-001119,2024-06-17,2024-06-18,2024-06-21,Bombay,Jaipur,1173.0,RapidFreight,Truck,Standard,18000.0,"₹39,545",Delivered
SHP-001166,2024-01-11,2024-01-11,2024-01-16,Hyderabad,Delhi,1635.0,BharatCargo,Truck,Standard,1735.2,39695,Delivered
SHP-001481,2024-12-28,2024-12-29,,Bangalore,Lucknow ,1964.8,RapidFreight,Truck,Standard,18000.0,54880,In Transit
SHP-000573,2024-10-26,27/10/2024,2024-10-29,Bengaluru,Hyderabad,681.6,RapidFreight,Truck,Standard,1476.6,15827,Delivered
SHP-000366,06/02/2024,2024-02-07,2024-02-12,Bangalore,Jaipur,1963.3,SafeHaul,Truck,Standard,1472.2,"₹43,739",Delivered
SHP-001647,2024-10-28,2024-10-30,2024-11-03,Mumbai,jaipur,1213.6,SafeHaul,Mini Truck,Standard,1775.3 kg,"₹18,216",Delivered
SHP-001836,2024-03-24,2024-03-25,2024-03-26,Delhi,Jaipur,282.8,BharatCargo,Truck,Standard,6336.4,10778,Delivered
SHP-000612,2024-11-06,2024-11-07,2024-11-12,kolkata,Bengaluru,1976.4,SafeHaul,Container,Standard,13211.4,74915,Delivered
SHP-001288,2024-03-18,18-03-2024,null,Mumbai,jaipur,1254.2,RapidFreight,Container,Express,20411.6,64789,Delivered
SHP-001570,2024-10-14,2024-10-15,20/10/2024,Bengaluru,Kolkata,1893.2,BharatCargo,Truck,Express,9286.9,58379,Delivered
SHP-000782,2024-03-29,2024-03-30,03-04-2024,Ahmedabad,Hyderabad,1090.3,NA,Mini Truck,Express,804.0,15432,Delivered
SHP-000072,2024-04-18,2024-04-21,2024-04-26,Bengaluru,Ahmedabad,1566.3,GreenLine Carriers,Mini Truck,Standard,1108.9,20339,Delivered
SHP-001700,2024-10-28,2024-10-29,2024-10-30,Chennai,Bengaluru,358.6,TransIndia Logistics,Truck,Standard,6115.3,11331,Delivered
SHP-000260,24/01/2024,2024-01-25,null,Kolkata,Delhi,1674.1,TransIndia Logistics,Container,Express,11516.3 kg,"₹74,090",Delivered
SHP-000052,10-03-2024,2024-03-12,19-03-2024,Delhi,Bengaluru,2108.9,SafeHaul,Container,Standard,15042.6,79877,Delivered
SHP-000199,19-12-2024,2024-12-20,2024-12-22,Delhi,Lucknow,519.3,GreenLine Carriers,Truck,Express,8545.2,21752,Delivered
SHP-001789,2024-11-03,05-11-2024,2024-11-09,Hyderabad,Patna,1410.3,TransIndia Logistics,Truck,Standard,5193.8,"INR 29,723",Delivered
SHP-001264,2024-07-24,25-07-2024,2024-07-29,Ahmedabad,Bengaluru,1601.1,TransIndia Logistics,N/A,Standard,20278.5,72365,Delivered
SHP-000333,2024-10-11,14-10-2024,2024-10-20,Chennai,Jaipur,2089.5,BharatCargo,Truck,Standard,5011.3,"₹46,422",Delivered
SHP-001388,2024-10-02,2024-10-03,2024-10-07,Mumbai,Lucknow,N/A,RapidFreight,Container,Standard,15329.3,49435,Delivered
SHP-001658,2024-02-02,2024-02-02,06-02-2024,Hyderabad,jaipur,1449.4,RapidFreight,Container,Standard,11443.9,"₹47,916",Delivered 
SHP-001848,22-04-2024,22-04-2024,2024-04-27,Kolkata,Pune,1987.4,SafeHaul,Container,Standard,17901.1,"INR 70,404",Delivered
SHP-000694,04/08/2024,2024-08-05,,Mumbai,Jaipur,1179.9,SafeHaul,Air Cargo,Standard,284.8,37279,Delivered
SHP-001527,05-03-2024,2024-03-06,2024-03-09,Mumbai,Patna,1875.3,RapidFreight,Air Cargo,Standard,179.5 kg,56888,Delivered
SHP-000495,2024-05-16,2024-05-17,2024-05-18,Chennai,Bengaluru,379.8,BharatCargo,Truck,Standard,2621.2,9978,Delivered
SHP-001356,2024-04-02,2024-04-02,2024-04-03,Delhi,Jaipur,299.3,RapidFreight,Mini Truck,Standard,733.7,4350,Delivered
SHP-000916,2024-12-29,2024-12-31,2025-01-02,Ahmedabad,Mumbai,581.8,BharatCargo,Container,Standard,12141.2,,Delivered
SHP-001425,15/04/2024,2024-04-18,2024-04-24,Mumbai,bangalore,1066.4,TransIndia Logistics,Mini Truck,Standard,983.3,14336,Delivered
SHP-000427,2024-04-18,2024-04-19,2024-04-23,Mumbai ,Chennai,1331.4,RapidFreight,Mini Truck,Standard,681.5,"INR 18,207",Delivered
SHP-000589,01-05-2024,2024-05-02,2024-05-06,Delhi,Pune,1503.3, GreenLine Carriers,Container,Standard,12170.0,52771,Delivered
SHP-001842,2024-08-29,2024-08-29,2024-09-03,Kolkata,Lucknow,1124.2,BharatCargo,Mini Truck,Standard,723.9,13131,Delivered
SHP-000614,29/10/2024,2024-10-30,2024-11-02,Ahmedabad,Hyderabad,1197.8,TransIndia Logistics,Container,Standard,13032.9,41197,delivered
SHP-001408,06/12/2024,2024-12-07,2024-12-08,Delhi,Jaipur,276.3,SafeHaul,Truck,Express,9936.3,16561,Delivered
SHP-000788,2024-06-03,04/06/2024,2024-06-08,Mumbai,Delhi,1471.2,SafeHaul,Truck,Standard,11434.8,43488,Delivered
SHP-001665,2024-08-20,2024-08-21,2024-08-24,Ahmedabad,Hyderabad,1140.4,TRANSINDIA LOGISTICS,Truck,Standard,5131.8,29029,DELIVERED
SHP-001341,2024-12-31,31-12-2024,,New Delhi,Bengaluru,2390.8,RapidFreight,Container,Standard,18763.7,"₹93,233",In Transit
SHP-001085,2024-04-27,2024-04-28,2024-05-02,Ahmedabad,Hyderabad,-,RapidFreight,Mini Truck,Express,2397.8 kg,"INR 20,461",Delivered
SHP-000399,2024-12-17,17-12-2024,2024-12-23,Bengaluru,Delhi,2223.5,SafeHaul,Container,Standard,28000.0,90867,delivered
SHP-001248,2024-07-19,2024-07-20,2024-07-24,Mumbai,Lucknow ,1602.9,GreenLine Carriers,Container,Express,8215.5,69883,Delivered
SHP-000463,2024-02-24,25-02-2024,2024-02-29,ahmedabad,Hyderabad,1152.6,RapidFreight,Mini Truck,Express,334.7,18469,Delivered
SHP-000437,2024-11-30,2024-12-03,2024-12-08,Delhi,Pune,1508.4,BharatCargo,Truck,Standard,4489.9,36365,Delivered
SHP-000193,07-02-2024,2024-02-07,,Delhi,Ahmedabad,1015.0,BharatCargo,Truck,Express,6861.5,31411,Delivered
SHP-001466,2024-07-25,26/07/2024,2024-07-31,Chennai,Patna,1819.3,RapidFreight,Truck,Standard,4220.9,42585,Delivered
SHP-000789,2024-11-01,2024-11-02,04-11-2024,Hyderabad,Chennai,677.9,RapidFreight,Truck,Express,,22299,Delivered
SHP-000293,2024-09-17,2024-09-18,2024-09-22,Ahmedabad,Bengaluru,1545.6,SafeHaul,Container,Standard,13321.7,54261,Delivered
SHP-001572,2024-03-31,2024-04-02,2024-04-04,Kolkata,pune,1959.0,BharatCargo,Air Cargo,Standard,null,78448,Delivered
SHP-001985,2024-08-12,2024-08-13,15-08-2024,Kolkata,Mumbai,2112.8,TransIndia Logistics,Air Cargo,Express,102.4,82494,Delivered
SHP-001960,2024-09-03,2024-09-04,2024-09-08,Kolkata,Jaipur,1660.6,RAPIDFREIGHT,Container,Standard,12112.8,"₹71,268",Delivered
SHP-000906,2024-05-28,2024-05-29,2024-06-03,Kolkata,Pune,1989.8,RapidFreight,Truck,Standard,5211.1,50946,delivered
SHP-001269,2024-12-12,2024-12-12,2024-12-14,Bengaluru,pune,865.8,SafeHaul,Container,Standard,13810.3,40540,DELIVERED
SHP-000142,19-10-2024,2024-10-20,22-10-2024,Bengaluru,Jaipur,2099.9,RapidFreight,Air Cargo,Standard,164.9,71481,Delivered
SHP-000941,2024-05-20,21-05-2024,23-05-2024,Mumbai,Ahmedabad,535.0,BharatCargo,Truck,Express,null,"INR 20,340",Delivered
SHP-000003,2024-08-12,2024-08-13,2024-08-17,Hyderabad,Delhi,1430.9,TransIndia Logistics,Truck,Standard,2155.7,29785,Delivered
SHP-001668,2024-11-02,2024-11-02,2024-11-06,Mumbai,Jaipur,1212.7,RapidFreight,Truck,Standard,3778.2,28534,Delivered
SHP-000713,2024-10-23,2024-10-23,2024-10-27,Hyderabad,Jaipur,1319.0,SafeHaul,Truck,Standard,3379.0 kg,33078,Delivered
SHP-001914,2024-10-06,2024-10-07,null,Bangalore,Mumbai,1121.1,BharatCargo,Mini Truck,Standard,1742.4 kg,"INR 16,202",Delivered
SHP-001597,2024-02-18,2024-02-18,21-02-2024,Delhi,Patna,-,RapidFreight,Truck,Standard,6785.9,"₹28,068",Delivered 
SHP-000340,2024-03-05,2024-03-05,2024-03-08,ahmedabad,Hyderabad,1117.5,N/A,Truck,Standard,4801.4,"₹27,755",Delivered
SHP-001770,2024-02-01,2024-02-01,N/A,Hyderabad,Patna,1357.3,BharatCargo,Mini Truck,Standard,977.3,"INR 20,523",Delivered
SHP-000409,2024-01-07,2024-01-10,2024-01-16,Delhi,Chennai,2315.9,GreenLine Carriers,Truck,Standard,4729.8,51638,Delivered
SHP-000515,2024-04-17,2024-04-18,22-04-2024,Bombay,Lucknow,1589.1,BharatCargo,Truck,Standard,3837.0,39516,Delivered
SHP-000266,29-02-2024,2024-02-29,02-03-2024,Delhi,Lucknow ,555.5,BharatCargo,Truck,Standard,10352.2,18932,Delivered
SHP-000377,2024-11-23,2024-11-24,2024-11-29,Ahmedabad,Chennai,1724.8,BharatCargo,Truck,Express,6379.0,50838,Delivered
SHP-001657,2024-11-15,2024-11-16,2024-11-20,Mumbai ,Jaipur,1156.1,RapidFreight,Mini Truck,Express,743.4,"₹18,176",Delivered
SHP-001499,2024-01-25,2024-01-25,2024-01-29,Mumbai ,Lucknow,1428.0,BharatCargo,Container,Standard,7477.1,"INR 57,102",Delivered
SHP-000440,2024-10-12,2024-10-14,2024-10-19,Kolkata,Bengaluru,1879.6,TransIndia Logistics,Truck,Standard,5418.8,42511,Delivered
SHP-000272,2024-02-13,2024-02-14,2024-02-19,Delhi,Patna,1111.2,BharatCargo,Mini Truck,Standard,908.7,13649,Delivered
SHP-000185,2024-12-18,2024-12-19,2024-12-25,Chennai,Delhi,2233.4,SafeHaul,Truck,Express,8733.8 kg,67371,Delivered
SHP-002000,23-02-2024,2024-02-23,2024-02-29,Bengaluru,Delhi,2380.8,BharatCargo ,Truck,Standard,2669.8,"₹56,871",Delivered
SHP-000245,2024-06-17,2024-06-17,2024-06-23,Kolkata,Bengaluru,2011.8,BharatCargo,Truck,Standard,2235.1,"₹45,438",Delivered
SHP-000939,2024-12-01,2024-12-01,2024-12-02,Hyderabad,Kolkata,1451.2,-,Air Cargo,Express,287.0,61011,DELIVERED
SHP-000545,2024-04-03,2024-04-05,2024-04-09,Delhi,Hyderabad,1592.6,TransIndia Logistics,Container,Standard,16967.1,62779,Delivered
SHP-000528,2024-02-29,2024-02-29,2024-03-03,Ahmedabad,Delhi,997.0,BharatCargo,Truck,Standard,5093.2,"₹22,933",Delivered
SHP-000446,2024-10-13,2024-10-13,null,Chennai,Hyderabad,634.1,RapidFreight,Truck,Standard,9874.9,"INR 21,709",Delivered
SHP-000620,2024-02-02,2024-02-02,03-02-2024,DELHI,Jaipur,313.3,SafeHaul,Mini Truck,Express,798.7,6302,Delivered
SHP-001336,2024-01-05,2024-01-05,2024-01-11,hyderabad,New Delhi,1681.4,BharatCargo,Truck,Standard,3283.1,39599,Delivered
SHP-001424,25/03/2024,2024-03-26,2024-03-30,Mumbai,Madras,1367.3,BharatCargo,Truck,Express,4189.7,38195,Delivered
SHP-001488,13-06-2024,2024-06-14,2024-06-20,Bengaluru,Ahmedabad,1656.3,BharatCargo,Truck,Standard,5954.3,43352,DELIVERED
SHP-001344,2024-11-17,2024-11-18,2024-11-22,Kolkata,Hyderabad,1559.7,RapidFreight,Truck,Standard,4138.3,"₹37,810",Delivered
SHP-000818,2024-10-09,2024-10-10,2024-10-13,Bengaluru,Chennai,367.8,RapidFreight,Mini Truck,Standard,1237.0,5659,Delivered
SHP-000707,2024-09-25,2024-09-26,2024-09-28,Hyderabad,Bengaluru,605.0,RapidFreight,Mini Truck,Standard,1367.9,9191,Delivered
SHP-000416,2024-09-04,2024-09-06,2024-09-09,Mumbai,Hyderabad,811.8,BharatCargo,Mini Truck,Standard,883.8 kg,11216,Delivered
SHP-000274,2024-07-07,2024-07-07,2024-07-09,Kolkata,Bengaluru,2036.0,BharatCargo,Air Cargo,Standard,276.4,64409,Delivered
SHP-000758,2024-07-16,2024-07-16,2024-07-18,Ahmedabad,mumbai,NA,RapidFreight,Mini Truck,Standard,681.9,6674,Delivered
SHP-000251,2024-07-26,2024-07-27,2024-08-01,kolkata,Hyderabad,1547.5,GreenLine Carriers,Mini Truck,Standard,440.8,17634,Delivered
SHP-000414,2024-07-31,03-08-2024,2024-08-08,hyderabad,Ahmedabad,1137.1,TRANSINDIA LOGISTICS,Mini Truck,Standard,420.1,13321,Delivered
SHP-001335,2024-07-16,2024-07-17,19-07-2024,Ahmedabad,Patna,1693.2,TransIndia Logistics,Air Cargo,Standard,271.1 kg,52659,Delivered
SHP-000311,2024-03-01,2024-03-01,2024-03-03,Bengaluru,Patna,N/A,RapidFreight ,Air Cargo,Express,60.6,66561,delivered
SHP-001612,08-08-2024,2024-08-08,12-08-2024,chennai,Kolkata,1777.7,BharatCargo,Container,Express,7411.8,84057,Delivered
SHP-000582,2024-09-25,26/09/2024,02-10-2024,Bengaluru,Lucknow,2054.6,RapidFreight,Container,Express,13745.4,98620,Delivered
SHP-000426,2024-02-20,21-02-2024,2024-02-22,Hyderabad,Jaipur,1344.7,transindia logistics,Air Cargo,Express,-,58537,delivered
SHP-001919,2024-08-24,25-08-2024,30/08/2024,Kolkata,Pune,1999.3,RapidFreight,Truck,Express,12410.6,63587,Delivered
SHP-000986,2024-01-18,2024-01-18,2024-01-21,Ahmedabad,Delhi,1001.7,RapidFreight,Truck,Express,4833.5,31248,Delivered
SHP-001888,29-01-2024,2024-01-30,2024-02-04,Delhi,Kolkata,1636.9,RapidFreight,Container,Standard,15407.1,"₹56,963",Delivered
SHP-001384,2024-03-29,30-03-2024,04/04/2024,Ahmedabad,Chennai,1799.1,GreenLine Carriers,Truck,Standard,null,46284,Delivered
SHP-000721,2024-03-21,2024-03-22,2024-03-29,Bengaluru,Patna,2120.7,RapidFreight,Truck,Standard,4732.7,48963,Delivered
SHP-001826,09/12/2024,10-12-2024,13-12-2024,Delhi,Patna,1049.4,GreenLine Carriers,Mini Truck,Standard,1440.2,16204,Delivered
SHP-000571,2024-02-29,01-03-2024,2024-03-02,Mumbai,pune,146.9,BharatCargo,Mini Truck,Express,1381.9,4214,Delivered
SHP-000527,2024-11-19,21/11/2024,2024-11-25,Ahmedabad,Delhi,1023.6,GreenLine Carriers,Truck,Standard,18000.0,29248,Delivered
SHP-000586,2024-10-27,2024-10-28,2024-11-02,Kolkata,Pune,2016.5,BharatCargo,Container,Standard,10584.1,"₹67,445",Delivered
SHP-001134,2024-07-29,2024-07-30,2024-08-06,Chennai,Delhi,2173.1,SafeHaul,Truck,Standard,2168.0 kg,51081,Delivered
SHP-000183,10-05-2024,2024-05-13,2024-05-17,bangalore,Mumbai,1114.5,SafeHaul,Mini Truck,Standard,1323.1,14098,Delivered
SHP-000171,2024-07-18,19-07-2024,2024-07-25,Mumbai,Bengaluru ,1127.6,BharatCargo,Truck,Standard,7071.6,27126,Delivered
SHP-000585,2024-07-13,2024-07-13,17/07/2024,Ahmedabad,Hyderabad,1122.8,TransIndia Logistics,Mini Truck,Express,1313.8,17855,Delivered
SHP-000611,2024-11-08,2024-11-09,2024-11-14,Calcutta,Delhi,1695.3,TransIndia Logistics,Truck,Standard,5288.9,34781,Delivered
SHP-001921,2024-10-22,2024-10-23,26/10/2024,Bangalore,Mumbai,1005.8,TransIndia Logistics,Truck,Standard,7891.4,27226,Delivered
SHP-001687,2024-07-10,2024-07-11,2024-07-16,Bengaluru,Ahmedabad,1620.5,BharatCargo,Container,Standard,9171.4,56618,Delivered
SHP-001526,2024-10-06,2024-10-06,08/10/2024,Delhi ,Kolkata,1629.9,GreenLine Carriers,Air Cargo,Standard,282.2,58475,Delivered
SHP-001615,2024-10-04,2024-10-05,2024-10-02,Hyderabad,PATNA,1536.1,SafeHaul,Truck,Standard,7898.7,37660,Delivered
SHP-000273,2024-11-10,2024-11-10,12-11-2024,delhi,Lucknow,526.3,BharatCargo,Truck,Standard,4595.6,14310,Delivered
SHP-001583,2024-04-22,2024-04-24,2024-04-29,Bengaluru,ahmedabad,1643.6,SafeHaul,Truck,Standard,4356.8,42693,Delivered
SHP-001525,21-02-2024,2024-02-22,NA,Chennai,pune,1157.7,SafeHaul,Air Cargo,Express,101.3,"₹47,089",Delivered
SHP-000938,2024-09-04,2024-09-06,11/09/2024,Delhi,Patna,1093.3,GreenLine Carriers,Truck,Standard,1152.2 kg,25965,Delivered
SHP-000372,2024-01-03,2024-01-03,09-01-2024,mumbai,Calcutta,2378.7,SafeHaul,Container,Express,11747.0,98195,Delivered
SHP-000223,2024-06-14,2024-06-14,19-06-2024,Calcutta,jaipur,1683.2,SafeHaul,Container,Standard,21601.5,76245,Delivered
SHP-001062,08-08-2024,2024-08-11,2024-08-16,kolkata,Pune,2064.0,GreenLine Carriers,Container,Standard,18320.6,"₹85,992",DELIVERED
SHP-000584,2024-09-13,2024-09-14,16-09-2024,Mumbai,Ahmedabad,572.3,TransIndia Logistics,Truck,Express,5469.6,17931,Delivered
SHP-001808,26-08-2024,26/08/2024,28/08/2024,Bengaluru,Lucknow,N/A, RapidFreight,Air Cargo,Express,189.3,87781,Delivered
SHP-000519,2024-09-13,2024-09-13,2024-09-19,Delhi,Ahmedabad,1020.9,RapidFreight,Truck,Standard,8458.8,"INR 29,943",Returned
SHP-000335,2024-09-18,19/09/2024,2024-09-21,Delhi,Lucknow,532.7,TransIndia Logistics,Truck,Standard,6674.9,"₹14,900",Delivered
SHP-000722,15/11/2024,2024-11-16,22/11/2024,Bengaluru,Jaipur,2048.4,GreenLine Carriers,Mini Truck,Express,1219.6,30637,Delivered
SHP-001193,17-01-2024,2024-01-19,N/A,Hyderabad,Bengaluru,637.2,BharatCargo,Container,Standard,24777.2,32266,Delivered
SHP-001076,2024-10-10,2024-10-11,2024-10-15,Mumbai,Bengaluru,1045.8,RapidFreight,Mini Truck,Standard,846.9 kg,14025,Delivered
SHP-001684,2024-04-20,2024-04-20,22-04-2024,Mumbai,Hyderabad,705.3,SafeHaul,Truck,Standard,11632.8,21576,Delivered
SHP-000016,2024-09-04,07-09-2024,2024-09-16,Mumbai,Kolkata,2178.7,SafeHaul,Container,Standard,19463.5,81797,Delivered
SHP-001491,2024-04-23,2024-04-24,2024-04-28,Delhi,Hyderabad ,1562.2,TransIndia Logistics,Truck,Standard,7154.6,"₹38,394",Delivered
SHP-001853,2024-09-27,2024-09-28,2024-10-03,Bengaluru,kolkata,1873.3,BHARATCARGO,Container,Standard,17677.2,93169,Delivered
SHP-001573,2024-12-17,20/12/2024,2024-12-25,kolkata,Chennai,1849.8,null,Container,Standard,20328.8,"₹71,077",Delivered
SHP-001915,30-10-2024,30-10-2024,2024-11-03,Delhi,PATNA,,BharatCargo,Truck,Express,11017.4,36657,Delivered
SHP-001180,2024-03-10,2024-03-10,2024-03-14,Mumbai,Hyderabad,774.3,BharatCargo,Mini Truck,Standard,1493.9,"₹11,834",Delivered
SHP-000939,2024-12-01,2024-12-01,2024-12-02,Hyderabad,Kolkata,1451.2,-,Air Cargo,Express,287.0,61011,DELIVERED
SHP-000466,15-02-2024,2024-02-17,2024-02-22,Chennai,Delhi,2080.2,RapidFreight,Container,Standard,142590.0,"₹69,680",Delivered
SHP-000953,2024-01-29,2024-01-30,2024-02-01,Mumbai,Ahmedabad,563.5,TransIndia Logistics,Truck,Standard,18000.0,26991,Delivered
SHP-000200,2024-12-10,2024-12-10,2024-12-14,Mumbai,Chennai,1325.4,TransIndia Logistics,Container,Standard,12455.9,55428,Delivered
SHP-001233,2024-07-08,2024-07-09,2024-07-16,Delhi,Chennai,2274.6,BharatCargo,Container,Express,13469.1,105559,Delivered
SHP-001112,22-10-2024,2024-10-22,2024-10-26,Bengaluru,Pune,904.4,RapidFreight,Truck,Express,4812.1,"INR 28,879",Delivered
SHP-001158,2024-08-16,2024-08-17,2024-08-22,Delhi,Kolkata,1820.2,SafeHaul,Container,Express,7921.1,"₹72,207",Delivered
SHP-001702,2024-04-20,22-04-2024,2024-04-27,Ahmedabad,Chennai,1778.0,BharatCargo,Truck,Standard,16376.0,50772,Delivered
SHP-000880,2024-04-30,2024-05-01,2024-05-08,Kolkata,Ahmedabad,2028.2,TransIndia Logistics,Truck,Standard,6862.0,49195,returned
SHP-001311,2024-02-08,2024-02-09,2024-02-13,Mumbai,Lucknow,1483.2,SafeHaul,Container,Express,17642.8,"₹69,405",Delivered
SHP-001950,2024-09-07,2024-09-08,2024-09-12,Ahmedabad,Hyderabad ,1097.2,RapidFreight,Truck,Standard,9129.1,25095,DELIVERED
SHP-001681,2024-08-31,2024-08-31,2024-09-04,Chennai,mumbai,1287.4,GreenLine Carriers,Mini Truck,Express,647.7,"INR 20,323",Delivered
SHP-001361,2024-11-06,09/11/2024,N/A,Calcutta,Pune,2118.8,BharatCargo,Container,Standard,16164.9,81944,Delivered
SHP-000695,2024-08-22,2024-08-23,2024-08-24,ahmedabad,Pune,638.5,SafeHaul,Air Cargo,Standard,85.8 kg,24176,Delivered
SHP-000591,26/07/2024,2024-07-26,01-08-2024,Ahmedabad,Patna,1564.3,SafeHaul,Container,Standard,14749.3,64733,Delivered
SHP-000044,2024-04-25,2024-04-28,2024-05-03,Mumbai,Kolkata,2050.7,safehaul,Container,Standard,8509.2,null,Delivered
SHP-000275,2024-11-25,28/11/2024,2024-12-05,Chennai,Delhi,2276.0,RapidFreight,Truck,Standard,12394.9,63156,Delivered
SHP-001222,2024-05-23,2024-05-23,2024-05-26,Mumbai,Jaipur,1145.4,,Truck,Standard,17436.6,32749,delivered
SHP-000102,2024-05-24,26-05-2024,2024-06-01,Madras,Lucknow,2047.6,BharatCargo,Mini Truck,Standard,270.8,25441,Delivered
SHP-000904,2024-04-14,2024-04-14,2024-04-19,Bengaluru,Ahmedabad,1619.7,RapidFreight,Truck,Standard,5354.4,"₹37,937",Delivered
SHP-000756,06/08/2024,2024-08-07,2024-08-09,Mumbai,Pune,170.4,RapidFreight,NA,Standard,4493.8,"INR 6,600",Delivered
SHP-000999,2024-09-09,2024-09-09,2024-09-11,Ahmedabad,Patna,1720.7,TRANSINDIA LOGISTICS,Air Cargo,Standard,99.4,NA,Delivered
SHP-000108,2024-09-03,2024-09-05,2024-09-09,Mumbai,Jaipur,1237.0,BharatCargo,Container,Standard,16123.7 kg,46523,delivered
SHP-001351,09-08-2024,2024-08-09,2024-08-14,Hyderabad,Kolkata,1485.3,RapidFreight,Mini Truck,Express,467.5,22542,Delivered
SHP-000498,23/12/2024,2024-12-23,2024-12-28,Kolkata,Bengaluru,1869.4,RapidFreight,Truck,Express,NA,55847,Delivered
SHP-000100,2024-07-24,2024-07-25,-,Ahmedabad,Chennai,1669.6,TransIndia Logistics,Truck,Standard,8257.0,47317,Delivered
SHP-000917,2024-03-12,13-03-2024,2024-03-18,DELHI,Kolkata,1614.2,BharatCargo,Truck,Standard,-,46061,Delivered
SHP-001272,30/12/2024,2024-12-30,,Mumbai,Hyderabad,838.9, BharatCargo,Mini Truck,Standard,NA,10866,in transit
SHP-001125,2024-09-27,2024-09-28,2024-10-02,Bengaluru,Bombay,1113.0,GreenLine Carriers,Truck,Standard,12444.2,33126,Delivered
SHP-001133,2024-10-11,2024-10-12,2024-10-16,Delhi,Hyderabad,1633.6,SafeHaul,Container,Express,null,"INR 73,391",Delivered
SHP-001325,2024-12-05,2024-12-07,11-12-2024,Mumbai,Lucknow,1597.6,RapidFreight,Truck,Standard,8086.0,"INR 37,902",Delivered
SHP-001717,2024-09-12,14-09-2024,2024-09-20,Mumbai,Kolkata,2097.2,BharatCargo,Truck,Standard,5511.7,49351,Delivered
SHP-000618,2024-06-23,2024-06-23,2024-06-25,Mumbai,Patna,1804.3,SafeHaul,Air Cargo,Standard,678.1,71185,Delivered
SHP-000073,2024-03-18,19-03-2024,2024-03-23,Hyderabad,Jaipur,1375.9,SafeHaul,Truck,Standard,16738.3 kg,39470,Delivered
SHP-000781,2024-03-11,2024-03-12,2024-03-15,Mumbai,jaipur,1181.5,RapidFreight,Truck,Standard,6122.2,"INR 31,017",Delivered
SHP-001241,01-04-2024,2024-04-02,2024-04-04,Hyderabad,Chennai,639.8,GreenLine Carriers,Mini Truck,Standard,311.0,"INR 8,628",Delivered
SHP-001194,2024-12-16,2024-12-16,17/12/2024,Ahmedabad,Delhi,1033.1,BharatCargo,Air Cargo,Express,304.6,49636,Delivered
SHP-001515,2024-12-06,06-12-2024,2024-12-11,Hyderabad,Patna,1464.5,SafeHaul,Truck,Express,5240.0,44926,Delivered
SHP-000482,2024-08-27,2024-08-30,03/09/2024,Mumbai,Chennai,1264.2,TransIndia Logistics,Container,Standard,17709.1,42211,Delivered
SHP-001369,2024-04-03,2024-04-05,2024-04-09,Delhi,Pune,1566.7,BharatCargo,Container,Standard,15143.6,"INR 49,004",Delivered
SHP-000507,2024-06-19,2024-06-19,2024-06-23,Bombay,Chennai,1424.5,TRANSINDIA LOGISTICS,Container,Standard,20506.8 kg,58991,Delivered
SHP-000702,2024-03-18,18/03/2024,2024-03-22,Mumbai,Delhi,1458.4,TransIndia Logistics,Truck,Express,5929.6,45530,Delivered
SHP-000830,2024-09-24,2024-09-24,2024-09-25,Mumbai,Hyderabad,804.3,RapidFreight,Air Cargo,Standard,46.9,26440,Delivered
SHP-001081,2024-04-23,23-04-2024,2024-04-26,Mumbai,Bengaluru,1156.7,RAPIDFREIGHT,Truck,Express,9002.4,"INR 33,696",Delivered 
SHP-000768,2024-05-10,2024-05-11,NA,Delhi,Bombay,1465.5,TransIndia Logistics,Container,Standard,21500.4,"₹58,621",Delivered
SHP-001652,2024-10-09,2024-10-10,2024-10-12,Mumbai,Ahmedabad,555.6,SafeHaul,Truck,Standard,8376.7,"INR 17,773",Delivered
SHP-001443,2024-03-14,2024-03-17,2024-03-19,Delhi,Lucknow,486.6,SafeHaul,Mini Truck,Standard,1063.4,6762,Delivered
SHP-000312,2024-12-25,27-12-2024,2024-12-29,Bengaluru ,Jaipur,2037.3,GreenLine Carriers,Air Cargo,Standard,84.6,63341,Delivered
SHP-000860,2024-06-25,2024-06-26,2024-06-30,Bengaluru,Ahmedabad,1559.4,RapidFreight,Truck,Standard,4617.6 kg,36318,Delivered
SHP-000406,2024-03-10,2024-03-12,2024-03-17,Hyderabad,Jaipur,NA,RapidFreight,Mini Truck,Standard,718.2,17248,Delivered
SHP-000951,2024-10-11,2024-10-12,2024-10-14,Bengaluru,Chennai,390.3,TransIndia Logistics,Mini Truck,Standard,1397.5,6042,Delivered
SHP-001170,2024-01-02,2024-01-02,2024-01-07,Delhi ,Mumbai,1422.8,RapidFreight,Mini Truck,Standard,389.6,"₹18,270",Delivered
SHP-000310,10/10/2024,2024-10-11,2024-10-13,delhi,Pune,1516.5,SafeHaul,Air Cargo,Express,305.1,"₹63,904",Delivered
SHP-000227,12-02-2024,2024-02-15,2024-02-18,Delhi,Hyderabad,1562.1,BharatCargo,Air Cargo,Standard,124.5,52738,Delivered
SHP-001736,2024-09-15,2024-09-16,2024-09-18,Chennai,Patna,2036.8,TransIndia Logistics,Air Cargo,Standard,103.5,60758,Delivered
SHP-000737,2024-10-04,2024-10-05,2024-10-09,Bombay,Delhi,1476.5,BharatCargo,Container,Standard,8152.4,52047,Delivered
SHP-001562,2024-06-23,2024-06-23,2024-06-29,Kolkata,Mumbai,2144.6,SafeHaul,Truck,Standard,5688.8,"₹50,443",Delivered
SHP-000858,11-09-2024,12/09/2024,16-09-2024,Hyderabad,pune,633.9,SafeHaul,Mini Truck,Standard,389.4,"INR 7,608",Delivered
SHP-000825,2024-12-06,2024-12-07,2024-12-09,Hyderabad,Bengaluru,606.9,TransIndia Logistics,Truck,Express,1403.6,15522,Delivered
SHP-000149,2024-06-28,2024-07-01,2024-07-07,Bengaluru,Jaipur,1909.9,SafeHaul,Truck,Standard,13017.5,47824,Delivered
SHP-000651,2024-05-27,2024-05-28,2024-05-30,Bengaluru,Chennai,371.0,SafeHaul,Mini Truck,Standard,1000.1,6441,Delivered
SHP-001510,2024-06-21,22-06-2024,24/06/2024,Chennai,Jaipur,2053.9,SafeHaul,Air Cargo,Standard,718.0,68230,Delivered
SHP-001724,22-09-2024,2024-09-23,25/09/2024,Kolkata,Patna,579.0,BharatCargo,Truck,Standard,9849.6 kg,17874,Delivered
SHP-001987,07/01/2024,2024-01-07,2024-01-11,Mumbai,Lucknow,1588.7,GreenLine Carriers,Container,Express,28000.0,81000,Delivered
SHP-001897,2024-06-10,2024-06-10,14-06-2024,kolkata,delhi,1542.2,RapidFreight,Container,Standard,7777.7,58832,DELIVERED
SHP-000576,2024-06-07,08-06-2024,2024-06-14,Bengaluru,Ahmedabad,1617.7,GreenLine Carriers,Truck,Express,2367.0,,Delivered
SHP-000558,2024-03-15,2024-03-18,2024-03-23,Bengaluru,Jaipur,1901.6,RapidFreight,Container,Standard,6513.4,66437,Delivered
SHP-001304,2024-07-31,2024-08-01,03-08-2024,Mumbai,Hyderabad,801.2,BharatCargo,Container,Express,7959.0,"₹39,330",Delivered
SHP-001182,28/02/2024,28-02-2024,2024-03-02,DELHI,Ahmedabad,960.8,RapidFreight,Mini Truck,Standard,1602.0,12574,Delivered
SHP-001375,2024-02-21,2024-02-23,N/A,Ahmedabad,Pune,718.6,TransIndia Logistics,Truck,Standard,4373.4,"₹21,094",Delivered
SHP-001188,2024-07-01,2024-07-03,2024-07-05,ahmedabad,Mumbai,547.8,RapidFreight,Mini Truck,Standard,478.6,6844,Delivered
SHP-001801,2024-11-28,01/12/2024,06/12/2024,Kolkata,Mumbai,1927.4,RapidFreight,Truck,Standard,2663.9,44882,DELIVERED
SHP-001942,2024-05-22,2024-05-22,2024-05-24,Bengaluru,Hyderabad,612.8,N/A,Container,Express,8313.9,NA,Delivered
SHP-000287,2024-01-26,2024-01-26,2024-01-29,Delhi,Ahmedabad,-,TransIndia Logistics,Truck,Standard,6077.2,"₹25,909",Delivered
SHP-001610,2024-10-20,2024-10-20,2024-10-23,Bengaluru,Mumbai,1001.9,RapidFreight,Container,Standard,12385.3,39195,Delivered
SHP-000766,28-11-2024,2024-11-28,2024-12-03,Delhi,Kolkata,1597.4,BharatCargo,Truck,Standard,3660.3,"₹38,189",Delivered 
SHP-000629,2024-05-06,2024-05-07,2024-05-13,Kolkata,ahmedabad,2081.2,SafeHaul,Truck,Standard,NA,"₹48,580",Delivered
SHP-000599,2024-03-22,2024-03-23,27-03-2024,ahmedabad,Lucknow,1201.7,,Truck,Express,3247.8,-,Delivered
SHP-001271,07-12-2024,2024-12-08,2024-12-10,Ahmedabad,Mumbai,610.0,SafeHaul,Truck,Standard,7831.0,17854,Delivered
SHP-001306,23-01-2024,2024-01-24,2024-01-26,Ahmedabad,jaipur,NA,SafeHaul,Truck,Standard,8324.1,"INR 21,420",Delivered
SHP-001672,14/06/2024,2024-06-15,2024-06-21,Kolkata,Pune,2006.2,,Truck,Express,17917.5,61957,Delivered
SHP-001621,2024-05-21,2024-05-22,2024-05-26,Mumbai,Delhi,1489.5,RapidFreight,Truck,Standard,14651.3,38762,Delivered
SHP-001064,2024-11-29,2024-11-30,2024-12-07,Kolkata,pune,2097.1,SafeHaul,Truck,Express,8239.4,66964,Delivered
SHP-001279,2024-12-08,09-12-2024,2024-12-12,hyderabad,Madras,667.4,TransIndia Logistics,Truck,Express,5341.7,"₹21,957",Delivered
SHP-000837,18/03/2024,2024-03-18,2024-03-19,Chennai,Mumbai,1362.4,SafeHaul,Air Cargo,Standard,72.8,45244,Delivered
SHP-000940,2024-07-13,2024-07-14,2024-07-16,DELHI,Bengaluru,NA,SafeHaul,Air Cargo,Standard,53.2 kg,68482,Delivered
SHP-000775,13-11-2024,2024-11-14,2024-11-20,Delhi,Chennai,2300.9,BharatCargo,Container,Standard,13903.8,,Delivered
SHP-001231,2024-07-10,11/07/2024,13-07-2024,Mumbai,Kolkata,2003.2,BharatCargo,Air Cargo,Express,13.3,73586,delivered
SHP-001827,2024-03-03,2024-03-04,2024-03-08,Bengaluru,mumbai,1058.4,RAPIDFREIGHT,Mini Truck,Express,487.7,15690,Delivered
SHP-000610,2024-08-04,2024-08-06,2024-08-09,Bengaluru,Hyderabad,635.5,TransIndia Logistics,Mini Truck,Standard,1247.0,9900,Delivered
SHP-001068,2024-02-12,2024-02-14,2024-02-20,Chennai,Delhi,2270.0,BharatCargo,Truck,Standard,2520.8,50942,Delivered
SHP-001226,2024-07-16,2024-07-17,19-07-2024,Hyderabad,Bengaluru,666.4,SafeHaul,Mini Truck,Express,1561.7,11134,Delivered
SHP-001453,2024-05-11,12-05-2024,2024-05-17,Hyderabad,Jaipur,1380.5,TransIndia Logistics,Container,Express,9236.1,"₹68,820",Delivered
SHP-001038,08-11-2024,09-11-2024,2024-11-14,Bengaluru,Patna,1932.5,BharatCargo,Truck,Standard,4504.1,"INR 46,078",Delivered 
SHP-000494,2024-10-23,2024-10-24,2024-10-28,Mumbai,Chennai,1342.8,RapidFreight,Truck,Standard,8632.2,32089,Delivered
SHP-001348,2024-07-25,2024-07-26,2024-07-30,Mumbai,Hyderabad,839.5,GreenLine Carriers,Mini Truck,Express,543.8,14296,Delivered
SHP-000278,2024-12-07,2024-12-09,2024-12-14,Bengaluru,Ahmedabad,1585.7,RapidFreight,Container,Standard,18854.1,"₹59,493",Delivered
SHP-001890,2024-07-23,2024-07-25,2024-07-30,Bengaluru,Calcutta,2115.1,GreenLine Carriers,Container,Standard,14660.1,78957,Delivered
SHP-000359,2024-10-31,2024-11-02,2024-11-06,bangalore,Pune,951.1,BharatCargo,Truck,Standard,N/A,,Delivered
SHP-001780,2024-09-29,2024-09-29,null,Bengaluru ,Mumbai,1130.1, RapidFreight,Air Cargo,Standard,31.4,35230,DELIVERED
SHP-000237,2024-03-02,2024-03-03,2024-03-09,Bengaluru,Lucknow,1929.4,BharatCargo,Truck,Standard,2448.0,"INR 48,725",Returned
SHP-000552,2024-12-22,2024-12-24,2024-12-28,Delhi,Mumbai,1519.8,BharatCargo,Container,Standard,20205.4,"INR 60,732",Delivered
SHP-001911,14/11/2024,2024-11-16,2024-11-21,Delhi,Kolkata,1592.3,BharatCargo,Truck,Standard,2648.2,"INR 32,091",Delivered
SHP-000933,2024-04-23,2024-04-25,2024-05-01,Bengaluru,Jaipur,1911.2,RapidFreight,Mini Truck,Standard,928.9,-,Delivered
SHP-000209,2024-10-13,13/10/2024,-,Delhi,Madras,2519.7,SafeHaul,NA,Standard,3958.7,"INR 51,925",Delivered
SHP-001631,2024-06-11,2024-06-12,2024-06-15,Bengaluru,Hyderabad,633.6,BharatCargo,Mini Truck,Standard,684.5,8778,Delivered
SHP-001594,2024-05-09,2024-05-10,13/05/2024,Bengaluru,Pune,931.8,BharatCargo,Mini Truck,Express,514.8,"INR 13,789",delivered
SHP-000059,2024-02-20,21-02-2024,2024-02-27,Delhi,Chennai,2393.5,SafeHaul,Container,Standard,10859.3 kg,1249697,Delivered
SHP-000632,2024-12-26,2024-12-27,2025-01-01,Hyderabad,Calcutta,1596.9,RapidFreight,Mini Truck,Standard,440.2,"₹18,792",Delivered
SHP-001618,11-11-2024,11-11-2024,2024-11-17,Kolkata,Mumbai,2201.4,RapidFreight,Truck,Standard,5181.8,51518,Delivered
SHP-001903,12-07-2024,2024-07-12,16-07-2024,Hyderabad,Delhi,1559.8,RapidFreight,Truck,Standard,5771.5,35200,Delivered
SHP-001611,2024-10-26,2024-10-27,31/10/2024,Mumbai,Chennai,1271.5,BharatCargo,Truck,Express,4015.9,39912,Delivered
SHP-000364,2024-12-19,2024-12-22,23-12-2024,Delhi,Lucknow,543.0,RapidFreight,Air Cargo,Standard,58.5,"INR 18,028",Delivered
SHP-000506,25-09-2024,2024-09-28,30-09-2024,Hyderabad,Chennai,652.0, RapidFreight,Mini Truck,Standard,539.6,9198,Delivered
SHP-001721,2024-12-15,2024-12-15,10-12-2024,Delhi,Lucknow,524.0,BharatCargo,Truck,Standard,6562.4,15926,Delivered
SHP-001737,2024-09-20,2024-09-21,2024-09-26,Hyderabad,Kolkata,1465.7,TransIndia Logistics,Truck,Standard,6354.2,"₹37,152",Delivered 
SHP-001638,21/02/2024,2024-02-21,2024-02-25,Ahmedabad,Bengaluru,1576.6,SafeHaul,Truck,Express,1915.6,46280,Delivered
SHP-001243,2024-04-19,2024-04-21,2024-04-25,Mumbai,Lucknow,1498.0,RapidFreight,Container,Standard,15293.7,56042,Delivered
SHP-000875,2024-10-21,2024-10-21,2024-10-25,Chennai,Mumbai,1331.1,RapidFreight,Container,Standard,6874.9,46048,Delivered
SHP-001023,2024-07-04,2024-07-04,2024-07-10,Ahmedabad,Patna,1536.5,RapidFreight,Container,Standard,11645.1,55648,Delivered
SHP-001030,10-10-2024,2024-10-13,2024-10-20,Bengaluru,Kolkata,2039.0,SafeHaul,Truck,Standard,2573.8,41729,DELIVERED
SHP-000119,2024-07-26,28-07-2024,2024-07-31,Bengaluru,Kolkata,1923.0,RapidFreight,Air Cargo,Standard,110.0,-,Delivered
SHP-001713,2024-12-10,2024-12-12,14/12/2024,Ahmedabad,Bengaluru,null,RapidFreight,Air Cargo,Standard,70.6,45777,Delivered
SHP-001252,06-09-2024,07/09/2024,2024-09-13,Delhi,Hyderabad,1605.1,RapidFreight,Truck,Standard,3971.2,"₹38,675",Delivered
SHP-000523,2024-02-02,2024-02-03,2024-02-04,New Delhi,Patna,1055.5,BharatCargo,Air Cargo,Express,180.3,49439,Delivered
SHP-000514,2024-02-22,2024-02-24,2024-02-28,Mumbai,Lucknow ,1503.5,RapidFreight,Truck,Standard,5623.1,"INR 36,550",Delivered
SHP-000082,2024-10-30,2024-11-01,06/11/2024,Bengaluru,Kolkata,2076.6,GreenLine Carriers,Container,Standard,13094.2,74663,Delivered
SHP-001346,2024-12-23,2024-12-25,2024-12-27,Kolkata,Bengaluru,1967.4,BharatCargo,Air Cargo,Standard,886.2,78678,Delivered
SHP-001382,2024-03-28,2024-03-28,30/03/2024,Delhi,Lucknow,533.0,null,Truck,Standard,7074.0,15144,Delivered
SHP-000381,07-11-2024,2024-11-08,05/11/2024,Kolkata,Lucknow,1141.2,TransIndia Logistics,Truck,Standard,13826.9,35009,Delivered
SHP-001053,06-06-2024,2024-06-07,2024-06-08,Mumbai,Lucknow ,1491.2,RapidFreight,Air Cargo,Standard,87.6,47019,Delivered
SHP-001932,2024-03-24,27-03-2024,2024-03-29,Kolkata,Patna,578.9,TransIndia Logistics,Truck,Standard,8034.3,"₹21,542",Delivered
SHP-000085,2024-11-04,05-11-2024,2024-11-09,New Delhi,patna,1138.7, SafeHaul,Mini Truck,Standard,613.3,14154,Delivered
SHP-001856,2024-11-11,2024-11-13,2024-11-17,ahmedabad,Hyderabad,1214.7, TransIndia Logistics,Truck,Standard,5495.6,28397,delivered
SHP-001006,09/06/2024,2024-06-11,2024-06-13,Mumbai,Lucknow,1533.4,SafeHaul,Air Cargo,Standard,6865.0,58344,Delivered
SHP-000330,2024-07-27,29/07/2024,03/08/2024,Mumbai,Jaipur,1193.3,TransIndia Logistics,Mini Truck,Standard,1107.6 kg,NA,Delivered
SHP-000007,2024-01-18,2024-01-18,23-01-2024,Chennai,Kolkata,1686.2,SafeHaul,Truck,Standard,5243.1,"INR 42,177",Delivered
SHP-000773,2024-12-16,2024-12-16,2024-12-21,Kolkata,Mumbai,2097.5,RapidFreight,Container,Standard,5000.0,79850,Delivered
SHP-000786,2024-01-02,03-01-2024,07/01/2024,Mumbai,Bengaluru,1101.8,SafeHaul,NA,Standard,415.4,14110,Delivered
SHP-000950,2024-08-05,05-08-2024,2024-08-10,Mumbai,bangalore,NA,GreenLine Carriers,Mini Truck,Standard,624.4,14826,Delivered
SHP-001246,03-05-2024,2024-05-04,2024-05-05,Mumbai,Chennai,1211.6,BharatCargo,Air Cargo,Standard,67.7,"₹37,691",Delivered
SHP-000452,05-11-2024,2024-11-07,2024-11-11,hyderabad,kolkata,1508.9,RAPIDFREIGHT,Truck,Standard,11939.0,"INR 44,459",Delivered
SHP-000491,2024-09-23,23/09/2024,2024-09-27,chennai,Mumbai,1270.9,TransIndia Logistics,Truck,Standard,13481.9,39211,Delivered
SHP-001958,28-10-2024,2024-10-29,2024-10-30,Delhi,Ahmedabad,1015.2,BharatCargo,Air Cargo,Express,28.8,"₹45,149",DELIVERED
SHP-000288,2024-01-27,2024-01-28,2024-02-01,Mumbai,Jaipur,1244.9,null,Mini Truck,Standard,1113.5,"INR 14,591",Delivered
SHP-000975,2024-10-05,06/10/2024,09/10/2024,Bombay,Jaipur,1128.3,SafeHaul,Container,Express,28000.0,66120,Delivered
SHP-000629,2024-05-06,2024-05-07,2024-05-13,Kolkata,ahmedabad,2081.2,SAFEHAUL,Truck,Standard,NA,"₹48,580",Delivered
SHP-001794,2024-10-01,2024-10-02,-,Chennai,Lucknow,1936.7,TransIndia Logistics,Truck,Express,6298.5,53620,Delivered
SHP-001447,2024-05-06,2024-05-08,2024-05-10,Ahmedabad,Patna,1581.8,RapidFreight,Air Cargo,Standard,85.2,"INR 45,629",Delivered
SHP-001767,2024-12-10,10/12/2024,2024-12-14,Ahmedabad,chennai,1756.6,,Container,Express,16673.5,87119,Delivered
SHP-001207,2024-09-19,2024-09-22,2024-09-24,Kolkata,Ahmedabad,2097.2,-,N/A,Standard,123.2,-,Delivered
SHP-001739,2024-11-22,2024-11-23,2024-11-28,Bengaluru,Calcutta,1962.0,RapidFreight,Container,Standard,13363.8,89274,Delivered
SHP-001787,2024-05-28,2024-05-28,2024-05-29,Bombay,Pune,155.2, GreenLine Carriers,Truck,Express,null,10589,Delivered
SHP-001671,04-06-2024,2024-06-05,2024-06-08,Mumbai,Bengaluru,1106.2,RapidFreight,Truck,Express,6356.7,"₹34,473",Delivered
SHP-000977,2024-05-12,2024-05-13,2024-05-18,Bengaluru,Patna,1938.0,TransIndia Logistics,Truck,Standard,4752.5,,Delivered
SHP-001113,2024-11-17,2024-11-17,20-11-2024,Kolkata,Lucknow,1128.2,rapidfreight,Truck,Standard,6525.1,"INR 23,923",Delivered
SHP-001923,2024-07-04,2024-07-05,2024-07-08,Bengaluru,Pune,986.2,GreenLine Carriers,Container,Standard,18311.9,45311,Delivered
SHP-000328,2024-10-19,2024-10-20,22/10/2024,Bengaluru,Hyderabad,642.2,SafeHaul,Truck,Standard,3679.5,,Delivered
SHP-000443,22-08-2024,2024-08-22,2024-08-23,Chennai,pune,1141.7,BharatCargo,Air Cargo,Standard,11.6 kg,34806,Delivered
SHP-000803,2024-07-17,2024-07-20,N/A,Hyderabad,Kolkata,1486.3,TransIndia Logistics,Truck,Standard,5050.6,34033,Delivered
SHP-001104,2024-02-25,26/02/2024,2024-02-28,Hyderabad ,Bengaluru,695.7,BharatCargo,Mini Truck,Standard,795.8,10046,Delivered
SHP-001792,2024-05-08,2024-05-09,2024-05-14,Mumbai,Delhi,1483.0,TransIndia Logistics,Mini Truck,Express,,"INR 27,171",Delivered
SHP-001340,2024-11-27,2024-11-27,2024-11-30,Mumbai,Hyderabad,807.2,RapidFreight,Mini Truck,Express,361.8,13157,Delivered
SHP-000178,2024-02-25,26/02/2024,28-02-2024,Ahmedabad,Pune,669.3,,Container,Standard,7441.3,264965,Delivered
SHP-000765,2024-05-30,2024-05-31,2024-06-04,Ahmedabad,Bengaluru,1572.6,RapidFreight,Truck,Standard,2697.8,37533,Delivered
SHP-000731,2024-01-20,2024-01-21,2024-01-25,mumbai,Lucknow,1548.5,RapidFreight,Truck,Standard,18000.0,"₹55,072",DELIVERED
SHP-000087,2024-08-23,2024-08-23,2024-08-27,Chennai,Kolkata,1596.3,RapidFreight,Container,Express,23319.3,84861,Delivered
SHP-001714,2024-09-19,2024-09-20,2024-09-23,hyderabad,Pune,644.7,RAPIDFREIGHT,Truck,Standard,3659.9,17307,Delivered
SHP-001944,2024-05-23,2024-05-25,2024-05-29,Delhi,Pune,1557.1,TransIndia Logistics,Truck,Standard,7719.6,35936,Delivered
SHP-000458,2024-10-04,2024-10-05,2024-10-11,Bengaluru,Delhi,2131.0,GreenLine Carriers,Container,Standard,22346.6,"₹91,174",Returned
SHP-001871,2024-12-21,2024-12-21,2024-12-23,mumbai,Ahmedabad,N/A,GreenLine Carriers,Truck,Standard,5893.1,16134,Returned
SHP-000055,2024-10-10,2024-10-11,2024-10-17,Chennai,Delhi,2389.8,BharatCargo,Container,Standard,14577.8,90975,Delivered
SHP-001727,2024-03-25,2024-03-25,2024-03-30,Mumbai,Patna,1789.3,RapidFreight,Truck,Standard,12048.1,49942,Delivered
SHP-000644,2024-06-03,2024-06-03,2024-06-07,Mumbai ,Delhi,1488.4,SafeHaul,Container,Standard,15977.8,62099,Delivered
SHP-000678,2024-01-28,2024-01-30,2024-02-01,Bengaluru,Patna,2114.6,SafeHaul,Air Cargo,Standard,176.5,"₹64,008",Delivered
SHP-000222,2024-04-02,2024-04-03,2024-04-08,Bengaluru,Patna,2011.2,RapidFreight,Container,Standard,15990.1,"INR 83,525",Delivered
SHP-000114,19-02-2024,2024-02-19,2024-02-23,Kolkata,Lucknow,1157.0,SafeHaul,Truck,Express,7343.3,37528,Delivered 
SHP-001419,2024-10-06,2024-10-09,10-10-2024,Hyderabad,Patna,1396.2,GreenLine Carriers,Air Cargo,Standard,139.5,"₹46,471",Delivered
SHP-001816,2024-12-17,2024-12-20,2024-12-26,Bengaluru,Delhi,2133.0,TransIndia Logistics,Container,Standard,11967.7,74181,Delivered
SHP-001088,2024-05-15,17-05-2024,N/A,Chennai,Kolkata,1752.0,GreenLine Carriers,Truck,Standard,3425.7,"₹37,527",Delivered
SHP-000175,2024-08-09,2024-08-09,2024-08-14,Delhi,Hyderabad,1615.4,RapidFreight,Truck,Standard,8208.4,"₹38,167",Delivered
SHP-000810,2024-04-14,2024-04-15,2024-04-17,Ahmedabad,Jaipur,644.8,GreenLine Carriers,Truck,Express,8115.3,-,Delivered
SHP-000590,2024-12-14,2024-12-16,22-12-2024,DELHI,Chennai,2219.1,RapidFreight,Truck,Standard,9930.2,58732,Delivered
SHP-001593,25-12-2024,2024-12-26,2024-12-30,Ahmedabad,Hyderabad,1072.1,SafeHaul,Mini Truck,Standard,892.6,"₹13,126",Delivered
SHP-000019,2024-11-03,2024-11-05,2024-11-08,Hyderabad,Mumbai,818.7,BharatCargo,Truck,Standard,6341.5,22664,Delivered
SHP-000424,2024-12-31,2025-01-03,,Delhi,hyderabad,1567.0,GreenLine Carriers,Container,Standard,11352.8,60039,In Transit
SHP-001371,02/11/2024,2024-11-03,2024-11-06,Delhi,Ahmedabad,969.3,BharatCargo,Mini Truck,Standard,1535.2,13972,Delivered
SHP-000286,2024-12-19,2024-12-19,24-12-2024,Bengaluru,Ahmedabad,1724.6,SafeHaul,Truck,Express,7347.5,53842,DELIVERED
SHP-001617,2024-06-05,2024-06-06,2024-06-10,Delhi,Ahmedabad,960.4,RapidFreight,Truck,Standard,4683.0,"₹26,001",Delivered
SHP-000429,2024-12-27,2024-12-28,2024-12-31,Delhi,Ahmedabad,903.2,BharatCargo ,Truck,Express,7287.2,"INR 28,281",Delivered
SHP-001543,2024-05-16,2024-05-17,22-05-2024,Mumbai,Chennai,1349.8,GreenLine Carriers,Mini Truck,Standard,832.0,15029,Delivered
SHP-000778,2024-08-22,22-08-2024,2024-08-26,Delhi,Ahmedabad,1011.6, BharatCargo,Truck,Standard,4314.9,24950,delivered
SHP-000670,21-05-2024,2024-05-23,26-05-2024,Bengaluru,Hyderabad,603.9,SafeHaul,Container,Standard,12937.7,29987,Delivered
SHP-000032,2024-09-24,2024-09-25,2024-09-28,Ahmedabad,Hyderabad,1126.8,TransIndia Logistics,Truck,Express,18000.0,43026,Delivered
SHP-001781,2024-03-03,2024-03-04,NA,delhi,Kolkata,1609.4,SafeHaul,Truck,Standard,8785.3,40458,DELIVERED
SHP-000723,2024-12-20,23/12/2024,2024-12-25,Delhi,Lucknow,541.0,RapidFreight,Truck,Standard,6988.6,16358,delivered
SHP-001462,2024-06-08,2024-06-10,2024-06-15,Bengaluru,Delhi,2123.1,TransIndia Logistics,Container,Standard,23693.0,75085,Delivered
SHP-000215,2024-12-19,2024-12-20,2024-12-23,Chennai,Pune,1164.9,RapidFreight,Container,Standard,18731.3,50244,Delivered
SHP-001648,30/12/2024,2025-01-01,,Hyderabad,Lucknow,1366.9,TransIndia Logistics,Truck,Standard,4939.3,27614,In Transit
SHP-001273,2024-01-22,22/01/2024,2024-01-25,Mumbai,Chennai,1309.1,BharatCargo,Container,Express,16060.3,67040,Delivered
SHP-000327,15/12/2024,2024-12-16,20-12-2024,Hyderabad,Jaipur,1382.9,bharatcargo,Mini Truck,Express,511.0,20595,Delivered
SHP-000561,2024-05-18,2024-05-20,24-05-2024,Delhi,Hyderabad,1622.5,TransIndia Logistics,Container,Standard,10785.9,-,Delivered
SHP-001139,2024-01-06,07/01/2024,12-01-2024,Delhi,Mumbai,1459.2,RapidFreight,Mini Truck,Standard,996.1,-,Delivered
SHP-000701,2024-10-26,2024-10-27,2024-11-02,Mumbai,jaipur,1171.7,GreenLine Carriers,Mini Truck,Standard,1568.3,16052,Delivered
SHP-000988,30-12-2024,2024-12-31,2025-01-02,Delhi,Lucknow ,540.5,RapidFreight,Mini Truck,Standard,679.9,,Delivered
SHP-001624,2024-04-04,2024-04-05,2024-04-07,Delhi,Jaipur,305.2,BharatCargo,Truck,Standard,6804.5 kg,NA,Delivered
SHP-000342,2024-11-26,2024-11-26,2024-11-30,Ahmedabad,Bengaluru ,1461.7,RapidFreight,Truck,Express,3548.7,40014,Delivered
SHP-000630,2024-10-10,2024-10-12,2024-10-14,hyderabad,Chennai,626.4,TransIndia Logistics,Truck,Standard,3710.3,"INR 17,450",Returned
SHP-000148,2024-08-27,2024-08-28,2024-09-04,Bengaluru,jaipur,1961.3,GreenLine Carriers,Truck,Standard,14683.1,,Delivered
SHP-001224,22-07-2024,2024-07-24,2024-07-30,Kolkata,Jaipur,1762.3,SafeHaul,Container,Standard,13243.0,74354,Delivered
SHP-000361,2024-10-02,03-10-2024,2024-10-07,Ahmedabad,Delhi,1014.9,SafeHaul,Truck,Standard,18000.0,"₹31,945",Delivered
SHP-000084,2024-10-07,2024-10-07,2024-10-10,Delhi,ahmedabad,967.9,bharatcargo,Mini Truck,Standard,1968.3,14140,delivered
SHP-000049,2024-11-20,2024-11-21,23-11-2024,Chennai,Bengaluru,394.9,,Mini Truck,Standard,311.6,"INR 5,037",Delivered
SHP-000469,2024-03-24,2024-03-24,2024-03-26,Delhi,Jaipur,310.8,TransIndia Logistics ,Mini Truck,Standard,1515.0,"INR 5,468",Delivered
SHP-000156,16/09/2024,2024-09-16,2024-09-20,Madras,Mumbai,1330.8,TransIndia Logistics,Mini Truck,Standard,548.8,17427,Delivered
SHP-001663,04-12-2024,04-12-2024,09/12/2024,Madras,Jaipur,2128.5,SafeHaul ,Container,Standard,18889.3,"INR 94,127",Delivered
SHP-001055,2024-11-18,18-11-2024,22-11-2024,Mumbai,Delhi,1494.3,GreenLine Carriers,Truck,Standard,10284.8,"INR 36,335",Delivered
SHP-001227,2024-09-27,2024-09-28,2024-09-29,Bengaluru,Chennai,378.7,RapidFreight,Truck,Standard,5826.0,"₹11,626",Delivered
SHP-001433,2024-06-12,2024-06-13,2024-06-19,delhi,Bengaluru,2312.9,GreenLine Carriers,Truck,Express,2759.9,"INR 63,984",Delivered
SHP-001229,2024-11-15,2024-11-17,2024-11-20,Ahmedabad,Delhi,940.2,RAPIDFREIGHT,Truck,Standard,9200.1,23769,Delivered
SHP-001665,2024-08-20,2024-08-21,2024-08-24,Ahmedabad,Hyderabad,1140.4,TransIndia Logistics,Truck,Standard,5131.8,29029,DELIVERED
SHP-000501,2024-02-16,2024-02-16,2024-02-19,Chennai,Pune,1175.2,SafeHaul,NA,Express,null,37314,delivered
SHP-001804,2024-11-10,2024-11-11,2024-11-18,Chennai,Lucknow,1900.7,RapidFreight,Truck,Standard,9109.1 kg,46038,Delivered 
SHP-000180,2024-09-30,2024-09-30,2024-10-02,Chennai,Hyderabad,7021.0,SafeHaul,Truck,Express,4251.0,"INR 23,104",Delivered
SHP-001476,13-12-2024,2024-12-16,2024-12-23,Bengaluru,Patna,2056.8,RapidFreight,Truck,Standard,2804.4,"INR 51,343",Delivered
SHP-001795,10-05-2024,2024-05-11,2024-05-16,Ahmedabad,Bengaluru,1516.1,SafeHaul,Truck,Express,14827.9,"₹54,184",Delivered
SHP-000813,2024-02-11,2024-02-13,2024-02-17,Ahmedabad,Hyderabad,1109.0,RapidFreight,Container,Standard,15263.4,40897,Delivered
SHP-001469,2024-02-03,2024-02-05,2024-02-11,Chennai,Patna,1860.9,RapidFreight,Mini Truck,Standard,267.5,23368,Delivered
SHP-001183,2024-11-22,2024-11-23,2024-11-29,Delhi,Pune,1464.3,SAFEHAUL,Truck,Standard,4696.9,"₹39,030",Delivered
SHP-001654,2024-03-10,2024-03-11,15-03-2024,Delhi,Hyderabad,1639.5,TransIndia Logistics,Container,Express,18084.4,78933,Delivered
SHP-000529,17/05/2024,2024-05-18,2024-05-20,Chennai,Hyderabad,622.2,BharatCargo,Truck,Standard,1929.3,15274,Delivered
SHP-000347,2024-07-29,2024-07-30,2024-08-02,Ahmedabad,Delhi,977.1,GreenLine Carriers,Truck,Express,3741.5,"₹27,532",Delivered
SHP-001418,2024-01-20,2024-01-20,23/01/2024,Bengaluru,Bombay,1073.4,SAFEHAUL,Truck,Express,3551.6,-,Delivered
SHP-001274,2024-08-04,05-08-2024,2024-08-10,Calcutta,Hyderabad,1513.9,SafeHaul,Container,Standard,13159.3,"₹63,738",Delivered
SHP-001051,2024-11-10,2024-11-12,2024-11-18,Kolkata,hyderabad,1430.5,GreenLine Carriers,Truck,Standard,1857.4 kg,35955,Delivered
SHP-000129,2024-11-27,2024-11-27,01-12-2024,Delhi,Patna,1101.2,GREENLINE CARRIERS,Mini Truck,Express,267.2,16611,Delivered
SHP-001081,2024-04-23,23-04-2024,2024-04-26,Mumbai,Bengaluru,1156.7,RapidFreight,Truck,Express,9002.4,"INR 33,696",Delivered 
SHP-000602,2024-09-20,22-09-2024,2024-09-27,Chennai,Lucknow,1999.0,RapidFreight,Truck,Standard,4252.0,43451,Delivered
SHP-001623,2024-09-22,22-09-2024,28/09/2024,Hyderabad ,Kolkata,1611.6,BharatCargo,Truck,Express,6127.9,48936,Delivered
SHP-000244,2024-12-18,2024-12-19,2024-12-26,Bengaluru,Delhi,2303.5,SafeHaul,Truck,Standard,6628.2,"₹56,314",Delivered
SHP-000926,2024-01-25,27/01/2024,2024-01-31,Mumbai,Delhi,1444.5,RapidFreight,Truck,Standard,2626.6,33119,Delivered
SHP-001092,2024-06-04,2024-06-04,2024-06-09,Kolkata,bangalore,1926.8,SafeHaul,Container,Standard,-,73089,Delivered
SHP-001508,2024-10-19,2024-10-19,2024-10-25,Bengaluru,Delhi,2256.3,BharatCargo,Truck,Standard,7321.4,57645,Delivered
SHP-000313,2024-10-30,2024-10-30,04/11/2024,Mumbai,Bengaluru,1096.7,SafeHaul,Truck,Standard,4368.4,27881,Delivered
SHP-000436,2024-01-07,2024-01-09,2024-01-13,Mumbai,Lucknow,1547.8,SafeHaul,Container,Standard,14893.5,60761,Delivered
SHP-001943,2024-01-03,2024-01-06,2024-01-09,Bengaluru,Mumbai,1062.9,RapidFreight,Truck,Standard,9397.7,32859,Delivered
SHP-001420,2024-07-26,2024-07-27,01-08-2024,Ahmedabad,Patna,1676.2,SafeHaul,Container,Standard,null,"INR 60,171",DELIVERED
SHP-000309,2024-11-13,2024-11-14,2024-11-18,Mumbai ,Jaipur,1137.5,BharatCargo,Mini Truck,Standard,482.8,12190,DELIVERED
SHP-000431,2024-04-04,04-04-2024,2024-04-07,ahmedabad,Lucknow,1165.7,BharatCargo,Container,Standard,10841.6,49703,Delivered
SHP-000661,2024-05-06,2024-05-07,11/05/2024,Mumbai,Jaipur,1198.8,SafeHaul,Mini Truck,Express,320.4,18189,Delivered
SHP-000371,2024-11-30,2024-12-01,2024-12-03,Chennai,patna,1970.3,RapidFreight,Air Cargo,Standard,371.3,"₹66,582",Delivered
SHP-000567,2024-03-28,2024-03-29,2024-04-03,Chennai,Ahmedabad,1797.8,RapidFreight,Truck,Express,5618.5,62375,Delivered
SHP-001019,2024-10-04,2024-10-05,10/10/2024,Delhi,ahmedabad,1087.6, RapidFreight,Mini Truck,Standard,316.7,,Delivered
SHP-000182,2024-03-16,16-03-2024,2024-03-18,hyderabad,Chennai,667.1,SafeHaul,Truck,Express,6097.2,21731,delivered
SHP-001005,29-04-2024,2024-04-29,01/05/2024,Kolkata,Ahmedabad,2110.8,SafeHaul,Air Cargo,Standard,159.4,"INR 62,915",Delivered
SHP-000622,2024-09-18,19-09-2024,2024-09-21,Bengaluru,Lucknow,2100.8,RapidFreight,Air Cargo,Standard,25.0,,delivered
SHP-000850,2024-12-31,2024-12-31,,Ahmedabad,Lucknow,1164.9,BharatCargo,Container,Standard,23580.7,51945,In Transit
SHP-001656,2024-08-23,24/08/2024,29-08-2024,Bengaluru,Kolkata,1861.3,SafeHaul,Truck,Express,6740.0,54967,Delivered
SHP-000991,2024-02-21,2024-02-22,,Kolkata,Pune,2069.2,SafeHaul,Container,Standard,19008.3,78293,Delivered
SHP-000814,2024-06-22,2024-06-23,2024-06-25,Calcutta,PATNA,559.8,RapidFreight,Truck,Standard,4525.3,14207,Delivered
SHP-001966,2024-06-05,2024-06-07,2024-06-11,Delhi,Bombay,1486.6,SafeHaul,Truck,Standard,9709.4,34374,Delivered
SHP-001883,2024-01-26,2024-01-26,28/01/2024,Bengaluru,Jaipur,1810.1,SafeHaul,Air Cargo,Standard,619.4,"₹72,166",Delivered
SHP-001473,2024-04-19,2024-04-19,2024-04-23,Delhi,Ahmedabad,1043.4,BharatCargo,Truck,Standard,6922.5,29217,Delivered 
SHP-001343,16/04/2024,18/04/2024,2024-04-23,Bengaluru,Patna,2029.5,BharatCargo,Container,Standard,9027.0,"₹69,216",DELIVERED
SHP-000297,2024-05-16,2024-05-16,2024-05-20,Ahmedabad,Bengaluru,1491.1,GreenLine Carriers,Container,Standard,24034.2,-,Delivered
SHP-000937,2024-09-20,2024-09-22,2024-09-27,Ahmedabad,Lucknow,1238.0,BharatCargo ,Mini Truck,Standard,479.9,"₹12,880",DELIVERED
SHP-000462,2024-09-18,2024-09-18,20/09/2024,Delhi,Bengaluru,2278.6,SafeHaul,Air Cargo,Standard,53.4,"₹64,501",Delivered
SHP-001330,2024-01-02,2024-01-04,08/01/2024,Delhi,hyderabad,1577.0,TransIndia Logistics,Container,Standard,14376.4,64548,Delivered
SHP-001203,2024-10-03,2024-10-05,09-10-2024,Hyderabad,Jaipur,1367.7,SafeHaul,Truck,Standard,3865.3,36560,Delivered
SHP-000378,2024-10-15,2024-10-16,21-10-2024,Bengaluru,Kolkata,1957.2,RapidFreight,Truck,Standard,4993.6,42373,DELIVERED
SHP-000799,2024-12-24,25-12-2024,2024-12-27,Chennai,Bengaluru,382.4,GreenLine Carriers ,Mini Truck,Standard,619.0,null,Delivered
SHP-001129,24/06/2024,2024-06-25,2024-06-27,Kolkata,Pune,2101.2,RapidFreight,Air Cargo,Standard,165.6,-,DELIVERED
SHP-000106,2024-08-27,29/08/2024,31/08/2024,Madras,Hyderabad,637.5,BharatCargo,Truck,Standard,null,15905,Delivered
SHP-000127,2024-03-04,2024-03-05,2024-03-09,Bombay,Delhi,1449.9,SafeHaul,Truck,Standard,3800.5,"₹461,330",DELIVERED
SHP-001014,22-06-2024,2024-06-23,2024-06-27,ahmedabad,Lucknow,1274.0,SafeHaul,Mini Truck,Express,524.9 kg,N/A,Delivered
SHP-001352,2024-06-18,2024-06-19,23-06-2024,Hyderabad,Patna,1439.3,SafeHaul,Truck,Standard,6389.6,32496,Delivered
SHP-001718,2024-03-29,2024-03-31,2024-04-05,Kolkata,Ahmedabad,1993.6,BharatCargo,Container,Standard,13169.5,71016,Delivered
SHP-000356,2024-01-21,2024-01-21,2024-01-23,bangalore,Jaipur,1966.1,SafeHaul,Air Cargo,Standard,76.2,N/A,Delivered
SHP-001651,20/05/2024,2024-05-20,2024-05-24,Mumbai,Lucknow,1608.0,SafeHaul,Container,Standard,13077.5,"INR 63,680",Delivered
SHP-000683,2024-06-03,2024-06-03,2024-06-09,Delhi,Pune,1552.6,GreenLine Carriers,Container,Standard,16182.4,58448,Delivered
SHP-001342,2024-07-02,2024-07-04,07-07-2024,Hyderabad,Pune,656.4,BharatCargo,Container,Standard,16824.4,30277,Delivered
SHP-001889,2024-09-25,2024-09-26,2024-09-28,Hyderabad,Pune,628.8,-,Truck,Standard,7788.4,"₹16,554",Delivered
SHP-000907,2024-02-28,01/03/2024,2024-03-07,Bengaluru,Kolkata,1984.1,RapidFreight,Mini Truck,Standard,358.4,23023,Delivered
SHP-000210,24-11-2024,2024-11-24,2024-11-27,Bengaluru,Pune,932.1,GreenLine Carriers,Container,Express,11209.1,42880,Delivered
SHP-001001,2024-01-30,2024-01-30,2024-02-05,Delhi,Kolkata,1741.7,BharatCargo,Mini Truck,Standard,429.8,20170,Delivered
SHP-000141,2024-09-26,2024-09-26,2024-09-30,Bengaluru,Ahmedabad,1631.9,GreenLine Carriers,Air Cargo,Express,66.9,62222,Delivered
SHP-001468,2024-06-16,2024-06-17,21-06-2024,Mumbai,Bengaluru,N/A,GreenLine Carriers,Truck,Express,10578.3,35287,Delivered
SHP-001367,2024-08-03,2024-08-03,2024-08-07,Mumbai,Delhi,1457.4,BharatCargo,Truck,Standard,6574.6,35841,Delivered
SHP-001084,2024-11-14,2024-11-15,2024-11-17,Hyderabad,Bengaluru,678.1,BharatCargo,Mini Truck,Standard,277.6,"₹9,000",Delivered
SHP-001608,2024-11-05,2024-11-07,2024-11-09,Mumbai,Patna,1938.3,GreenLine Carriers,Air Cargo,Standard,538.0,63260,Delivered
SHP-001122,2024-03-01,2024-03-03,2024-03-05,DELHI,Pune,1535.2,SafeHaul,Air Cargo,Standard,192.3,"₹48,434",Delivered
SHP-001232,2024-11-19,2024-11-19,2024-11-23,Kolkata,Hyderabad,1499.7,SafeHaul,Truck,Standard,3658.4,35618,DELIVERED
SHP-000927,08-06-2024,2024-06-08,14-06-2024,Delhi,Bangalore,,BharatCargo,Container,Express,8685.1,93071,Delivered
SHP-000712,2024-04-28,2024-04-29,04-05-2024,Chennai,Ahmedabad,1736.8,SafeHaul,Truck,Standard,18000.0,51505,Delivered
SHP-001294,2024-06-21,2024-06-21,2024-06-23,Mumbai,Ahmedabad,571.2,BharatCargo,Truck,Standard,3896.3,14961,Delivered
SHP-001138,2024-04-01,2024-04-02,2024-04-05,Bengaluru,Pune,932.4,SafeHaul,Mini Truck,Standard,1399.6,"INR 12,003",Delivered
SHP-000888,2024-04-08,2024-04-10,2024-04-13,Delhi,Patna,1134.4,RapidFreight,Truck,Standard,5864.5,null,Delivered
SHP-001305,2024-10-23,25-10-2024,2024-10-30,Hyderabad ,Kolkata,1527.0,SafeHaul,Container,Standard,16206.6,"INR 54,128",Delivered
SHP-000011,2024-03-05,2024-03-08,2024-03-11,Mumbai,Bengaluru,1069.4,TransIndia Logistics,Container,Standard,N/A,41389,Returned
SHP-001732,2024-08-04,2024-08-06,2024-08-12,Delhi,Kolkata,1836.5,BharatCargo,Container,Standard,10039.1 kg,"₹72,639",Delivered
SHP-001314,2024-11-01,2024-11-02,2024-11-08,Delhi,Bengaluru,,GreenLine Carriers,Truck,Standard,null,62881,Delivered
SHP-000283,2024-03-10,10-03-2024,2024-03-15,Mumbai,Kolkata,2156.7,BharatCargo,Container,Express,13565.5,94865,Delivered
SHP-000811,2024-06-05,2024-06-05,11/06/2024,Delhi,Madras,2304.0,GreenLine Carriers,Container,Standard,NA,86566,Delivered
SHP-001117,2024-07-31,2024-07-31,2024-08-02,Delhi,Chennai,2252.7,BharatCargo,Air Cargo,Standard,83.6,"₹70,545",Delivered
SHP-000292,2024-04-27,28/04/2024,2024-04-30,Delhi,Lucknow,539.0, SafeHaul,Mini Truck,Standard,2049.8,"INR 9,194",Delivered
SHP-000755,2024-09-12,2024-09-13,2024-09-20,Chennai,Kolkata,1768.2,SafeHaul,Truck,Standard,4772.4,43302,Delivered
SHP-000627,2024-11-14,2024-11-15,17/11/2024,Hyderabad,Delhi,1553.8,RapidFreight,Air Cargo,Standard,188.9,46865,Delivered
SHP-001855,2024-09-02,2024-09-02,2024-09-03,Hyderabad,Bengaluru,639.8,SafeHaul,null,Standard,198.7,23399,Delivered
SHP-001494,2024-03-13,2024-03-13,2024-03-18,Chennai,Kolkata,NA,TransIndia Logistics,Container,Standard,11869.9,62893,Returned
SHP-000130,2024-06-02,2024-06-02,2024-06-06,Calcutta,Hyderabad,1663.0,RapidFreight,N/A,Express,8053.9,81585,delivered
SHP-001495,2024-08-31,2024-09-01,2024-09-05,Bengaluru,Ahmedabad,1495.1,RapidFreight,Truck,Standard,6476.5,"INR 41,664",Delivered
SHP-000844,28-08-2024,2024-08-28,31/08/2024,Bangalore,Mumbai,1042.8,TransIndia Logistics,Container,Standard,14861.6,44079,Delivered
SHP-000324,2024-01-31,2024-01-31,2024-02-05,Bengaluru,Kolkata,1945.9,RapidFreight,Container,Standard,18132.2,"₹79,589",Delivered
SHP-001115,2024-09-09,2024-09-10,2024-09-17,Ahmedabad,Kolkata,2024.9,SafeHaul,Truck,Standard,18000.0,59749,Delivered
SHP-001035,22-03-2024,22/03/2024,2024-03-28,Bengaluru,Delhi,2133.6,TRANSINDIA LOGISTICS,Truck,Standard,5443.8,,Delivered
SHP-001002,2024-09-04,05-09-2024,13-09-2024,Bengaluru,Delhi,2261.9,RapidFreight,Mini Truck,Standard,1103.8,28328,Delivered
SHP-001908,2024-06-04,2024-06-05,2024-06-07,Delhi,Lucknow,537.6,SafeHaul,Mini Truck,Express,903.4,"INR 9,100",Delivered
SHP-000901,2024-12-12,2024-12-13,2024-12-16,Bangalore,Chennai,360.4,RapidFreight,Mini Truck,Standard,673.3,5281,delivered
SHP-000908,2024-11-04,2024-11-06,2024-11-09,Delhi,Ahmedabad,938.0,GreenLine Carriers,Mini Truck,Standard,2500.0,14723,Delivered
SHP-000696,2024-10-05,2024-10-07,2024-10-09,Bengaluru,jaipur,2096.6,BHARATCARGO,Air Cargo,Standard,236.0,73929,Delivered
SHP-000216,2024-11-16,2024-11-16,21-11-2024,Chennai,Lucknow,2101.4,GreenLine Carriers,Container,Standard,11561.5,"₹74,640",Delivered
SHP-001056,03/03/2024,2024-03-04,2024-03-09,Chennai,Lucknow,2055.9,BharatCargo,Container,Standard,10848.7,"INR 76,878",Delivered
SHP-001358,2024-03-07,08/03/2024,2024-03-12,Bengaluru,Ahmedabad,1555.1,GreenLine Carriers,Container,Standard,12621.6,"INR 68,614",DELIVERED
SHP-001289,2024-02-01,2024-02-04,2024-02-06,Bengaluru,Kolkata,2041.0,RapidFreight,Air Cargo,Standard,145.3,69709,Delivered
SHP-000159,2024-04-06,2024-04-07,2024-04-08,Madras,Mumbai,1287.5,SafeHaul,Air Cargo,Standard,261.7,45067,Delivered 
SHP-001290,2024-11-21,2024-11-21,2024-11-26,Kolkata,Chennai,1965.9,BharatCargo,Container,Standard,9413.4,"₹79,052",Delivered
SHP-001274,2024-08-04,05-08-2024,2024-08-10,Calcutta,Hyderabad,1513.9,SafeHaul,Container,Standard,13159.3,"₹63,738",Delivered
SHP-001830,2024-11-13,2024-11-13,15-11-2024,Bengaluru,Hyderabad,647.2,BharatCargo,Container,Standard,17108.0,32024,Delivered
SHP-000842,2024-11-12,2024-11-13,15/11/2024,Hyderabad,Mumbai,829.4,GreenLine Carriers,Container,Standard,8588.5,,Delivered
SHP-000635,2024-08-27,2024-08-29,2024-09-03,Delhi,Kolkata,1588.9,RapidFreight,Container,Standard,15555.3,59918,Delivered
SHP-000517,2024-03-18,2024-03-20,2024-03-24,Mumbai,Bengaluru,1080.4,TransIndia Logistics,Mini Truck,Standard,312.8,14307,Delivered
SHP-000945,25/10/2024,2024-10-25,2024-10-27,bangalore,Delhi,2255.1,BHARATCARGO,Air Cargo,Standard,174.9,69066,Delivered
SHP-001554,2024-07-30,30-07-2024,2024-07-31,Mumbai,Pune,164.7,BharatCargo,Mini Truck,Express,796.1,3894,Delivered
SHP-000598,2024-11-14,2024-11-17,2024-11-22,Kolkata,Delhi,1772.5,TransIndia Logistics,Truck,Standard,8785.2,41254,Delivered
SHP-000196,2024-02-01,2024-02-02,2024-02-04,Delhi,Hyderabad,1560.3,TransIndia Logistics,Air Cargo,Standard,157.5,56540,Delivered
SHP-001678,2024-02-22,2024-02-22,24-02-2024,Bangalore,Chennai,373.4,GreenLine Carriers,Mini Truck,Standard,376.2,5120,Delivered
SHP-000905,2024-11-18,2024-11-18,2024-11-20,Ahmedabad,Bombay,559.2,,Truck,Standard,5370.4,16756,Delivered
SHP-000411,2024-08-05,2024-08-05,null,Kolkata,Mumbai,2183.4,BharatCargo,Truck,Express,4170.5,57912,Delivered
SHP-000097,2024-01-27,2024-01-27,N/A,Mumbai,Patna,1879.9,BharatCargo,Container,Express,23209.1,"₹96,863",Delivered
SHP-000441,2024-10-26,2024-10-27,2024-10-29,Hyderabad,Chennai,644.1,TransIndia Logistics,Container,Express,10085.6,31630,Delivered
SHP-001506,2024-05-29,2024-05-30,04-06-2024,Bengaluru,Jaipur,1886.8,RapidFreight,Truck,Standard,3746.2,47949,Delivered
SHP-000157,2024-11-09,2024-11-10,,Mumbai,Ahmedabad,584.1,BharatCargo,Truck,Standard,4553.9,16197,Delivered
SHP-000420,2024-01-02,2024-01-02,2024-01-05,Ahmedabad,Mumbai,580.9,BharatCargo,Mini Truck,Standard,604.3 kg,N/A,Delivered
SHP-001845,2024-07-12,2024-07-12,13/07/2024,Delhi,jaipur,285.2,RapidFreight,Truck,Standard,7569.5 kg,11170,Delivered
SHP-000478,2024-06-25,2024-06-26,2024-06-28,Kolkata,Bengaluru,1822.3,TransIndia Logistics,Air Cargo,Standard,53.3,57530,Delivered 
SHP-001899,2024-12-04,2024-12-06,2024-12-10,Delhi,Pune,-,RapidFreight,Mini Truck,Standard,1014.2,"₹16,098",Delivered
SHP-000669,2024-12-19,2024-12-19,21/12/2024,Mumbai,Ahmedabad,616.7,GreenLine Carriers,Mini Truck,Standard,837.5,8092,Delivered
SHP-001783,2024-12-01,2024-12-01,2024-12-05,Mumbai,jaipur,1254.8,BharatCargo,Mini Truck,Standard,NA,"INR 16,725",Delivered
SHP-001916,16/07/2024,2024-07-16,2024-07-20,Mumbai,Delhi,1425.1,BharatCargo,Truck,Express,7404.7,"₹48,008",Returned
SHP-001327,2024-09-10,2024-09-10,2024-09-16,Mumbai,PATNA,1832.1,transindia logistics,Container,Standard,21910.1,74097,Delivered
SHP-000448,2024-04-08,2024-04-09,2024-04-15,Kolkata,Mumbai,2136.3,BharatCargo,Container,Standard,22754.4,92628,Delivered
SHP-000554,2024-02-01,2024-02-03,2024-02-06,Ahmedabad,Hyderabad,1158.5,BharatCargo,Truck,Standard,13497.0,32541,Delivered
SHP-000179,2024-08-15,2024-08-17,2024-08-20,Hyderabad,bangalore,670.6,TransIndia Logistics,Truck,Standard,18000.0,,Delivered
SHP-000391,2024-11-02,2024-11-02,2024-11-04,Kolkata,Mumbai,2183.1, TransIndia Logistics,Air Cargo,Standard,966.0,91135,Delivered 
SHP-000579,2024-10-05,06-10-2024,2024-10-11,Hyderabad,Kolkata,1429.0,BharatCargo,Truck,Express,14490.6,"INR 56,285",Delivered
SHP-001037,31-12-2024,2025-01-01,,Mumbai,Lucknow,1465.9,BharatCargo,Mini Truck,Standard,362.2,19261,In-Transit
SHP-001744,2024-07-29,2024-07-30,04-08-2024,Ahmedabad,Bangalore,1607.3,BharatCargo,Truck,Standard,13160.2,40416,DELIVERED
SHP-001315,2024-09-18,2024-09-18,2024-09-23,Delhi,Hyderabad,1639.1,RapidFreight,Container,Standard,17041.1,60744,Delivered 
SHP-001986,2024-04-09,2024-04-10,2024-04-12,ahmedabad,Chennai,1775.8,SafeHaul,Air Cargo,Standard,47.7,"₹52,476",Delivered
SHP-001493,2024-03-06,06-03-2024,2024-03-13,Kolkata,Mumbai,2178.8,RapidFreight,Mini Truck,Express,917.9,31511,Delivered
SHP-000821,2024-06-14,2024-06-15,20-06-2024,Delhi,Patna,1125.6,bharatcargo,Mini Truck,Standard,520.6,"INR 13,926",Delivered 
SHP-001867,2024-12-05,2024-12-05,2024-12-07,Ahmedabad,Pune,651.8,GreenLine Carriers,Container,Express,10651.6,"₹34,520",Delivered
SHP-001024,2024-06-24,2024-06-25,2024-06-28,Bengaluru,Hyderabad ,620.0,GreenLine Carriers,Truck,Standard,9967.7,20659,Delivered
SHP-001885,2024-11-11,2024-11-11,2024-11-17,Mumbai,Kolkata,2104.7,BharatCargo,Truck,Express,11547.7,"INR 64,507",Delivered
SHP-000665,07-09-2024,2024-09-08,2024-09-12,Mumbai ,Bengaluru,1057.4,RapidFreight,Mini Truck,Standard,549.8,13327,Delivered
SHP-000143,26-01-2024,2024-01-29,2024-01-31,Ahmedabad,Mumbai ,543.0,BharatCargo,Truck,Standard,6463.5,"INR 18,246",Delivered
SHP-001550,2024-10-30,2024-10-30,2024-11-01,Mumbai,Ahmedabad,572.0,BharatCargo,Mini Truck,Express,754.3,9440,Delivered
SHP-000586,2024-10-27,2024-10-28,2024-11-02,Kolkata,Pune,2016.5,BharatCargo,Container,Standard,10584.1,"₹67,445",Delivered
SHP-000865,2024-02-03,2024-02-04,06/02/2024,Delhi,jaipur,288.2,BharatCargo,Truck,Express,1757.5,"INR 8,508",Delivered
SHP-000422,2024-05-05,2024-05-08,2024-05-10,Delhi,Lucknow,526.2,RapidFreight,Mini Truck,Standard,730.6,7012,Delivered
SHP-000637,2024-01-20,20-01-2024,2024-01-26,Chennai,jaipur,2127.0,GreenLine Carriers,Container,Standard,19593.9,74753,delivered
SHP-001437,2024-09-23,2024-09-23,2024-09-26,Mumbai,Hyderabad,818.1,GreenLine Carriers,Truck,Express,4168.1,27010,Delivered
SHP-000800,2024-02-13,2024-02-13,2024-02-19,Chennai,patna,2112.1,BharatCargo,Truck,Express,4120.8,"INR 59,764",Delivered
SHP-001091,2024-05-15,16-05-2024,2024-05-19,Mumbai,Jaipur,1105.0,BharatCargo,Truck,Standard,3668.0,26648,Delivered
SHP-000616,2024-07-24,2024-07-24,2024-07-27,Chennai,Hyderabad,639.4,TransIndia Logistics,Container,Standard,7332.4,24326,Delivered
SHP-000295,2024-07-06,2024-07-08,2024-07-12,Hyderabad,Lucknow,1383.0,RapidFreight,Truck,Standard,4885.4 kg,35545,Delivered
SHP-001293,2024-10-29,2024-10-29,2024-10-31,Kolkata,Bengaluru,2031.1,BharatCargo,Air Cargo,Standard,75.5,"₹58,111",Delivered
SHP-000965,2024-02-06,2024-02-07,2024-02-11,Ahmedabad,Lucknow,1297.4,RapidFreight,Truck,Standard,5351.7,34182,Delivered
SHP-001947,2024-01-02,2024-01-03,2024-01-07,Mumbai ,Chennai,1264.5,RapidFreight,Truck,Express,9474.8,40442,Delivered
SHP-000089,2024-06-22,2024-06-23,25/06/2024,Delhi,Lucknow,N/A,SafeHaul,Truck,Standard,N/A,20022,Delivered
SHP-000042,2024-10-31,2024-10-31,2024-11-02,Hyderabad,Pune,649.3,TransIndia Logistics,Truck,Standard,2743.5,16235,Delivered
SHP-001844,20-08-2024,2024-08-21,24-08-2024,Ahmedabad,Delhi,959.2,TRANSINDIA LOGISTICS,Mini Truck,Express,2500.0,"INR 21,882",Delivered
SHP-001979,29/10/2024,2024-10-30,2024-11-04,Chennai,Kolkata,1773.3,GreenLine Carriers,Truck,Express,3013.4,N/A,Delivered
SHP-000132,2024-10-25,2024-10-25,2024-10-28,ahmedabad,lucknow,,N/A,Container,Standard,13165.2,46796,Delivered
SHP-001266,2024-09-06,2024-09-08,14/09/2024,Hyderabad,Jaipur,1287.4,TransIndia Logistics ,Truck,Standard,10801.8,32749,Delivered
SHP-000410,2024-12-28,28-12-2024,02/01/2025,Ahmedabad,Chennai,1874.5,BharatCargo,Container,Standard,23998.8,72632,Delivered
SHP-001323,2024-09-30,03-10-2024,07-10-2024,Delhi,Pune,1559.8,BharatCargo,Truck,Standard,7482.8,40021,delivered
SHP-001898,2024-10-03,2024-10-03,2024-10-04,Mumbai,Lucknow,1448.7,SafeHaul,Air Cargo,Standard,26.7,"INR 47,554",Delivered
SHP-001818,2024-11-27,27-11-2024,2024-12-02,Bengaluru,Lucknow,2095.9,GreenLine Carriers,Container,Standard,17523.1,83694,Delivered
SHP-001532,26-12-2024,2024-12-26,28/12/2024,Delhi,Lucknow,554.6,BharatCargo,Truck,Express,5692.5,"₹20,499",Returned
SHP-000165,2024-04-08,2024-04-10,2024-04-16,Kolkata,Ahmedabad,2017.4,RapidFreight,Truck,Standard,,"₹42,644",Delivered 
SHP-000725,11/12/2024,2024-12-13,19-12-2024,Delhi,Chennai,2419.4,BharatCargo,Container,Standard,NA,NA,Delivered
SHP-000291,2024-08-29,2024-09-01,2024-09-08,Hyderabad,Delhi,1488.4,TransIndia Logistics,Truck,Standard,2641.7,35278,Delivered
SHP-001913,06-06-2024,2024-06-07,2024-06-11,Ahmedabad,Patna,1728.3,RapidFreight,Container,Express,8092.3,83062,Delivered
SHP-001569,2024-03-22,2024-03-22,2024-03-24,Bengaluru,Chennai,388.1,BharatCargo,Mini Truck,Standard,1617.3,6505,Delivered
SHP-001941,2024-04-09,2024-04-10,14/04/2024,Mumbai,Chennai,1259.2,BharatCargo ,Container,Standard,13180.4,49314,Delivered
SHP-001044,2024-03-13,2024-03-13,2024-03-15,kolkata,Patna,607.3,RapidFreight,NA,Standard,11716.5,22492,Delivered
SHP-001390,18/08/2024,2024-08-20,2024-08-21,Delhi,jaipur,282.9,BharatCargo,Truck,Standard,2956.6,"₹7,785",DELIVERED
SHP-000779,2024-05-23,2024-05-24,2024-05-28,Chennai,Mumbai,1358.0,RapidFreight,Truck,Standard,3086.2,null,Delivered
SHP-000840,2024-10-19,2024-10-21,2024-10-23,Bengaluru,Lucknow,2059.8,RapidFreight,Air Cargo,Standard,460.2,77513,Delivered
SHP-000349,2024-05-17,2024-05-17,23/05/2024,Kolkata,Ahmedabad,2135.5,RapidFreight,Truck,Standard,2812.7,"₹47,211",Delivered
SHP-001990,2024-10-29,2024-10-30,2024-11-04,Delhi,patna,1100.7,RapidFreight,Mini Truck,Standard,1196.6,13823,Delivered
SHP-000572,2024-12-30,30/12/2024,,Hyderabad,Delhi,1617.3,TransIndia Logistics,Container,Standard,14038.0,59616,In Transit
SHP-000918,2024-04-14,2024-04-14,2024-04-23,Delhi,Chennai,2300.3,RapidFreight,Mini Truck,Standard,341.4,"₹30,503",Delivered
SHP-001234,2024-06-18,2024-06-19,2024-06-20,Chennai,Mumbai,1262.5,greenline carriers,Air Cargo,Standard,312.7,"₹42,744",Delivered
SHP-001931,07-06-2024,2024-06-09,2024-06-12,Kolkata,Lucknow,1158.0,GreenLine Carriers,Truck,Standard,7406.2,28749,Delivered
SHP-001575,2024-08-14,2024-08-14,2024-08-17,delhi,Ahmedabad,952.9, GreenLine Carriers,Mini Truck,Express,377.4,"₹14,345",Delivered
SHP-001625,2024-09-20,2024-09-21,2024-09-28,Mumbai,Chennai,1347.1,SafeHaul,Mini Truck,Standard,445.4,16139,Delivered
SHP-001345,2024-02-16,2024-02-19,2024-02-24,Ahmedabad,Kolkata,2052.0,TransIndia Logistics,Container,Standard,10203.7 kg,"₹78,887",Delivered
SHP-001940,2024-07-12,2024-07-12,2024-07-17,Delhi,Kolkata,1578.1,-,Container,Express,9028.6,75808,delivered
SHP-000137,09-02-2024,2024-02-10,13-02-2024,Ahmedabad,Lucknow ,1169.8,BharatCargo,Truck,Standard,6572.5,31071,Delivered
SHP-000459,2024-08-26,2024-08-27,2024-08-31,Madras,Mumbai,1231.3,BharatCargo,Truck,Standard,16606.2,"INR 40,952",Delivered
SHP-000376,2024-04-28,28-04-2024,,Delhi,Patna,-,RapidFreight,Truck,Standard,5646.5,25884,Delivered
SHP-001511,2024-09-17,2024-09-18,2024-09-23,Delhi,Hyderabad,1541.4,RapidFreight,Truck,Standard,7852.6,40213,Delivered
SHP-000334,2024-02-13,2024-02-14,18-02-2024,Hyderabad ,Jaipur,1247.7,RapidFreight,Mini Truck,Standard,355.7,15631,Delivered
SHP-001334,2024-05-01,2024-05-01,2024-05-03,Ahmedabad,Jaipur,670.0, BharatCargo,Mini Truck,Standard,639.1 kg,"₹9,399",delivered
SHP-001186,2024-02-26,2024-02-27,2024-02-29,Hyderabad,Pune,628.0,BharatCargo,Truck,Standard,null,20841,Delivered
SHP-001968,2024-04-09,2024-04-12,2024-04-13,Hyderabad,Pune,592.4,SafeHaul,Air Cargo,Standard,451.9,"INR 27,764",Delivered
SHP-001800,06-04-2024,2024-04-07,2024-04-13,Kolkata,Hyderabad,1649.0,bharatcargo,Truck,Express,4932.6,"INR 44,203",Delivered
SHP-001489,2024-06-21,2024-06-22,2024-06-26,Hyderabad,Jaipur,1444.8, RapidFreight,Container,Express,11472.7,79506,Delivered
SHP-000817,2024-04-23,2024-04-24,29-04-2024,Hyderabad,Jaipur,1474.7,TransIndia Logistics,Truck,Standard,98019.0,35976,Delivered
SHP-001938,28-01-2024,2024-01-31,2024-02-02,Kolkata,Patna,571.3,BharatCargo,Truck,Standard,4582.9,"₹14,723",Delivered
SHP-000606,17/04/2024,2024-04-17,2024-04-19,Chennai,Hyderabad,682.3,BharatCargo,Truck,Standard,98210.0,"INR 18,194",Delivered
SHP-001993,2024-06-28,2024-06-28,2024-07-02,Mumbai,jaipur,1230.6,SAFEHAUL,Truck,Standard,14289.8,NA,Delivered
SHP-001759,23-06-2024,2024-06-24,2024-06-27,Ahmedabad,Hyderabad,1138.7,GreenLine Carriers,Truck,Standard,6833.0,"INR 30,413",Delivered
SHP-001042,22/11/2024,2024-11-23,2024-11-29,Kolkata,Mumbai,2060.6,RapidFreight,Truck,Standard,18000.0,52686,Delivered
SHP-000911,2024-11-08,2024-11-09,2024-11-14,Chennai,lucknow,2107.2,SafeHaul,Container,Standard,12452.6,"₹77,113",Delivered
SHP-001275,2024-03-11,2024-03-12,16/03/2024,Delhi,Pune,1554.2,BharatCargo,Truck,Standard,3858.7,"INR 32,779",Delivered
SHP-001975,27-08-2024,2024-08-28,2024-08-30,Delhi,Lucknow ,N/A,BharatCargo,Truck,Standard,2939.0,12374,Delivered 
SHP-001152,24-10-2024,2024-10-24,2024-10-26,Hyderabad,Pune,672.8,BharatCargo,Truck,Standard,6494.4,"INR 18,982",Delivered
SHP-000329,2024-10-25,2024-10-27,2024-10-31,Kolkata,Delhi ,1595.4,null,Container,Standard,2198860.0,65415,Delivered
SHP-001059,16/06/2024,2024-06-19,2024-06-24,Bengaluru,Kolkata,1915.0,GreenLine Carriers,Truck,Standard,4337.2,41279,Delivered
SHP-000319,27-09-2024,2024-09-28,2024-10-03,mumbai,Jaipur,1175.6,SafeHaul,Mini Truck,Standard,497.1,15677,Delivered
SHP-001563,2024-02-24,2024-02-25,2024-02-29,Hyderabad,Ahmedabad,1063.7,SafeHaul,Truck,Standard,3318.7,26692,Delivered
SHP-001387,2024-08-29,2024-08-30,2024-09-04,Madras,kolkata,1948.7,RapidFreight,Container,Standard,14175.7,"₹74,180",Delivered
SHP-001772,2024-08-18,2024-08-21,2024-08-25,Chennai,Kolkata,1788.9,RapidFreight,Container,Standard,12742.7,70218,Delivered
SHP-000168,2024-01-21,24-01-2024,-,Hyderabad,Mumbai,762.4,TransIndia Logistics,Truck,Standard,6530.1,"₹20,859",Delivered
SHP-000013,2024-11-19,2024-11-19,24-11-2024,Kolkata,Pune,2033.8,BharatCargo,Container,Standard,9690.5,"₹70,291",Delivered
SHP-001972,2024-08-12,2024-08-13,2024-08-18,ahmedabad,Kolkata,2246.4,BharatCargo,Container,Standard,N/A,"INR 83,343",Delivered
SHP-000172,2024-04-20,2024-04-22,null,Bengaluru ,Kolkata,1992.0,GreenLine Carriers,Truck,Standard,10915.6,"₹46,086",Delivered
SHP-000650,2024-11-05,2024-11-06,2024-11-13,Delhi,Chennai,2254.3,RapidFreight,Container,Standard,16221.9,76930,Delivered 
SHP-001086,2024-08-13,2024-08-15,null,Chennai,Bengaluru,367.2,BharatCargo,Mini Truck,Standard,363.4,"INR 4,347",delivered
SHP-000261,22-06-2024,2024-06-25,01-07-2024,Delhi,Madras,2141.1,SafeHaul,Truck,Standard,18000.0,"INR 59,221",Delivered
SHP-001240,2024-02-28,2024-02-28,2024-02-29,Delhi,Lucknow,535.2,RapidFreight,Air Cargo,Standard,49.4,"₹15,559",Delivered
SHP-001757,2024-03-14,2024-03-17,2024-03-23,Delhi,Bengaluru,2173.8,TransIndia Logistics,Truck,Standard,4057.1,53059,Delivered
SHP-000902,2024-09-24,26-09-2024,2024-09-28,Mumbai,Pune,163.1,TransIndia Logistics,Truck,Standard,7387.4,7677,Delivered
SHP-000673,24-06-2024,24/06/2024,2024-06-29,ahmedabad,Kolkata,2138.7,BharatCargo,Container,Express,15418.2,107349,Delivered
SHP-000259,15/10/2024,2024-10-15,19-10-2024,Delhi,Pune,1451.5,N/A,Truck,Standard,3778.5,"₹35,467",returned
SHP-001539,31-07-2024,2024-08-01,2024-08-06,Hyderabad,Jaipur,1359.8,SafeHaul,Truck,Standard,10523.6,37044,Delivered
SHP-000845,2024-02-27,2024-02-29,2024-03-03,Delhi,Ahmedabad,1011.2,BharatCargo,Truck,Standard,8342.5,25415,Delivered
SHP-000868,2024-09-21,2024-09-22,2024-09-24,Hyderabad,Chennai,651.1,SafeHaul,Mini Truck,Standard,610.9,7823,Delivered
SHP-001221,19-09-2024,2024-09-20,27/09/2024,Delhi,Bengaluru,2151.9,BharatCargo,Mini Truck,Standard,693.3,22915,DELIVERED
SHP-000139,2024-04-29,2024-04-29,2024-05-05,Chennai,Jaipur,2074.1,SafeHaul,Truck,Express,14562.7,65491,DELIVERED
SHP-000894,05-04-2024,07/04/2024,2024-04-11,delhi,Mumbai,1518.6,,Container,Standard,11587.2,57353,Delivered
SHP-001880,23/03/2024,2024-03-24,2024-03-28,Kolkata,Delhi,1667.1,BharatCargo,Container,Express,21417.3,"INR 94,855",Delivered
SHP-000550,08/10/2024,2024-10-08,2024-10-10,Bengaluru,jaipur,2076.5,SAFEHAUL,Air Cargo,Express,107.7,68473,Delivered
SHP-000320,01/06/2024,2024-06-02,05-06-2024,Ahmedabad,Delhi,937.1,TransIndia Logistics,Truck,Standard,5359.5,24294,Delivered
SHP-001560,2024-05-12,2024-05-13,2024-05-16,hyderabad,Mumbai ,771.3,TransIndia Logistics,Mini Truck,Express,359.8,11981,Delivered
SHP-001263,2024-11-23,23/11/2024,28/11/2024,Mumbai,Patna,1796.9,SafeHaul,Container,Standard,17085.9,79238,Returned
SHP-001456,2024-08-10,11/08/2024,2024-08-15,Delhi,kolkata,1559.6,BharatCargo,Container,Express,24791.5,84172,Delivered
SHP-000559,2024-08-24,2024-08-24,2024-08-30,Kolkata,Ahmedabad,1992.7,GreenLine Carriers,Truck,Standard,11462.3 kg,51408,Delivered
SHP-000140,10/10/2024,2024-10-10,2024-10-13,Delhi,Patna,1023.8,BharatCargo,Truck,Express,8042.0 kg,35968,delivered
SHP-001774,2024-11-25,2024-11-25,2024-11-27,Hyderabad,DELHI,1634.1,BharatCargo,Air Cargo,Express,652.2,74122,DELIVERED
SHP-000532,2024-04-07,2024-04-07,08-04-2024,Madras,Mumbai,1348.7,BharatCargo,Air Cargo,Standard,190.9,"₹47,564",Delivered
SHP-000225,2024-08-15,2024-08-17,19-08-2024,Mumbai,Ahmedabad,556.4,RapidFreight,Mini Truck,Standard,985.3 kg,"₹8,721",Delivered
SHP-000724,2024-07-09,2024-07-09,2024-07-12,Ahmedabad,Delhi,983.7,SafeHaul,Truck,Standard,2465.7,21875,Delivered
SHP-001755,09-12-2024,2024-12-10,2024-12-16,Mumbai,Kolkata,1990.1,BharatCargo,Truck,Standard,NA,43393,Delivered
SHP-000326,2024-08-13,14-08-2024,2024-08-16,Kolkata,Bengaluru,1927.6,BharatCargo,Air Cargo,Express,,-,Delivered
SHP-001290,2024-11-21,2024-11-21,2024-11-26,Kolkata,Chennai,1965.9,BharatCargo,Container,Standard,9413.4,"₹79,052",Delivered
SHP-000715,06-10-2024,2024-10-06,12/10/2024,Chennai,Delhi,2211.9,BharatCargo,Truck,Standard,6441.8,56289,Delivered
SHP-000847,2024-11-27,2024-11-28,2024-12-01,Mumbai,Jaipur,1088.9,TransIndia Logistics,Container,Express,12510.9,"₹48,710",Delivered
SHP-000194,2024-08-31,2024-09-01,07-09-2024,Hyderabad,Delhi,1604.2,RAPIDFREIGHT,Truck,Express,10680.9,53018,Delivered
SHP-000574,2024-06-19,2024-06-20,25-06-2024,Madras,Jaipur,,TransIndia Logistics,Container,Express,9507.1,97829,Delivered
SHP-000947,2024-05-10,11-05-2024,2024-05-13,Chennai,Bengaluru,376.4,TransIndia Logistics,Mini Truck,Express,370.1,5575,Delivered
SHP-000504,06-04-2024,2024-04-09,2024-04-13,Bengaluru,Ahmedabad,1541.9,BharatCargo,Truck,Standard,3728.2,37239,Delivered
SHP-001199,2024-08-10,11-08-2024,2024-08-16,Mumbai,Patna,1802.6,BharatCargo,Truck,Express,5790.7,49333,Delivered
SHP-001190,2024-09-23,2024-09-25,2024-09-30,kolkata,Chennai,1668.9,BHARATCARGO,Container,Standard,9575.5,"₹61,774",Delivered
SHP-001828,2024-12-11,12-12-2024,2024-12-15,Bengaluru,Pune,947.4,SafeHaul,Truck,Express,4507.5,N/A,Delivered
SHP-000004,2024-04-07,2024-04-08,2024-04-11,Chennai,Hyderabad ,612.9,SafeHaul,Truck,Standard,5224.1,"INR 15,846",delivered
SHP-001176,2024-03-23,2024-03-23,2024-03-28,Chennai,Mumbai,-250.0,SafeHaul,Truck,Standard,8372.9,"₹32,443",DELIVERED
SHP-000468,2024-06-25,2024-06-26,2024-06-30,ahmedabad,Lucknow,1230.0,TransIndia Logistics,Mini Truck,Standard,229.7,"₹15,376",Delivered
SHP-000006,2024-06-02,2024-06-03,2024-06-08,Ahmedabad,Lucknow ,1191.3,BharatCargo,Mini Truck,Standard,557.8,"INR 13,667",Delivered
SHP-001404,2024-04-15,2024-04-15,2024-04-20,Mumbai,Patna,1870.8,SafeHaul,Container,Standard,12988.1,67909,Delivered
SHP-000548,27-07-2024,2024-07-28,2024-07-29,Delhi,Jaipur,294.9,BharatCargo,Mini Truck,Standard,293.9,4184,Delivered
SHP-000229,2024-05-22,23-05-2024,2024-05-25,Kolkata,Bengaluru,2041.4,RapidFreight,Air Cargo,Express,227.9,71124,Delivered 
SHP-000543,2024-09-28,2024-09-28,2024-10-02,hyderabad,Lucknow,1420.4,SafeHaul,Container,Express,null,"₹76,760",Delivered
SHP-000243,02/09/2024,02-09-2024,2024-09-04,Mumbai,Jaipur,1094.7,SafeHaul,Air Cargo,Standard,275.3,39038,Delivered
SHP-000899,2024-02-14,2024-02-14,2024-02-18,Delhi,Ahmedabad,1078.1,TransIndia Logistics,Truck,Express,18000.0,39501,Delivered
SHP-001160,2024-10-04,2024-10-04,09-10-2024,Madras,Lucknow,1901.9,BharatCargo,Container,Standard,8625.4,65533,Delivered
SHP-001331,2024-09-13,2024-09-14,2024-09-20,Chennai,Patna,1962.1,SafeHaul,Truck,Standard,3462.6,42054,Returned
SHP-001111,2024-08-06,2024-08-06,2024-08-09,Delhi,Patna,1029.4,RapidFreight,Container,Standard,13565.8,39525,Delivered
SHP-000843,2024-10-31,31/10/2024,NA,Bengaluru,Delhi,2143.2,TransIndia Logistics,Truck,Standard,2739.5,53633,Delivered
SHP-001449,2024-04-28,29-04-2024,2024-05-03,Kolkata,Hyderabad ,1532.2,RapidFreight,Container,Standard,12967.9,51635,Delivered
SHP-001917,22/06/2024,22/06/2024,2024-06-27,Kolkata,Bengaluru,1999.6,TransIndia Logistics,Container,Standard,14838.0,"₹79,772",Delivered
SHP-000375,2024-09-18,2024-09-19,21-09-2024,Delhi,Bengaluru,2289.3,SafeHaul,Air Cargo,Standard,57.1,"INR 67,180",Delivered
SHP-000662,2024-10-22,2024-10-24,29-10-2024,Hyderabad,Patna,1441.3,BharatCargo,Mini Truck,Standard,622.4,"INR 18,232",Delivered
SHP-001285,2024-03-03,2024-03-06,2024-03-10,Ahmedabad,Lucknow,N/A,TransIndia Logistics,Mini Truck,Standard,349.8,null,Delivered
SHP-000315,2024-03-08,2024-03-10,2024-03-12,Mumbai,Ahmedabad,531.9,BharatCargo,Container,Standard,19976.2,25472,Delivered
SHP-000692,2024-12-15,16-12-2024,21-12-2024,Hyderabad,Delhi,1602.9,TransIndia Logistics,Truck,Express,8367.8,52136,Delivered
SHP-001537,2024-12-13,13/12/2024,2024-12-20,Chennai,Delhi,2173.8,RapidFreight,Truck,Standard,8890.4,"₹59,875",Delivered
SHP-000425,2024-08-24,2024-08-25,2024-08-31,kolkata,Bengaluru,1955.8,transindia logistics,Container,Standard,null,80515,delivered
SHP-000595,2024-11-21,2024-11-21,2024-11-25,Delhi,Pune,1421.4,TransIndia Logistics,Truck,Express,4105.5,"₹40,447",Delivered
SHP-000066,2024-10-20,2024-10-20,2024-10-26,Kolkata,Bengaluru,2063.2,RapidFreight,Container,Express,15879.0,94852,Delivered
SHP-000623,2024-09-04,2024-09-05,07-09-2024,ahmedabad,jaipur,685.1, RapidFreight,Mini Truck,Express,1227.5,11963,Delivered
SHP-001197,09-09-2024,2024-09-09,2024-09-13,Mumbai,Lucknow,1469.5,GreenLine Carriers,Container,Standard,28000.0,57159,Delivered
SHP-001434,2024-08-12,2024-08-13,17-08-2024,Delhi ,Patna,N/A,GreenLine Carriers,Truck,Standard,6457.2,25862,Delivered
SHP-000228,2024-03-31,2024-03-31,06-04-2024,Kolkata,Pune,2011.3,SafeHaul,Truck,Express,5525.0,62478,Delivered 
SHP-001685,2024-10-03,2024-10-04,2024-10-07,Delhi,Patna,1048.7,GreenLine Carriers,Container,Standard,11961.4,39657,Delivered
SHP-001359,2024-09-24,2024-09-24,2024-09-30,Chennai,Delhi,2105.7, RapidFreight,Truck,Express,4646.0,62311,delivered
SHP-001458,2024-10-22,2024-10-23,25/10/2024,Bengaluru,Chennai,374.7,RapidFreight,Mini Truck,Express,665.4,6322,Delivered
SHP-000067,2024-03-22,2024-03-23,2024-03-27,Kolkata,Jaipur,1714.0,TransIndia Logistics,Container,Standard,14683.8,60581,Delivered
SHP-000025,2024-02-13,2024-02-14,2024-02-16,Chennai,Hyderabad,662.5,GreenLine Carriers,Truck,Standard,3864.7,16483,Delivered
SHP-000145,2024-01-23,2024-01-25,2024-01-28,Bengaluru,Mumbai,1007.4,GreenLine Carriers,Container,Standard,11346.7,,Delivered
SHP-000537,09/11/2024,2024-11-09,2024-11-15,Bengaluru,Delhi,2310.0,N/A,Truck,Express,2099.4,"₹62,529",Delivered
SHP-000812,2024-12-16,2024-12-16,2024-12-23,New Delhi,chennai,2498.9,RapidFreight,Truck,Express,3740.9,"₹76,325",Delivered
SHP-001852,2024-05-22,2024-05-23,2024-05-26,Ahmedabad,Hyderabad,1128.6,TransIndia Logistics,Container,Express,9244.3,"₹54,542",delivered
SHP-000086,2024-12-18,19/12/2024,21/12/2024,New Delhi,Pune,1523.6,BharatCargo,Air Cargo,Standard,236.6,56861,Delivered
SHP-001360,01-09-2024,2024-09-02,2024-09-04,Delhi ,Bengaluru,2149.5,BharatCargo,Air Cargo,Standard,189.2,"₹68,491",Delivered
SHP-001357,2024-07-15,18-07-2024,2024-07-22,Bangalore,Pune,956.2,RapidFreight,Mini Truck,Standard,634.6 kg,10826,Delivered
SHP-001095,2024-12-10,12/12/2024,2024-12-14,Kolkata,Hyderabad,1551.8, RapidFreight,Air Cargo,Standard,114.8,51454,Delivered 
SHP-001847,2024-12-29,2024-12-30,,Mumbai,Kolkata,2119.8,BharatCargo,Truck,Standard,10648.7,49229,In Transit
SHP-001860,2024-07-29,2024-07-29,2024-07-31,Mumbai,Pune,158.8,TransIndia Logistics ,Truck,Express,14666.7,"INR 15,135",Delivered
SHP-001402,2024-03-29,2024-03-31,04-04-2024,Delhi,Pune,1535.5,SafeHaul,Container,Standard,16142.4,61838,Delivered
SHP-001171,2024-05-07,07-05-2024,2024-05-08,Mumbai,Pune,165.6,RapidFreight,Mini Truck,Standard,1355.1,3384,Delivered
SHP-000363,2024-11-13,2024-11-14,2024-11-19,Delhi,Hyderabad ,1646.8,BharatCargo ,Mini Truck,Express,1353.4,22802,Delivered
SHP-001646,19/11/2024,2024-11-20,2024-11-25,Bengaluru,Delhi,2184.1,GreenLine Carriers,Container,Express,11995.2,97198,Delivered
SHP-001179,2024-07-26,2024-07-27,2024-07-29,Mumbai,DELHI,1501.3,BharatCargo,Air Cargo,Standard,79.7,null,Delivered
SHP-001027,11/09/2024,2024-09-11,17-09-2052,Ahmedabad,Kolkata,2003.2,SafeHaul,Truck,Standard,3842.1,42747,Delivered
SHP-001031,2024-01-30,2024-01-31,2024-02-05,Kolkata,Bengaluru,1961.3,RapidFreight,Truck,Standard,,"₹45,786",Delivered
SHP-001310,2024-06-02,2024-06-02,2024-06-07,Ahmedabad,Bengaluru,1516.7,SafeHaul,Truck,Standard,3157.7,37564,Delivered
SHP-001805,2024-04-23,23-04-2024,25-04-2024,Chennai,Bengaluru,385.3,GreenLine Carriers ,Mini Truck,Express,1618.2,107708,Delivered
SHP-001118,2024-09-11,2024-09-12,2024-09-14,Hyderabad,Bengaluru,662.2,SafeHaul,Truck,Standard,4429.6,"₹18,027",Delivered
SHP-000666,18/08/2024,2024-08-20,2024-08-27,Chennai,Jaipur,1911.0,RapidFreight,Truck,Standard,4218.8,40658,Delivered
SHP-000365,30-05-2024,2024-05-31,2024-06-02,Kolkata,Patna,598.3,TransIndia Logistics,Mini Truck,Express,900.7,9987,Delivered
SHP-000078,26/08/2024,2024-08-27,02/09/2024,Calcutta,Pune,2205.7,,Truck,Standard,5853.0,54344,Delivered
SHP-000028,2024-07-22,22-07-2024,2024-07-26,Delhi,Hyderabad,1525.4,SafeHaul,,Express,18263.3,71869,Delivered
SHP-001467,2024-12-12,12/12/2024,14-12-2024,Bangalore,Delhi,2113.8,RapidFreight,Air Cargo,Express,24.3,"INR 96,857",Delivered
SHP-000526,2024-10-27,2024-10-27,2024-10-29,Mumbai,Hyderabad,787.5,SafeHaul,Container,Standard,10177.4,30800,Delivered
SHP-001877,2024-07-18,19-07-2024,2024-07-24,Mumbai,Lucknow,1525.2,TransIndia Logistics,Truck,Standard,10074.8,"₹39,454",Delivered
SHP-000056,2024-01-11,2024-01-13,2024-01-14,Chennai,Bengaluru,375.3,RapidFreight ,Truck,Standard,6723.9,13017,Delivered
SHP-000639,04/07/2024,2024-07-05,2024-07-09,Chennai,Pune,1206.9,GreenLine Carriers,Truck,Standard,9645.0,"₹30,981",Delivered
SHP-000303,2024-05-17,2024-05-18,2024-05-21,Bengaluru,Mumbai,1105.7,SafeHaul,Truck,Standard,5352.8,29805,Delivered
SHP-000719,2024-09-03,2024-09-04,2024-09-09,Kolkata,Hyderabad,1528.9,TransIndia Logistics,Truck,Standard,5950.7,38515,Delivered
SHP-000625,08/02/2024,08-02-2024,2024-02-12,Ahmedabad,Chennai,1784.8,RapidFreight,Container,Express,11529.2,"INR 90,135",Delivered
SHP-000008,2024-11-07,2024-11-08,2024-11-12,Madras,Pune,1247.1,BharatCargo,Mini Truck,Standard,771.6,14361,Delivered 
SHP-000804,2024-03-03,04/03/2024,2024-03-09,Kolkata,Ahmedabad,2031.4,BharatCargo,Container,Standard,16866.7,"₹76,540",Delivered
SHP-001050,2024-10-20,2024-10-20,2024-10-22,Mumbai,Lucknow,1507.4,SafeHaul,Air Cargo,Standard,68.7,44748,Delivered
SHP-000337,01-02-2024,2024-02-01,N/A,Delhi,Ahmedabad,960.4,TransIndia Logistics,Truck,Standard,3388.0,22213,Delivered
SHP-000048,2024-12-09,2024-12-10,2024-12-14,Mumbai,chennai,1317.9,SafeHaul,Truck,Standard,3333.8,31526,delivered
SHP-001513,2024-10-16,16/10/2024,19/10/2024,Kolkata,Lucknow,1086.0,RapidFreight,Truck,Standard,-,26987,Delivered
SHP-000107,17/09/2024,2024-09-20,21-09-2024,Bengaluru,Mumbai,1079.0,SafeHaul,Air Cargo,Standard,50.5,34085,Delivered
SHP-000350,2024-04-07,2024-04-07,13/04/2024,Delhi,Bengaluru,2177.0,TransIndia Logistics,Truck,Express,8293.1,"₹68,933",Delivered
SHP-001080,2024-12-30,30/12/2024,,Mumbai,PATNA,1910.7,BharatCargo,N/A,Express,null,57758,In Transit
SHP-000239,2024-10-03,2024-10-04,null,Delhi,ahmedabad,1020.3,RapidFreight,Container,Standard,14985.7,41631,Delivered
SHP-000214,2024-12-28,2024-12-29,2025-01-01,hyderabad,Ahmedabad,1163.1,RapidFreight,Container,Standard,7762.9,45694,Delivered
SHP-001334,2024-05-01,2024-05-01,2024-05-03,Ahmedabad,Jaipur,670.0, BHARATCARGO,Mini Truck,Standard,639.1 kg,"₹9,399",delivered
SHP-001165,2024-10-22,23-10-2024,2024-10-30,Delhi,Bengaluru,2299.4,BharatCargo,Truck,Express,9446.6,83322,Returned
SHP-000794,2024-11-11,2024-11-13,2024-11-20,Delhi,Chennai,NA,BharatCargo,Truck,Standard,12579.5,66448,Delivered
SHP-001097,2024-09-08,2024-09-11,2024-09-12,Mumbai,Pune,155.4,TransIndia Logistics ,Truck,Standard,,N/A,Delivered
SHP-001319,2024-08-03,2024-08-04,06/08/2024,Chennai,ahmedabad,1725.6,SafeHaul,Air Cargo,Express,N/A,74658,Delivered
SHP-001548,2024-09-24,27/09/2024,NA,Chennai,Delhi,NA,SafeHaul,Truck,Standard,8252.1 kg,"₹57,975",Delivered
SHP-001616,2024-09-25,2024-09-27,01-10-2024,Mumbai,Ahmedabad,565.4,GreenLine Carriers,Container,Standard,17803.9,NA,Delivered
SHP-001709,2024-11-23,2024-11-23,2024-11-27,Hyderabad,Patna,1427.4,RapidFreight,Container,Standard,17269.4,"INR 55,452",Delivered
SHP-000524,2024-08-01,2024-08-02,2024-08-06,Calcutta,Lucknow,1145.7,RapidFreight,Truck,Standard,15180.9,33623,Delivered
SHP-000233,2024-05-23,2024-05-24,2024-05-28,Ahmedabad,Patna,1693.0,BharatCargo,Container,Standard,9928.1,67240,Delivered
SHP-000645,2024-12-20,21/12/2024,23/12/2024,Kolkata,Delhi,1680.7,SafeHaul,Air Cargo,Express,-,66583,Delivered
SHP-001541,25-04-2024,2024-04-25,2024-04-27,Hyderabad,kolkata,1567.0,RapidFreight,Air Cargo,Express,417.4,59353,Delivered
SHP-000534,2024-05-21,2024-05-22,28/05/2024,Kolkata,Ahmedabad,2184.8,BharatCargo,Truck,Standard,3472.1,47500,DELIVERED
SHP-001542,2024-10-16,2024-10-17,2024-10-23,Mumbai,kolkata,2059.7,RapidFreight,Truck,Standard,7734.9,52310,Delivered
SHP-000604,2024-10-18,18-10-2024,2024-10-23,Chennai,Ahmedabad,1821.9,BharatCargo,Container,Standard,13400.0,70968,Delivered
SHP-001236,2024-05-28,2024-05-28,2024-05-29,Delhi,Jaipur,299.7,BharatCargo,Truck,Standard,3641.8,8590,Delivered
SHP-001075,2024-03-11,2024-03-13,2024-03-16,Hyderabad,Mumbai,809.6,BharatCargo,Truck,Standard,5920.3,24333,Delivered
SHP-001332,2024-03-13,2024-03-13,2024-03-16,Bengaluru,Jaipur,1944.9,-,Air Cargo,Standard,533.6,"₹64,748",Delivered
SHP-000061,2024-02-14,2024-02-15,2024-02-21,Kolkata,Mumbai,2319.6,BharatCargo,Truck,Standard,5345.4,"₹48,128",delivered
SHP-001291,2024-10-28,2024-10-29,2024-11-03,Bengaluru,Jaipur,1903.2,GreenLine Carriers,Truck,Standard,2649.9,NA,Delivered
SHP-000093,2024-04-02,2024-04-03,05-04-2024,Bengaluru ,Madras,372.2,SafeHaul,Truck,Standard,6802.4,"₹12,865",Delivered
SHP-000667,2024-09-24,2024-09-27,2024-10-02,Hyderabad,Chennai,696.3,TransIndia Logistics,Container,Standard,8597.0,28562,Delivered
SHP-000281,2024-09-11,11-09-2024,15-09-2024,Delhi,Hyderabad,1541.1,SafeHaul,Truck,Express,6515.0,46542,Delivered
SHP-001602,2024-09-14,2024-09-15,2024-09-18,Delhi,Lucknow,533.4,GreenLine Carriers,Truck,Express,6108.0,19128,Delivered
SHP-000360,2024-04-14,2024-04-15,2024-04-19,Kolkata,lucknow,1112.5,SafeHaul,Mini Truck,Standard,717.6,14392,Delivered
SHP-001689,2024-05-15,2024-05-15,2024-05-21,Calcutta,ahmedabad,2068.4,BharatCargo,Truck,Express,6464.1,"INR 70,706",Delivered
SHP-001620,2024-03-04,2024-03-07,12-03-2024,Delhi,Kolkata,1622.4,TransIndia Logistics,Truck,Standard,18000.0,"INR 46,565",Delivered
SHP-000848,2024-09-15,2024-09-15,2024-09-22,Madras,Delhi,2280.9,GreenLine Carriers,Mini Truck,Standard,1848.4,"₹27,717",Delivered
SHP-001407,2024-09-15,2024-09-16,2024-09-18,ahmedabad,Pune,656.4,TransIndia Logistics,Mini Truck,Express,1081.1,10584,Delivered
SHP-000111,2024-03-08,2024-03-11,2024-03-17,Bengaluru,Delhi,2182.8,RapidFreight,Container,Standard,11100.8,73743,Delivered
SHP-000043,2024-04-08,2024-04-10,2024-04-14,Chennai,ahmedabad,1778.3,,Container,Standard,22884.1 kg,"₹67,102",Delivered
SHP-000126,2024-02-02,2024-02-02,2024-02-07,Bengaluru,Patna,2006.0,TransIndia Logistics,Container,Standard,13017.8,72242,Delivered
SHP-000205,2024-03-07,2024-03-08,2024-03-14,Delhi,Chennai,2343.0,SafeHaul,Truck,Standard,5532.8,52505,Returned
SHP-000053,13/05/2024,2024-05-14,2024-05-19,Chennai,Ahmedabad,1724.6,SafeHaul,Truck,Standard,2588.0,38247,Delivered
SHP-000546,27-02-2024,2024-02-29,2024-03-05,Bengaluru,Ahmedabad,1655.2,,Container,Standard,15017.2,"₹57,836",Delivered
SHP-000069,02-12-2024,2024-12-04,2024-12-07,Delhi,Ahmedabad,1020.3,TransIndia Logistics,Truck,Standard,18000.0,30731,Delivered
SHP-001905,2024-06-08,2024-06-08,2024-06-15,Calcutta,Mumbai ,2031.0,SafeHaul,Truck,Standard,null,44612,Delivered
SHP-001581,2024-06-19,2024-06-19,2024-06-23,Hyderabad,PATNA,1419.5,RapidFreight,Container,Standard,9472.8 kg,57275,Delivered
SHP-000184,2024-05-10,2024-05-11,2024-05-15,Mumbai,Jaipur,1146.3,TransIndia Logistics,Mini Truck,Express,463.1,"₹17,758",Delivered
SHP-000138,2024-04-11,2024-04-11,2024-04-16,Bengaluru,kolkata,2066.3,RapidFreight,Container,Express,11106.2,"₹102,087",Delivered
SHP-000900,2024-03-18,2024-03-19,2024-03-25,Bengaluru,Patna,2046.7,BharatCargo,Mini Truck,Express,366.5 kg,"₹30,297",Delivered
SHP-000797,2024-05-08,2024-05-10,11-05-2024,Delhi,Patna,1103.3,GreenLine Carriers,Air Cargo,Standard,154.0,36681,Delivered
SHP-000133,31/05/2024,2024-05-31,2024-06-06,Kolkata,Ahmedabad,2072.2,RapidFreight,Mini Truck,Express,NA,"₹28,251",Delivered
SHP-000081,2024-10-13,2024-10-14,17/10/2024,Kolkata,Lucknow,1140.3,TransIndia Logistics,Container,Standard,10880.1,42536,Delivered
SHP-000675,2024-01-29,2024-01-30,2024-02-01,Kolkata,Jaipur,1839.2,RapidFreight,Air Cargo,Standard,171.5,"INR 63,109",Delivered
SHP-001574,2024-05-12,2024-05-13,15-05-2024,Hyderabad,Pune,665.6,safehaul,Truck,Standard,4419.6,16971,Delivered
SHP-000542,2024-09-25,2024-09-26,2024-10-02,Kolkata,Pune,1910.0,TransIndia Logistics,Container,Standard,8995.7,"INR 77,776",Delivered
SHP-001629,2024-08-01,2024-08-01,2024-08-07,Delhi,Hyderabad ,1559.8,RapidFreight,Container,Standard,12639.9,57667,Delivered
SHP-000984,2024-03-05,2024-03-05,2024-03-07,Bengaluru,Hyderabad,631.4,RapidFreight,Truck,Express,3212.6,20927,Delivered
SHP-000166,2024-03-22,2024-03-23,2024-03-24,Mumbai,pune,166.7,BharatCargo,Mini Truck,Express,2349.7,6042,Delivered
SHP-000249,09/04/2024,2024-04-10,14-04-2024,Mumbai,Lucknow,1437.6,BharatCargo,Truck,Standard,4743.8,36001,Delivered
SHP-000447,13/02/2024,2024-02-13,2024-02-18,Ahmedabad,Chennai,1736.5,RapidFreight,N/A,Express,13239.2,63286,Delivered
SHP-001363,2024-04-23,2024-04-24,2024-04-26,Kolkata,Patna,610.6,BharatCargo,Truck,Standard,2958.3,"₹16,286",Delivered
SHP-000859,28-02-2024,2024-02-29,2024-03-04,Mumbai,Madras,1404.6,SafeHaul,Truck,Express,11459.5,"₹52,773",Delivered
SHP-001238,14-03-2024,15/03/2024,2024-03-17,Bengaluru,Jaipur,2083.4,RapidFreight,Air Cargo,Standard,93.9,70894,Delivered
SHP-000098,2024-06-11,2024-06-11,2024-06-16,Delhi,Kolkata,1661.6,TransIndia Logistics,Truck,Express,1957.2,,Delivered
SHP-001647,2024-10-28,2024-10-30,2024-11-03,Mumbai,jaipur,1213.6,SafeHaul,Mini Truck,Standard,1775.3 kg,"₹18,216",Delivered
SHP-000738,2024-04-26,2024-04-28,2024-05-01,Mumbai,Bengaluru,1103.2,BharatCargo,Truck,Standard,3993.0,"₹26,458",Delivered
SHP-001806,2024-02-18,2024-02-19,23-02-2024,Chennai,Mumbai,1365.7,BharatCargo,Mini Truck,Standard,689.1,19785,Delivered
SHP-000103,2024-06-15,2024-06-15,2024-06-21,Mumbai,Kolkata,2158.4,SafeHaul,Truck,Standard,15761.0,51855,Delivered
SHP-000435,2024-11-19,2024-11-19,22-11-2024,delhi,Patna,1080.1,BharatCargo,Truck,Standard,NA,"₹28,871",Delivered
SHP-000075,2024-04-12,2024-04-14,2024-04-16,New Delhi,Bengaluru,2321.0,RapidFreight,Air Cargo,Standard,388.3,"₹74,201",Delivered
SHP-001833,2024-08-14,2024-08-14,2024-08-22,Bengaluru,Jaipur,2028.0,TransIndia Logistics,Truck,Standard,2676.5,"₹46,035",Delivered
SHP-001470,2024-05-03,2024-05-03,09/05/2024,Delhi,Chennai,2185.6,GreenLine Carriers,Truck,Standard,7126.8,57312,Delivered
SHP-000919,2024-04-06,07-04-2024,10-04-2024,Mumbai ,Jaipur,1142.7,RapidFreight,Truck,Standard,4243.9,"INR 25,608",Delivered
SHP-001930,2024-07-02,2024-07-03,2024-07-10,Bengaluru,Kolkata,2050.9,SafeHaul,Container,Standard,12767.2,94650,Delivered
SHP-001761,2024-01-18,2024-01-18,2024-01-23,Mumbai,Kolkata,2054.2,SafeHaul,Container,Express,15284.2,93799,Delivered
SHP-001655,2024-03-25,2024-03-27,2024-04-02,Ahmedabad,Kolkata,2196.3,RapidFreight,Container,Standard,15492.8 kg,71484,Delivered
SHP-000763,2024-02-21,2024-02-22,2024-02-27,Delhi,Bombay,1422.1,NA,Truck,Standard,4851.6,-,Delivered
SHP-000990,2024-12-28,30-12-2024,N/A,Hyderabad,Jaipur,1340.1,TransIndia Logistics,Air Cargo,Standard,68.3,N/A,Delivered
SHP-000389,2024-03-03,04-03-2024,2024-03-06,delhi,Bengaluru,2198.7,GreenLine Carriers,Air Cargo,Standard,87.4,"₹64,339",Delivered
SHP-000236,2024-11-19,2024-11-20,25-11-2024,Hyderabad,Delhi,1548.0,RapidFreight,Container,Standard,14942.2,63863,delivered
SHP-001626,2024-07-28,30-07-2024,2024-08-03,Chennai,Pune,1207.2,GreenLine Carriers ,Truck,Standard,2516.5,26644,Delivered
SHP-000268,2024-03-05,2024-03-07,2024-03-09,Delhi,Lucknow,null,RapidFreight,Truck,Standard,4608.4,15718,Delivered
SHP-001396,2024-11-06,2024-11-06,10-11-2024,Delhi ,mumbai,1501.8,BharatCargo,Container,Standard,17357.2,"INR 56,292",Delivered
SHP-000118,2024-03-07,2024-03-08,2024-03-12,Chennai,Mumbai ,1375.4,RapidFreight,Truck,Express,11487.0,44781,Delivered
SHP-001641,2024-06-27,2024-06-28,2024-07-02,chennai,Ahmedabad,1786.7,RapidFreight,Container,Express,14479.0,N/A,Delivered
SHP-000674,2024-07-12,13-07-2024,2024-07-20,Chennai,Jaipur,1921.4,TransIndia Logistics,Truck,Standard,9049.9,"₹47,801",Delivered
SHP-000250,2024-07-14,2024-07-16,2024-07-18,Bengaluru,Chennai,361.4,RapidFreight,Mini Truck,Standard,432.8,5120,Delivered
SHP-001484,2024-12-04,2024-12-07,2024-12-12,mumbai,Jaipur,1235.9,BharatCargo,Truck,Standard,5016.3,"₹26,520",Delivered
SHP-000255,2024-05-13,2024-05-13,2024-05-17,Mumbai,Bengaluru,1050.8,RapidFreight,Mini Truck,Express,624.3,15331,Delivered
SHP-000095,2024-09-06,2024-09-07,2024-09-11,Mumbai,Lucknow,1446.1,TransIndia Logistics ,Container,Standard,9300.2,56466,Delivered
SHP-000034,2024-08-11,2024-08-11,2024-08-16,Mumbai,Chennai,1397.3,SafeHaul,Truck,Express,4203.9 kg,"INR 37,418",Delivered
SHP-001791,2024-09-18,2024-09-19,24-09-2024,Chennai,Ahmedabad,1731.0,RapidFreight,Container,Standard,12126.6,66705,Delivered
SHP-001705,21/07/2024,2024-07-24,27-07-2024,Bengaluru,Chennai,356.4,SafeHaul,Mini Truck,Standard,386.7,4439,Delivered
SHP-000449,2024-07-22,2024-07-22,2024-07-27,Delhi,PATNA,null,BharatCargo,Mini Truck,Express,1048.2,17235,Delivered
SHP-000717,2024-09-26,2024-09-27,2024-09-29,Kolkata,Jaipur,1740.8,SafeHaul,Air Cargo,Standard,-,"₹56,321",Delivered
SHP-001436,2024-04-07,2024-04-07,08-04-2024,Ahmedabad,Lucknow,1204.1,TransIndia Logistics,Air Cargo,Standard,66.9,39222,Delivered
SHP-001551,2024-08-02,2024-08-03,2024-08-09,Delhi,pune,1514.6,BharatCargo,Container,Standard,25591.3,69152,Delivered
SHP-000001,21-11-2024,2024-11-22,2024-11-23,Chennai,Bengaluru,387.7,BharatCargo,Truck,Standard,6003.8,"INR 13,458",Delivered
SHP-001405,2024-07-18,2024-07-19,2024-07-25,Delhi,Mumbai,1440.8,RapidFreight,Truck,Express,N/A,42135,Delivered
SHP-001102,2024-02-17,17/02/2024,22/02/2024,Mumbai,Patna,1805.7,RapidFreight,Truck,Standard,8046.4,44298,Delivered
SHP-001109,2024-02-29,2024-03-03,08-03-2024,Ahmedabad,Chennai,1745.4,RapidFreight,Truck,Standard,5744.3,"₹48,484",Delivered
SHP-001282,2024-04-05,2024-04-05,2024-04-09,Bengaluru,Ahmedabad,1575.5,SafeHaul,Truck,Express,5326.7,"INR 50,509",Delivered
SHP-000083,30/01/2024,2024-02-01,05/02/2024,Hyderabad,Ahmedabad,1100.0,BharatCargo ,Mini Truck,Standard,170.4,14415,Delivered
SHP-001316,2024-06-11,2024-06-12,2024-06-18,Chennai,Patna,1848.7,RapidFreight,Container,Standard,11513.6,73882,Delivered
SHP-000677,2024-12-11,2024-12-11,2024-12-15,Ahmedabad,Hyderabad,1123.8,TransIndia Logistics,Truck,Standard,9427.5,32148,delivered
SHP-001482,2024-07-08,2024-07-08,2024-07-14,Delhi,Mumbai,1458.8,BharatCargo,Mini Truck,Express,740.0,25269,Delivered
SHP-001047,2024-11-22,2024-11-23,2024-11-26,Delhi,Ahmedabad,1023.7,SafeHaul,,Standard,4856.8,N/A,Delivered
SHP-000771,2024-09-05,05-09-2024,2024-09-09,Bombay,Chennai,1281.3,SafeHaul,Truck,Standard,5516.1,"₹34,044",Delivered
SHP-001868,2024-05-02,02-05-2024,05-05-2024,Mumbai,Jaipur,1178.9,SafeHaul,Container,Express,6622.1 kg,59393,Delivered
SHP-001308,2024-06-02,05/06/2024,2024-06-10,Kolkata,Ahmedabad,2074.4,GreenLine Carriers,Container,Standard,9155.6,69132,Delivered
SHP-001614,2024-10-10,2024-10-13,2024-10-16,Mumbai,Bengaluru,965.5,GreenLine Carriers,Truck,Standard,18000.0,"INR 33,032",Delivered
SHP-001522,2024-11-16,2024-11-17,2024-11-21,Bengaluru,Pune,962.8,RapidFreight,Truck,Express,9526.3,34242,Delivered
SHP-000405,2024-01-12,13/01/2024,2024-01-19,Ahmedabad,Kolkata,2112.3,RapidFreight,Truck,Express,12694.8,62263,Delivered 
SHP-001766,2024-04-10,2024-04-11,2024-04-13,Delhi,Patna,1139.7,GreenLine Carriers,Air Cargo,Standard,23.9,33126,Delivered
SHP-001430,2024-05-13,2024-05-14,2024-05-20,Bengaluru,Jaipur,1969.0,SafeHaul,Container,Standard,17442.1,78803,Delivered
SHP-001910,2024-05-24,2024-05-25,29/05/2024,Hyderabad ,Patna,1373.4,GreenLine Carriers,Truck,Express,16504.5,45696,Delivered
SHP-000105,2024-09-21,2024-09-23,2024-09-28,chennai,Delhi,2238.6,GreenLine Carriers,Container,Standard,-,79881,Delivered
SHP-000689,2024-01-01,2024-01-03,09-01-2024,chennai,Delhi,2190.8,RapidFreight,Container,Standard,11145.5,88539,Delivered
SHP-001084,2024-11-14,2024-11-15,2024-11-17,Hyderabad,Bengaluru,678.1,BHARATCARGO,Mini Truck,Standard,277.6,"₹9,000",Delivered
SHP-000827,2024-12-27,2024-12-27,NA,Kolkata,Mumbai,1965.9,RapidFreight,Truck,Standard,6337.1,50474,Delivered
SHP-000063,2024-02-26,2024-02-26,2024-03-02,Kolkata,Pune,1953.7,,Container,Standard,10467.9,65950,Delivered
SHP-000853,2024-08-08,09/08/2024,2024-08-11,Hyderabad,Mumbai,756.1, RapidFreight,Truck,Express,5033.7,24129,Delivered
SHP-001381,11/04/2024,2024-04-11,2024-04-14,Bengaluru,Mumbai,1092.7,RAPIDFREIGHT,Truck,Standard,6739.5,"₹27,267",Returned
SHP-000224,2024-08-25,2024-08-25,2024-08-29,Ahmedabad,Hyderabad,1245.8,,Truck,Standard,2702.3,28063,Delivered
SHP-000146,10-11-2024,2024-11-10,2024-11-15,Mumbai,Chennai,12561.0,BharatCargo,Truck,Express,9508.3,45660,Delivered
SHP-001089,28/06/2024,28-06-2024,2024-07-03,Bengaluru,Mumbai,1097.7,NA,Mini Truck,Standard,627.4,"₹14,270",DELIVERED
SHP-000374,2024-06-22,2024-06-23,26-06-2024,Mumbai,Jaipur,1200.5,GreenLine Carriers,Container,Standard,11859.1,"₹46,074",Delivered
SHP-001451,2024-11-18,2024-11-19,23-11-2024,Hyderabad,Kolkata,1471.4,RapidFreight,Container,Standard,10674.0,60855,Delivered
SHP-001143,23-07-2024,2024-07-24,2024-07-27,Hyderabad ,Pune,624.9,BharatCargo,Container,Standard,23657.9,32023,Delivered
SHP-001869,2024-04-18,2024-04-18,24/04/2024,Bengaluru,Lucknow,2069.7,BharatCargo,Truck,Express,13965.3 kg,"₹61,822",Delivered
SHP-001659,2024-11-17,2024-11-18,23-11-2024,Mumbai,Patna,1974.6,SafeHaul,Truck,Standard,7294.1,"₹47,970",Delivered
SHP-001636,2024-12-23,2024-12-25,2024-12-31,Bengaluru,Patna,2114.3,RapidFreight,Container,Standard,11282.3,"₹81,024",Delivered
SHP-001981,2024-01-24,2024-01-24,2024-01-27,Hyderabad,Pune,618.1,SafeHaul,Mini Truck,Standard,540.4,-,Delivered
SHP-000010,2024-09-26,26-09-2024,2024-10-02,Bengaluru,mumbai,1083.1,RapidFreight,Mini Truck,Standard,377.2,13474,Delivered
SHP-000450,2024-03-08,2024-03-11,2024-03-16,Kolkata,jaipur,1867.7,SafeHaul,Container,Standard,11947.9,63458,delivered
SHP-000709,2024-07-19,2024-07-20,2024-07-25,Bengaluru,ahmedabad,1688.5,BharatCargo,Container,Standard,17985.4,"₹59,425",Delivered
SHP-000256,2024-03-21,2024-03-22,2024-03-24,chennai,Bengaluru,366.6,RapidFreight,Mini Truck,Standard,543.0,5342,Delivered
SHP-000883,2024-10-27,2024-10-29,2024-11-02,Ahmedabad,Bengaluru,1536.8,SafeHaul,Truck,Standard,6500.0,"INR 40,218",Delivered
SHP-000390,18/11/2024,2024-11-19,2024-11-23,Hyderabad,Patna,1473.0,TransIndia Logistics,Truck,Express,8682.7,52936,Delivered
SHP-000909,2024-01-25,2024-01-26,2024-01-28,Bombay,Ahmedabad,560.3,TransIndia Logistics,Truck,Standard,5258.1,"₹15,475",Delivered 
SHP-000925,2024-11-28,2024-11-30,2024-12-06,Delhi ,Bengaluru,2227.5,SafeHaul,Truck,Standard,5496.4,50362,Delivered
SHP-001741,17-10-2024,2024-10-19,2024-10-21,Mumbai,Ahmedabad,565.7,SafeHaul,Truck,Standard,6209.3,16766,Delivered
SHP-001259,2024-03-03,2024-03-04,2024-03-05,Bengaluru,Pune,971.6,TransIndia Logistics,Air Cargo,Standard,52.5,30357,Delivered
SHP-000461,2024-04-22,2024-04-22,2024-04-28,Kolkata,Mumbai,2028.5,TransIndia Logistics,Truck,Standard,4485.1,"₹45,412",Delivered
SHP-001643,2024-12-11,2024-12-12,2024-12-15,Bengaluru,Pune,954.3,BharatCargo,Truck,Standard,4342.2,23548,Delivered
SHP-001738,13-11-2024,2024-11-14,18-11-2024,Mumbai,Lucknow,1372.6, GreenLine Carriers,Truck,Standard,4926.8,"₹33,897",Delivered
SHP-001169,2024-10-06,2024-10-07,2024-10-09,Hyderabad,Chennai,664.0,BharatCargo,Truck,Express,1055.0,"₹19,209",Delivered
SHP-000959,2024-09-01,01-09-2024,N/A,Bengaluru,Lucknow,-,RapidFreight,Mini Truck,Standard,318.6,24997,Delivered
SHP-000502,2024-03-26,2024-03-27,2024-03-31,Hyderabad,Patna,1388.5,BharatCargo,Container,Standard,N/A,"₹52,941",Delivered
SHP-000740,2024-03-15,2024-03-15,2024-03-21,Bengaluru,Patna,2108.2,RapidFreight,Truck,Standard,9885.2,50212,Delivered
SHP-001893,2024-03-29,2024-03-29,2024-04-04,Kolkata,Mumbai,2062.1,TransIndia Logistics,Container,Standard,11990.9,"₹78,175",delivered
SHP-000869,2024-10-21,2024-10-21,2024-10-23,Delhi,Lucknow,517.6,GreenLine Carriers,Truck,Standard,10017.2,17834,Delivered
SHP-000732,2024-07-04,2024-07-05,2024-07-09,Delhi,Pune,1490.7,RapidFreight,Truck,Express,5938.1,48776,Delivered
SHP-000540,25/12/2024,2024-12-26,2024-12-31,Hyderabad,Jaipur,1463.3,RapidFreight,Mini Truck,Standard,445.7,17344,Delivered
SHP-001202,2024-05-18,2024-05-19,2024-05-23,Kolkata,Hyderabad,1449.6,GreenLine Carriers,Container,Standard,28000.0,61523,Delivered
SHP-000698,2024-01-04,2024-01-05,2024-01-11,Kolkata,DELHI,1716.8,BharatCargo,Truck,Standard,5344.9,"INR 38,594",Delivered
SHP-001423,2024-01-02,2024-01-02,2024-01-08,Bengaluru ,DELHI,2159.7,safehaul,Container,Standard,20661.3,72412,Delivered
SHP-001406,2024-11-09,2024-11-10,2024-11-13,Mumbai,Bengaluru,1083.3,RapidFreight,Truck,Standard,5386.2,25879,Delivered
SHP-001146,2024-01-31,2024-02-01,2024-02-02,Mumbai,Ahmedabad,553.4,RapidFreight,Air Cargo,Standard,91.6,"₹20,270",Delivered
SHP-001032,2024-05-20,2024-05-21,N/A,Chennai,Jaipur,2037.3,SafeHaul,Air Cargo,Standard,11.9,,Delivered
SHP-000373,2024-07-20,2024-07-20,2024-07-21,Mumbai,Chennai,1350.0,RapidFreight,Air Cargo,Express,56.9,57051,Delivered
SHP-000668,25/09/2024,27-09-2024,29/09/2024,Ahmedabad,Mumbai ,584.1,RapidFreight,Mini Truck,Standard,1820.0,9666,Delivered
SHP-001559,2024-02-25,2024-02-26,2024-02-28,Kolkata,PATNA,578.1,SafeHaul,Truck,Standard,-,19518,Delivered
SHP-000358,11-01-2024,2024-01-12,16/01/2024,Hyderabad,Kolkata,1500.2,TransIndia Logistics,Container,Standard,21088.6,56773,Delivered
SHP-000968,14-08-2024,16-08-2024,2024-08-18,Delhi,Bengaluru,2283.8,BharatCargo,Air Cargo,Standard,405.7,84177,delivered
SHP-000784,2024-09-02,2024-09-03,2024-09-08,kolkata,Ahmedabad,2135.6,BharatCargo,Container,Express,19193.3,92353,DELIVERED
SHP-000736,2024-09-19,2024-09-22,24/09/2024,chennai,Hyderabad,613.8,BharatCargo,Truck,Standard,4379.1,"₹14,089",Delivered
SHP-001036,2024-12-15,2024-12-17,2024-12-21,Kolkata,Chennai,1695.5,SafeHaul,Container,Standard,,67950,Delivered
SHP-000971,2024-06-07,09-06-2024,2024-06-13,Mumbai,Jaipur,1166.8,RapidFreight,Container,Standard,8289.5,44982,Delivered
SHP-001558,2024-11-29,2024-11-29,06-12-2024,Bengaluru,Kolkata,2138.3,RapidFreight,Truck,Standard,9995.4,56388,Delivered
SHP-001520,2024-12-02,02/12/2024,05/12/2024,Delhi,Patna,1033.8,BharatCargo,Truck,Express,8092.6,32529,Delivered
SHP-001557,2024-06-18,20/06/2024,2024-06-22,Ahmedabad,Mumbai,555.1,SafeHaul,Truck,Standard,7223.9,16297,Delivered
SHP-001555,12-05-2024,2024-05-13,2024-05-19,Mumbai,Patna,1781.4,SafeHaul,Truck,Express,3937.9,47650,Delivered
SHP-001524,20/03/2024,2024-03-21,2024-03-26,Chennai,Lucknow ,1913.2,GreenLine Carriers,Container,Standard,21004.6,80523,Delivered 
SHP-001677,2024-07-06,2024-07-07,2024-07-06,Chennai,Patna,1863.5,BharatCargo,Air Cargo,Standard,583.1 kg,null,Delivered
SHP-001253,2024-07-02,02-07-2024,2024-07-06,Delhi,Ahmedabad,1008.2,GreenLine Carriers,Truck,Express,3676.1,31886,Delivered
SHP-001731,2024-04-29,29/04/2024,01/05/2024,Ahmedabad,Jaipur,672.9,GreenLine Carriers,Truck,Standard,4877.1,16541,Delivered
SHP-001753,17/08/2024,2024-08-18,2024-08-21,Hyderabad,Mumbai,772.2,BharatCargo,Truck,Express,6688.3,26472,Delivered
SHP-001237,11/06/2024,2024-06-14,2024-06-19,Mumbai,Patna,1897.0,RapidFreight,Container,Standard,18057.6,75377,DELIVERED
SHP-000886,2024-05-11,2024-05-13,18-05-2024,Mumbai,Chennai,1405.2,SafeHaul,Container,Standard,16556.0,56647,Delivered
SHP-000080,2024-11-26,2024-11-28,2024-12-03,Chennai,Ahmedabad,1726.4,GreenLine Carriers,Container,Standard,,73613,delivered
SHP-001173,2024-06-19,2024-06-19,2024-06-23,Mumbai,Jaipur,1214.2,BHARATCARGO,Truck,Express,N/A,38245,Delivered
SHP-000815,2024-07-05,2024-07-05,2024-07-08,Delhi,Ahmedabad,1028.7,RapidFreight,Mini Truck,Standard,353.6,"INR 13,434",Delivered
SHP-001754,2024-06-17,2024-06-18,2024-06-19,Hyderabad,Kolkata,1435.7,GreenLine Carriers,Air Cargo,Standard,669.9,"₹61,638",Delivered
SHP-000672,2024-08-23,2024-08-24,,Kolkata,Pune,2021.1,RapidFreight,Air Cargo,Standard,240.3,68912,Delivered
SHP-001565,2024-02-12,12/02/2024,2024-02-17,Hyderabad,Delhi,1468.6,BharatCargo,Mini Truck,Express,1684.2,22572,Delivered
SHP-000058,2024-09-30,02/10/2024,04/10/2024,Kolkata,PATNA,615.2,BharatCargo,Truck,Standard,4613.9,16448,Delivered
SHP-000134,17-09-2024,2024-09-18,2024-09-25,Mumbai,Patna,1878.7,GreenLine Carriers,Container,Standard,11321.4,"INR 68,688",Delivered
SHP-001141,2024-11-24,2024-11-24,2024-11-28,Mumbai,Bengaluru,1143.4, BharatCargo,Mini Truck,Standard,1784.5,14134,Delivered
SHP-000934,2024-07-02,2024-07-05,2024-07-12,Chennai,jaipur,2091.3,SafeHaul,Truck,Standard,3426.6,56615,Delivered
SHP-001722,29/04/2024,2024-04-30,02/05/2024,Bombay,Hyderabad,799.3,SafeHaul,Truck,Express,5058.9,"₹25,573",Delivered
SHP-000824,2024-11-17,2024-11-18,2024-11-23,Kolkata,Lucknow ,1125.9,RapidFreight,Mini Truck,Standard,612.0,15631,Delivered
SHP-001215,2024-11-24,2024-11-26,2024-12-01,Bombay,Jaipur,1271.7,TransIndia Logistics,Mini Truck,Standard,1059.8,"₹15,429",Delivered
SHP-000505,2024-11-30,2024-12-01,2024-12-06,Bengaluru,Delhi,2235.5,SafeHaul,Container,Express,N/A,120532,Delivered
SHP-001815,2024-10-30,2024-11-01,2024-11-05,Hyderabad,Patna,1391.3,TransIndia Logistics,Truck,Standard,5447.4,"₹36,064",Delivered
SHP-000348,2024-08-08,2024-08-10,2024-08-16,Mumbai,Kolkata,2264.8,RapidFreight,Truck,Standard,6425.2,52951,Delivered
SHP-000387,2024-01-23,24-01-2024,30-01-2024,Chennai,Kolkata,1792.3,BharatCargo,Truck,Standard,8371.2 kg,51830,Delivered
SHP-001025,15-10-2024,2024-10-18,2024-10-23,Kolkata,Jaipur,1805.5,BharatCargo,Truck,Standard,11485.4,49194,Delivered
SHP-000895,2024-07-03,2024-07-03,2024-07-05,Chennai,Hyderabad,6656.0,BharatCargo,Truck,Express,5190.2,20572,Delivered
SHP-000829,2024-11-01,03-11-2024,07/11/2024,Hyderabad,Lucknow,1428.6,BharatCargo,Container,Standard,25886.5,51998,DELIVERED
SHP-001937,2024-02-14,2024-02-17,2024-02-21,Bengaluru,Mumbai,1086.2,BharatCargo,-,Standard,2011.0,15990,Delivered
SHP-000476,2024-03-18,2024-03-20,23-03-2024,Mumbai,Bengaluru,-250.0,RapidFreight,Container,Standard,,45760,Delivered
SHP-001503,2024-09-14,2024-09-15,2024-09-17,Mumbai,New Delhi,1518.3,RapidFreight,Air Cargo,Standard,21.1,"INR 52,946",Delivered
SHP-001478,20/03/2024,2024-03-22,2024-03-23,Ahmedabad,pune,701.0,TransIndia Logistics,Air Cargo,Standard,138.0,21763,Delivered
SHP-001765,2024-02-29,2024-03-02,09/03/2024,Delhi,Bengaluru,2218.2,BHARATCARGO,Truck,Standard,4226.9,null,Delivered
SHP-000653,2024-08-22,2024-08-23,2024-08-26,Chennai,Bengaluru,402.2,BharatCargo,Truck,Standard,4960.7,13661,Delivered
SHP-000173,2024-08-15,16/08/2024,2024-08-21,Mumbai,Patna,1862.9,BharatCargo,Truck,Express,8192.4 kg,50838,Delivered
SHP-001150,2024-04-10,2024-04-11,2024-04-16,Hyderabad,Patna,1467.9,RapidFreight,Mini Truck,Standard,1212.3,"₹18,617",Delivered 
SHP-000039,2024-05-24,2024-05-25,2024-05-28,Mumbai,Bengaluru,1079.8,BharatCargo,Truck,Standard,5205.0,25991,Delivered
SHP-000714,2024-06-16,17-06-2024,2024-06-21,ahmedabad,Bengaluru,,TransIndia Logistics,Container,Standard,20909.3,"INR 70,607",Delivered
SHP-000091,07-12-2024,2024-12-08,2024-12-11,Delhi,Ahmedabad,962.7,BharatCargo,Truck,Express,18000.0,40558,Delivered
SHP-001982,2024-09-08,08/09/2024,2024-09-10,Mumbai,Ahmedabad,589.2,BharatCargo,Truck,Standard,2952.7,"₹15,078",Delivered
SHP-001206,2024-09-10,2024-09-11,2024-09-15,Delhi,Hyderabad,1542.1,RapidFreight,Truck,Standard,2927.7,41044,Delivered
SHP-000876,10/04/2024,2024-04-10,2024-04-12,Hyderabad,Pune,643.7,GreenLine Carriers,Mini Truck,Express,694.5,11271,Delivered 
SHP-001379,27-04-2024,29-04-2024,03-05-2024,Kolkata,Hyderabad,1515.6,BharatCargo,Truck,Standard,8465.5,35585,Delivered
SHP-001934,2024-06-30,30-06-2024,02-07-2024,Hyderabad,Chennai,635.8,SAFEHAUL,Mini Truck,Express,2167.2,12134,Returned
SHP-001094,2024-11-05,2024-11-07,11-11-2024,Mumbai,Lucknow,1489.8,SafeHaul,Truck,Standard,7911.1,35108,Delivered
SHP-001156,09-11-2024,2024-11-12,13-11-2024,Delhi,Jaipur,295.6,SafeHaul,Truck,Standard,6781.2,11416,Delivered
SHP-001392,2024-07-12,2024-07-12,2024-07-15,Hyderabad,Mumbai,765.0,GreenLine Carriers,Mini Truck,Express,1044.2,"₹12,831",Delivered
SHP-000906,2024-05-28,2024-05-29,2024-06-03,Kolkata,Pune,1989.8,RAPIDFREIGHT,Truck,Standard,5211.1,50946,delivered
SHP-000500,2024-03-29,2024-03-29,2024-03-31,bangalore,Chennai,366.9,null,Mini Truck,Standard,227.6,4343,Delivered
SHP-000339,2024-11-12,2024-11-12,2024-11-13,Delhi,Ahmedabad,980.0,RapidFreight,Air Cargo,Standard,31.4,31079,Delivered
SHP-001189,2024-12-14,2024-12-14,2024-12-15,Delhi,Jaipur,309.7,BharatCargo,Mini Truck,Standard,903.7,4476,DELIVERED
SHP-000029,08/03/2024,2024-03-10,2024-03-14,Delhi,Pune,1499.2,SafeHaul,Truck,Standard,3241.7,33003,Delivered
SHP-001218,2024-06-02,2024-06-03,08-06-2024,Kolkata,Pune,1983.6,BharatCargo,Truck,Standard,4093.0,51881,Delivered
SHP-001353,2024-11-14,2024-11-15,2024-11-17,mumbai,Calcutta,2260.5,GreenLine Carriers,Air Cargo,Standard,235.8,70608,Delivered
SHP-001912,2024-08-09,2024-08-10,2024-08-15,Delhi,Bengaluru ,2222.8,RapidFreight,Container,Express,12387.1,1468782,Delivered
SHP-000946,03-03-2024,2024-03-03,2024-03-05,Mumbai,Ahmedabad,533.0,SafeHaul,Container,Standard,24401.8,"₹27,708",Delivered
SHP-000170,2024-05-24,25/05/2024,2024-06-01,ahmedabad,Patna,1722.5,RapidFreight,Truck,Express,9276.1,"₹56,038",Delivered
SHP-001802,2024-07-04,04/07/2024,2024-07-10,Kolkata,Bengaluru,1966.6,RapidFreight,Truck,Standard,6851.7,"₹43,308",Delivered
SHP-001198,2024-03-23,2024-03-23,2024-03-27,Kolkata,Lucknow,1181.1,RapidFreight,Mini Truck,Standard,415.7,14161,Delivered
SHP-001254,2024-12-14,2024-12-15,2024-12-17,Kolkata,Patna,609.4,RapidFreight,Container,Express,13007.7,31561,Delivered
SHP-001429,2024-07-28,2024-07-29,2024-07-31,Chennai,New Delhi,2277.7,TransIndia Logistics,null,Standard,36.5,71403,Delivered
SHP-000913,2024-07-30,2024-07-31,03/08/2024,Ahmedabad,Delhi,900.2,TransIndia Logistics,Container,Standard,11937.1,39359,Delivered
SHP-000492,2024-08-13,2024-08-13,2024-08-20,Calcutta,Mumbai,,TransIndia Logistics,Truck,Standard,8850.5,56122,delivered
SHP-000954,2024-11-04,06-11-2024,2024-11-08,Delhi,Kolkata,1602.8,rapidfreight,Air Cargo,Standard,1252.4,"₹69,128",Returned
SHP-001098,2024-06-08,2024-06-09,11-06-2024,hyderabad,Chennai,627.2,SafeHaul,Truck,Standard,5545.5,16458,Delivered
SHP-001033,2024-06-08,2024-06-08,2024-06-10,Bengaluru,Madras,360.0,SafeHaul,Mini Truck,Standard,1000.6,4965,Delivered
SHP-000588,2024-03-29,2024-03-29,01/04/2024,Mumbai,Bengaluru,1050.6,BharatCargo,Container,Standard,16360.7,47056,Delivered
SHP-000751,12/09/2024,2024-09-13,2024-09-18,Mumbai,Delhi,1442.1,BharatCargo,Truck,Express,5355.7,43151,Delivered
SHP-000658,2024-12-01,02/12/2024,2024-12-07,Mumbai,Patna,1855.9,BharatCargo,Container,Express,16405.7,"₹76,681",Delivered
SHP-000235,2024-07-28,30-07-2024,2024-08-06,Ahmedabad,Kolkata,2020.5,RapidFreight,Truck,Standard,12083.4,"₹50,777",Delivered 
SHP-000733,30/10/2024,2024-10-30,2024-11-02,Delhi,ahmedabad,930.1,SafeHaul,Container,Express,13606.8,"₹48,247",Delivered
SHP-000908,2024-11-04,2024-11-06,2024-11-09,Delhi,Ahmedabad,938.0,GREENLINE CARRIERS,Mini Truck,Standard,2500.0,14723,Delivered
SHP-001667,2024-12-09,10/12/2024,2024-12-16,hyderabad,Kolkata,1627.8,SafeHaul,Truck,Standard,14644.4,"INR 39,808",Delivered
SHP-001157,2024-11-19,2024-11-21,2024-11-23,DELHI,Lucknow,549.7,TransIndia Logistics,Mini Truck,Standard,1160.7,"₹7,818",Delivered
SHP-001502,2024-10-25,2024-10-27,2024-11-02,Ahmedabad,Kolkata,2230.0,SafeHaul,Truck,Standard,18000.0,71120,Delivered
SHP-001455,03/02/2024,2024-02-03,2024-02-06,Mumbai,Bengaluru,1108.5,SafeHaul,Truck,Standard,18000.0,36953,Delivered
SHP-001764,23-12-2024,2024-12-23,2024-12-27,Delhi,Mumbai,1510.5,RapidFreight,Truck,Standard,16958.2,"INR 42,671",Delivered
SHP-000935,11/05/2024,13-05-2024,14-05-2024,Chennai,Bengaluru,396.7,BharatCargo,Container,Standard,9950.5,"₹19,076",Delivered
SHP-001210,17-01-2024,2024-01-17,24-01-2024,Bengaluru,Delhi,2252.0,GreenLine Carriers,Container,Standard,17358.0,93973,delivered
SHP-001066,2024-08-02,2024-08-02,2024-08-08,Ahmedabad,Patna,NA,RapidFreight,Mini Truck,Standard,789.5,19667,Delivered
SHP-000109,07-01-2024,2024-01-07,2024-01-11,Delhi,Patna,1087.3,RAPIDFREIGHT,Mini Truck,Standard,359.1,13451,delivered
SHP-001576,2024-10-05,2024-10-05,09/10/2024,Mumbai,Patna,1791.4,SafeHaul,Container,Express,16705.6,82752,Delivered
SHP-000569,16/05/2024,2024-05-19,2024-05-22,Mumbai,Bengaluru,1139.3,null,Truck,Standard,6810.2,"₹30,899",Delivered
SHP-001168,02/12/2024,2024-12-02,2024-12-06,Bengaluru,Mumbai,1106.5,RapidFreight,Mini Truck,Standard,871.1,17534,Delivered
SHP-001175,2024-07-06,07-07-2024,2024-07-14,Bengaluru,Kolkata,2099.7,TransIndia Logistics,Container,Standard,15094.7 kg,81382,DELIVERED
SHP-000891,2024-04-12,2024-04-14,2024-04-18,Mumbai,Jaipur,11678.0,BharatCargo ,Mini Truck,Standard,811.1,13316,Delivered
SHP-000948,21/11/2024,2024-11-21,2024-11-26,Hyderabad,Patna,1434.7,GreenLine Carriers,Mini Truck,Express,696.6,22710,Delivered
SHP-001049,15-07-2024,15/07/2024,2024-07-19,hyderabad,Kolkata,1497.9,BharatCargo,Container,Standard,14072.1,"₹57,428",Delivered
SHP-001380,2024-02-17,2024-02-17,2024-02-19,Bengaluru,Patna,2065.0, SafeHaul,Air Cargo,Standard,71.5,"INR 57,046",delivered
SHP-001812,2024-05-23,2024-05-24,null,Bengaluru,Pune,933.6,SafeHaul,Truck,Standard,8559.4,"₹23,404",Delivered
SHP-001477,23/05/2024,2024-05-24,30/05/2024,Bengaluru,kolkata,1862.0,TransIndia Logistics,Truck,Standard,3809.0,"₹40,745",Delivered
SHP-000885,2024-12-13,2024-12-13,2024-12-17,Delhi,Mumbai ,1479.2,SafeHaul,Truck,Express,4240.8,45825,Delivered
SHP-001710,21-01-2024,2024-01-23,2024-01-25,Mumbai,Ahmedabad,582.1,BharatCargo,Truck,Standard,3906.6,15735,Delivered
SHP-000851,2024-05-26,2024-05-26,28-05-2024,Delhi,Lucknow,562.4,RapidFreight,Truck,Express,8856.8,21179,Delivered
SHP-000735,2024-10-29,2024-10-30,2024-10-31,Delhi,Jaipur,287.6,SafeHaul,Truck,Standard,12179.3,13581,Delivered
SHP-000718,26/09/2024,2024-09-27,2024-09-29,Delhi,lucknow,564.1,SafeHaul,Container,Express,8878.9,31448,Delivered
SHP-000455,2024-06-23,2024-06-24,28-06-2024,Delhi,Pune,1470.8,RapidFreight,Container,Standard,12320.6,49049,Delivered
SHP-000265,2024-01-17,2024-01-18,21-01-2024,Ahmedabad,hyderabad,1116.2,-,Truck,Standard,3475.5,22225,Delivered
SHP-000076,2024-12-10,2024-12-12,2024-12-13,Mumbai,Delhi,1452.6,RapidFreight,Air Cargo,Standard,304.0,46504,Delivered
SHP-001694,2024-10-15,2024-10-16,2024-10-20,Chennai,Kolkata,1700.9,GreenLine Carriers,Container,Standard,16417.2,78687,Delivered
SHP-000445,2024-01-25,2024-01-26,2024-01-28,Mumbai,Ahmedabad,556.0,RapidFreight ,Mini Truck,Express,1684.9,"₹11,463",Delivered
SHP-000396,2024-10-05,2024-10-05,2024-10-12,Bengaluru,Patna,2005.8,RapidFreight,Truck,Standard,7908.2,"INR 48,543",Delivered
SHP-000177,2024-01-26,2024-01-27,2024-01-28,Bengaluru,Chennai,359.9,SafeHaul,Truck,Standard,10302.7,14683,Delivered
SHP-001043,2024-07-29,2024-07-30,2024-08-06,Kolkata,Bengaluru,2021.3,TransIndia Logistics,Truck,Express,5928.4,57534,Delivered
SHP-001775,08-04-2024,09/04/2024,N/A,Kolkata,hyderabad,1492.2,RapidFreight,Truck,Standard,6109.2,36801,Delivered
SHP-001432,2024-03-23,2024-03-24,2024-03-26,Calcutta,Chennai,-,BharatCargo ,Air Cargo,Express,151.3,63257,Delivered
SHP-001544,2024-10-13,2024-10-14,NA,Delhi,ahmedabad,-1.0,BharatCargo,Truck,Standard,4793.9,"₹24,443",Delivered
SHP-001582,2024-11-28,2024-11-29,02-12-2024,Mumbai,Jaipur,1182.0,BharatCargo,Truck,Standard,7562.9,27330,Delivered
SHP-000596,20-12-2024,2024-12-22,2024-12-26,Mumbai,Delhi,1378.0,TransIndia Logistics,Mini Truck,Standard,479.4,19061,delivered
SHP-000062,2024-10-02,2024-10-04,07-10-2024,Bengaluru,Delhi,2183.4,GreenLine Carriers,Air Cargo,Standard,137.0,63708,Delivered
SHP-001297,2024-08-17,18-08-2024,24/08/2024,Delhi,Mumbai,1521.6,RapidFreight,Container,Express,16591.4,"₹79,105",Delivered
SHP-000873,18/07/2024,18-07-2024,2024-07-20,Ahmedabad,Delhi,888.7,TransIndia Logistics,Container,Standard,11001.4,36213,Delivered
SHP-001904,2024-06-22,2024-06-25,2024-06-28,Delhi,Ahmedabad,912.9,,Truck,Standard,7805.3,25017,Delivered
SHP-001923,2024-07-04,2024-07-05,2024-07-08,Bengaluru,Pune,986.2,GreenLine Carriers,Container,Standard,18311.9,45311,Delivered
SHP-000279,11/03/2024,2024-03-13,2024-03-17,Hyderabad,Ahmedabad,1122.8,RapidFreight,Mini Truck,Standard,79490.0,15436,Delivered
SHP-001393,2024-11-19,19-11-2024,2024-11-20,Delhi,Jaipur,295.6,RapidFreight,Truck,Express,8007.0,15594,Delivered
SHP-000037,2024-12-17,2024-12-17,N/A,New Delhi,Pune,1498.9,GreenLine Carriers,Truck,Express,2256.9,49379,Delivered
SHP-001549,2024-01-04,2024-01-04,2024-01-08,Mumbai,Chennai,1320.4,TransIndia Logistics,Truck,Express,6169.2 kg,40229,Delivered
SHP-000663,2024-11-19,2024-11-19,21-11-2024,Delhi,Kolkata,1834.7,BharatCargo,Air Cargo,Express,56.6,"₹68,781",Delivered
SHP-001849,2024-05-12,2024-05-13,17-05-2024,Bengaluru,Pune,986.8,SafeHaul,Truck,Express,13175.0,"INR 39,139",Delivered
SHP-001475,2024-10-18,19-10-2024,2024-10-24,Bengaluru,Delhi,2248.4,TransIndia Logistics,Container,Express,18773.1 kg,121056,delivered
SHP-000978,2024-06-27,2024-06-27,30-06-2024,Bengaluru,Mumbai ,1140.6,RapidFreight,Truck,Express,3843.6,"INR 34,137",Delivered
SHP-001605,2024-12-11,2024-12-12,2024-12-13,Mumbai,Pune,156.1,SafeHaul,Truck,Standard,6741.7,7988,Delivered
SHP-000739,2024-07-11,11-07-2024,15-07-2024,Mumbai,Bengaluru,1104.9,GreenLine Carriers,Mini Truck,Express,1551.8,17977,Delivered
SHP-000192,05-05-2024,2024-05-05,2024-05-08,Mumbai,Bengaluru,1092.6,null,,Express,7675.9,32588,Delivered
SHP-000920,2024-12-03,2024-12-03,-,Kolkata,Patna,567.3,N/A,Air Cargo,Express,61.1,22415,Delivered
SHP-000457,2024-05-28,28/05/2024,2024-06-01,Ahmedabad,Hyderabad,1102.5,RapidFreight,Mini Truck,Standard,637.2,14549,Delivered
SHP-000676,2024-03-01,2024-03-01,2024-03-04,Mumbai,Bengaluru,1116.1,TransIndia Logistics,Truck,Standard,8970.1,NA,Delivered
SHP-000761,2024-03-12,2024-03-12,2024-03-17,Chennai,Lucknow,1858.2,BharatCargo,Container,Standard,12127.5,65233,Delivered
SHP-001850,2024-05-12,2024-05-13,19-05-2024,Chennai,Delhi,2170.8,GreenLine Carriers,Truck,Standard,4032.4,49195,Delivered
SHP-001779,2024-04-18,19/04/2024,2024-04-21,Mumbai,ahmedabad,549.7,RapidFreight,Truck,Standard,NA,"₹13,880",Delivered
SHP-000729,15-09-2024,2024-09-17,2024-09-22,Bengaluru,Mumbai,1099.5,RapidFreight,Truck,Standard,5427.3,,DELIVERED
SHP-001400,2024-06-27,2024-06-28,2024-07-03,Mumbai,Jaipur,1249.7,RapidFreight,Truck,Standard,4968.8,27317,Delivered
SHP-000413,2024-07-31,2024-07-31,2024-08-05,Delhi,Bengaluru,2205.9,GreenLine Carriers,Container,Standard,26063.9,85070,delivered
SHP-001099,2024-01-06,2024-01-06,2024-01-10,Hyderabad,Lucknow,-,BharatCargo,Truck,Standard,16938.5,46477,Delivered
SHP-000826,2024-04-19,2024-04-20,25/04/2024,Delhi ,Hyderabad,1632.5,SafeHaul,Truck,Standard,5005.9,34908,Delivered
SHP-001568,2024-07-12,13-07-2024,2024-07-21,DELHI,Bengaluru ,2094.1,RapidFreight,Truck,Standard,9508.9,53075,DELIVERED
SHP-000617,2024-02-18,2024-02-18,22-02-2024,Chennai,Kolkata,1778.0,RapidFreight,Container,Standard,9575.9 kg,66333,Delivered
SHP-000115,2024-09-24,2024-09-26,2024-10-03,Delhi,chennai,2294.2,SafeHaul,Truck,Standard,5080.2,54090,Delivered
SHP-000418,03-05-2024,2024-05-04,08-05-2052,Madras,Mumbai ,1326.1,SafeHaul,Mini Truck,Standard,823.2,15743,Delivered
SHP-001955,2024-02-14,2024-02-14,20-02-2024,Ahmedabad,PATNA,N/A,SafeHaul,Mini Truck,Standard,348.3,24884,Delivered
SHP-000970,2024-12-03,2024-12-05,2024-12-08,Mumbai,Jaipur,1106.0,GreenLine Carriers,Container,Standard,NA,51222,Delivered
SHP-000605,2024-03-22,24/03/2024,30-03-2024,Ahmedabad,kolkata,2044.1,SafeHaul,Truck,Standard,6439.9,"₹55,199",Delivered
SHP-001964,11/11/2024,2024-11-12,N/A,Delhi,chennai,2302.5,SafeHaul,Mini Truck,Standard,375.9,28908,delivered
SHP-000090,2024-10-05,2024-10-07,09-10-2024,bangalore,Lucknow,2058.3,BharatCargo,Air Cargo,Standard,433.0,"INR 68,613",Delivered
SHP-000849,29-11-2024,2024-11-30,04/12/2024,Delhi,Kolkata,1544.7,SafeHaul,Truck,Standard,5265.9,40902,Delivered
SHP-001553,18-08-2024,2024-08-18,2024-08-20,Mumbai,Pune,150.3,RapidFreight,Truck,Standard,6292.8,6858,Delivered
SHP-001963,2024-03-02,2024-03-04,2024-03-09,Kolkata,Jaipur,1730.9,RapidFreight,Truck,Standard,1816.4,40899,Returned
SHP-000754,2024-11-19,2024-11-20,2024-11-22,Bengaluru,Jaipur,1901.6,RapidFreight,Air Cargo,Standard,23.7 kg,"₹60,086",Delivered
SHP-000499,27-10-2024,2024-10-29,02-11-2024,Mumbai,Chennai,1396.9,NA,Truck,Standard,3167.8,33345,Delivered
SHP-001277,2024-12-28,2024-12-29,,Delhi,Chennai,2216.3,BharatCargo,Truck,Standard,7400.9,59034,In Transit
SHP-001326,15-12-2024,17-12-2024,2024-12-19,hyderabad,Chennai,699.4,SafeHaul,Truck,Standard,366970.0,"₹15,916",Delivered
SHP-000012,2024-06-25,2024-06-26,2024-06-28,Ahmedabad,jaipur,688.5,BharatCargo,Truck,Express,10893.9,27539,Delivered
SHP-000397,2024-04-24,2024-04-25,30-04-2024,Hyderabad,Kolkata,1497.5,TransIndia Logistics,Mini Truck,Standard,380.3 kg,19368,Delivered
SHP-000285,22-02-2024,2024-02-25,2024-02-27,Calcutta,Mumbai,2219.5,SafeHaul,Air Cargo,Standard,null,"₹64,403",Delivered
SHP-001067,2024-10-07,2024-10-08,2024-10-14,Mumbai,Patna,1766.3,RapidFreight,Truck,Standard,5507.8,"₹36,155",Delivered
SHP-001192,2024-09-20,2024-09-21,2024-09-26,Mumbai,Lucknow,1574.9,RapidFreight,Truck,Express,13723.3,59079,Delivered
SHP-001784,2024-02-18,2024-02-21,2024-02-23,Delhi,Lucknow,552.1,TransIndia Logistics ,Truck,Standard,7156.0,17065,Delivered
SHP-000691,2024-05-27,2024-05-30,2024-06-04,Mumbai,Delhi,NA,RapidFreight,Container,Standard,21805.0,"INR 61,961",Delivered
SHP-001666,2024-03-01,02-03-2024,2024-03-04,Hyderabad,Bengaluru,669.7,BharatCargo,Truck,Standard,null,"₹20,779",Delivered
SHP-001920,2024-06-22,2024-06-22,2024-06-23,Ahmedabad,Lucknow,,SafeHaul,Air Cargo,Standard,477.6 kg,45752,delivered
SHP-000690,2024-05-21,2024-05-21,2024-05-23,Bengaluru,ahmedabad,1527.2,RapidFreight,Air Cargo,Standard,195.8,53969,Delivered
SHP-000852,2024-10-12,12/10/2024,15-10-2024,Delhi,Ahmedabad,1065.4,RapidFreight,Container,Standard,9578.9,40731,Delivered
SHP-000160,2024-07-19,2024-07-20,22-07-2024,Chennai,Delhi,2331.5,BharatCargo,Air Cargo,Standard,66.1,78058,Delivered
SHP-000896,2024-03-21,2024-03-22,2024-03-24,Hyderabad,Bengaluru,645.5,RapidFreight,Truck,Standard,11325.4,"₹19,754",Delivered
SHP-001609,2024-10-02,2024-10-05,2024-10-09,Bengaluru,Pune,950.9,RapidFreight,Mini Truck,Standard,652.3,11181,Delivered
SHP-000258,2024-07-30,31-07-2024,2024-08-04,Delhi,Mumbai,1384.9,GreenLine Carriers,Truck,Standard,18000.0,"₹36,077",Delivered
SHP-000336,2024-02-19,2024-02-22,2024-02-26,Kolkata,Hyderabad,1494.4,BharatCargo,Container,Standard,12105.2,51076,DELIVERED
SHP-001924,2024-09-01,2024-09-01,07-09-2024,Mumbai,Lucknow,1439.6,BharatCargo,Mini Truck,Express,1142.2,22893,Delivered
SHP-001040,2024-09-23,2024-09-24,02-10-2024,Delhi,Chennai,2268.3,SafeHaul,Container,Express,14589.5,"₹107,271",Delivered
SHP-000516,2024-12-29,2025-01-01,,Delhi,Ahmedabad,971.6,GreenLine Carriers,Container,Standard,16002.5,"₹37,740",In Transit
SHP-001349,2024-02-09,2024-02-10,NA,Bengaluru,Madras,334.2,BharatCargo,Mini Truck,Standard,989.1,4740,Delivered
SHP-001016,30/08/2024,30/08/2024,N/A,Delhi,Lucknow,532.4,RapidFreight,Mini Truck,Express,489.2,8591,Delivered
SHP-000769,01-04-2024,02-04-2024,2024-04-07,Delhi,Kolkata,1608.8,RapidFreight,Container,Standard,6477.7,60622,DELIVERED
SHP-001786,2024-10-27,2024-10-28,2024-10-30,Hyderabad,pune,653.7,TransIndia Logistics,Container,Standard,17286.1,30844,Delivered
SHP-000762,24-01-2024,24-01-2024,2024-01-25,Delhi,Jaipur,316.3,GreenLine Carriers,Truck,Standard,6927.9,11336,Delivered 
SHP-001247,2024-02-05,05-02-2024,2024-02-07,Kolkata,Patna,580.9,TransIndia Logistics,Mini Truck,Standard,1583.7,9175,Returned
SHP-001204,2024-10-10,10-10-2024,2024-10-14,Chennai,Pune,1234.9,TransIndia Logistics,Mini Truck,Express,386.5,17439,Delivered
SHP-000354,2024-04-21,21-04-2024,2024-04-26,Kolkata,Hyderabad,1431.1,RapidFreight,Mini Truck,Express,1324.2,23453,delivered
SHP-000793,2024-08-27,2024-08-27,29-08-2024,Mumbai,Lucknow,NA,BharatCargo,Air Cargo,Standard,185.0,"INR 56,710",Delivered
SHP-000522,02/01/2024,2024-01-05,2024-01-06,Mumbai,Pune,163.3,SafeHaul,Mini Truck,Standard,707.5,"INR 2,776",Delivered
SHP-000023,2024-06-06,2024-06-06,2024-06-09,Ahmedabad,Hyderabad ,1079.7,TransIndia Logistics,Truck,Express,3163.5,31307,Delivered
SHP-000357,2024-04-24,25/04/2024,2024-04-30,Chennai,Lucknow,1881.3,RapidFreight,Truck,Standard,7540.7,48228,Delivered
SHP-001278,2024-11-29,2024-12-01,2024-12-03,Delhi,Jaipur,301.3,SafeHaul,Container,Standard,9801.6,15228,Delivered
SHP-001313,2024-09-26,2024-09-27,2024-10-03,kolkata,Madras,1736.6,RapidFreight,Truck,Express,8604.2,,Delivered
SHP-001720,2024-12-07,2024-12-07,2024-12-08,Hyderabad,Bengaluru,650.4,SafeHaul,Air Cargo,Standard,257.4,22994,Delivered
SHP-000341,2024-01-31,2024-02-01,2024-02-06,Delhi,Mumbai,1446.3,RapidFreight,Truck,Standard,5701.3,37551,Delivered
SHP-000432,19/08/2024,2024-08-20,2024-08-22,Chennai,New Delhi,2290.9,RapidFreight,N/A,Standard,113.4 kg,"INR 76,769",Delivered
SHP-000474,2024-08-09,2024-08-12,2024-08-17,Delhi,Calcutta,1715.7,TransIndia Logistics,Truck,Standard,5634.1,44454,Delivered
SHP-000218,2024-08-22,23-08-2024,2024-08-25,Delhi,Bengaluru,2250.7,BharatCargo,Air Cargo,Standard,518.2,73814,Delivered
SHP-000912,2024-09-05,2024-09-07,2024-09-13,Hyderabad,patna,1468.4,NA,Mini Truck,Standard,565.8,16750,Delivered
SHP-001228,30/05/2024,2024-05-30,2024-06-03,Bengaluru,Ahmedabad,1498.8,SafeHaul,Truck,Express,2129.4,"INR 39,371",Delivered
SHP-001630,2024-10-14,2024-10-15,2024-10-17,Bengaluru,Delhi,0.0,RAPIDFREIGHT,Air Cargo,Express,34.5,80158,Delivered
SHP-001012,2024-09-02,2024-09-02,04/09/2024,Kolkata,Delhi,1750.9,SafeHaul,Air Cargo,Standard,279.3 kg,63355,Delivered
SHP-001995,2024-04-25,2024-04-26,2024-04-29,Bengaluru,Mumbai,1096.1,TransIndia Logistics,Truck,Standard,1945.7,27096,Delivered
SHP-000094,2024-01-08,2024-01-10,2024-01-13,Bombay,Hyderabad ,818.1,BharatCargo,Truck,Standard,14108.9,28145,Delivered
SHP-001009,2024-06-07,2024-06-09,2024-06-14,Madras,Ahmedabad,1734.6,RapidFreight,Truck,Standard,null,40767,Delivered
SHP-001071,2024-02-19,2024-02-20,2024-02-24,Hyderabad,Lucknow,1510.7,BharatCargo,Truck,Standard,4681.4,40189,Delivered
SHP-001093,2024-05-04,2024-05-04,08-05-2024,Mumbai,Delhi,1411.8,TransIndia Logistics,Container,Express,14376.0,"₹68,236",Delivered
SHP-001619,2024-04-06,2024-04-06,2024-04-09,Ahmedabad,Lucknow,1177.9,BharatCargo,Truck,Express,10832.4 kg,,Delivered
SHP-001309,2024-04-01,2024-04-03,-,Delhi,Mumbai,-,BharatCargo,Truck,Standard,17229.0,34859,Delivered
SHP-000697,2024-09-13,2024-09-13,23-09-2024,Chennai,Delhi,2303.9,BharatCargo,Mini Truck,Standard,694.1,29195,Delivered
SHP-001835,2024-03-14,2024-03-14,2024-03-18,Mumbai,Chennai,1378.7,RapidFreight,Truck,Standard,12161.0,"₹36,973",Delivered
SHP-000997,2024-11-26,27-11-2024,2024-12-03,Kolkata,ahmedabad,2009.2,SafeHaul,Truck,Standard,5974.7,49423,Delivered
SHP-001459,16-11-2024,2024-11-17,2024-11-21,Ahmedabad,Hyderabad,1183.2,RapidFreight,Mini Truck,Standard,1409.5,15669,Delivered
SHP-000154,2024-02-02,2024-02-02,2024-02-05,Kolkata,Lucknow,1082.2,RapidFreight,Container,Standard,25208.1,"₹42,000",Delivered
SHP-001100,2024-03-12,14-03-2024,20-03-2024,Delhi,Chennai,2300.0,-,Truck,Standard,NA,48469,Delivered
SHP-001756,31/03/2024,2024-04-01,2024-04-05,Kolkata,Hyderabad,1501.5,SafeHaul,Container,Express,N/A,77353,Delivered
SHP-000252,2024-03-29,30-03-2024,2024-04-01,Hyderabad,Chennai,677.7,TransIndia Logistics,Truck,Standard,4344.3,"₹16,786",Delivered
SHP-000790,2024-01-16,2024-01-16,2024-01-18,Kolkata,patna,622.2,RapidFreight,Truck,Express,3955.3,20952,Delivered
SHP-000581,2024-07-05,2024-07-05,2024-07-10,Bengaluru,Mumbai,1128.6,TransIndia Logistics,Mini Truck,Express,475.8,"₹16,965",Delivered
SHP-001471,2024-09-01,2024-09-01,2024-09-05,Ahmedabad,Hyderabad,1195.2,rapidfreight,Truck,Express,3616.6,38336,Delivered
SHP-000704,2024-09-08,10-09-2024,2024-09-14,Hyderabad,Jaipur,1387.1,GreenLine Carriers,Truck,Standard,10545.5,33277,Delivered
SHP-001213,2024-03-04,2024-03-04,2024-03-09,Kolkata,Hyderabad,-,TransIndia Logistics ,Mini Truck,Standard,1451.1,"₹17,940",Delivered
SHP-001296,2024-05-12,2024-05-13,2024-05-15,Mumbai,Ahmedabad,547.3,SafeHaul,Truck,Express,5643.0,18188,Delivered
SHP-001703,2024-09-19,2024-09-20,23-09-2024,Mumbai,Chennai,1259.2,RapidFreight,Container,Express,7440.9,54804,Delivered
SHP-001261,2024-12-07,2024-12-08,2024-12-10,Delhi,Lucknow,512.2,BharatCargo,Truck,Standard,7880.1,18145,Delivered
SHP-000488,2024-01-28,2024-01-28,2024-02-01,Mumbai,Chennai,1323.1,RapidFreight,Truck,Standard,6291.6,31057,Delivered
SHP-000560,2024-05-22,2024-05-24,2024-05-27,Bangalore,Pune,930.0,RapidFreight,Truck,Standard,6414.7,"₹26,697",Delivered
SHP-001142,02-09-2024,2024-09-04,2024-09-10,Chennai,Delhi,2137.9,BharatCargo,Truck,Standard,3773.7,"₹54,239",Delivered
SHP-001120,2024-05-13,2024-05-15,2024-05-20,Hyderabad,Delhi,1632.6,RapidFreight,Truck,Standard,2717.4,41487,Delivered
SHP-000802,2024-01-05,2024-01-06,2024-01-08,Mumbai,Patna,1864.9,BharatCargo,Air Cargo,Express,70.9,"INR 79,642",Delivered
SHP-000513,2024-11-16,2024-11-18,2024-11-23,delhi,Kolkata,1646.4,GreenLine Carriers,Container,Standard,9084.7,"INR 64,936",Delivered
SHP-000634,2024-08-10,2024-08-10,2024-08-17,Mumbai,Kolkata,2177.9,BharatCargo,Truck,Express,-,60320,Delivered
SHP-001512,2024-06-09,2024-06-10,13/06/2024,Delhi,Ahmedabad,997.0,RapidFreight,Truck,Express,NA,38357,Delivered
SHP-001829,2024-07-24,2024-07-26,2024-07-29,Ahmedabad,Mumbai,626.6,RapidFreight,Truck,Standard,5270.6,17589,Returned
SHP-001579,28/01/2024,2024-01-29,2024-01-31,Ahmedabad,Bengaluru,1572.4,RapidFreight,Air Cargo,Standard,315.5,"₹55,550",Delivered
SHP-001151,22/12/2024,2024-12-24,2024-12-29,Delhi,Kolkata,1643.6,BharatCargo,Truck,Standard,6825.6,36031,Delivered 
SHP-000791,2024-01-20,2024-01-20,2024-01-25,Mumbai,Calcutta,2194.3,TransIndia Logistics,Container,Standard,19359.7,"₹84,936",Delivered
SHP-000117,2024-02-18,20/02/2024,2024-02-27,Chennai,Delhi,2375.2,SafeHaul,Container,Standard,17863.0,85396,delivered
SHP-001498,2024-05-14,2024-05-15,19/05/2024,Kolkata,Hyderabad,1510.1,RapidFreight,Truck,Standard,NA,38244,Delivered
SHP-000741,2024-04-10,2024-04-11,2024-04-17,Delhi ,chennai,2073.5,GreenLine Carriers,Container,Standard,12804.6,"INR 92,934",Delivered
SHP-001728,2024-05-31,2024-06-02,2024-06-04,Hyderabad,Mumbai,743.1,BharatCargo,Truck,Standard,3096.0,18408,Delivered
SHP-001082,04-09-2024,05/09/2024,2024-09-10,Ahmedabad,Hyderabad,-,SafeHaul,Mini Truck,Standard,621.6,16808,Delivered
SHP-000831,2024-12-26,2024-12-28,2025-01-02,Kolkata,Bengaluru,2044.8,GreenLine Carriers,Container,Standard,11493.8,85418,Delivered
SHP-000120,2024-09-16,19-09-2024,N/A,Kolkata,Delhi,1608.0,GreenLine Carriers,Mini Truck,Standard,374.1,19269,delivered
SHP-000657,2024-06-17,2024-06-17,19/06/2024,hyderabad,Mumbai,777.3,BharatCargo,Container,Express,16225.0,49187,Delivered
SHP-001952,2024-12-28,2024-12-28,2024-12-29,Delhi,Jaipur,306.2,GreenLine Carriers,Mini Truck,Express,1055.8,6117,Delivered
SHP-000636,05/05/2024,2024-05-06,2024-05-09,DELHI,Ahmedabad,1012.4,BharatCargo,Container,Standard,14797.5,45147,Delivered
SHP-000370,2024-01-22,2024-01-22,29/01/2024,hyderabad,Patna,1518.3,RapidFreight,Mini Truck,Standard,null,20408,Delivered
SHP-000269,2024-07-31,2024-07-31,2024-08-02,DELHI,Mumbai,1536.8,TransIndia Logistics,Air Cargo,Express,749.8,76590,Delivered
SHP-000656,2024-04-28,2024-04-29,04/05/2024,Mumbai,Kolkata,2049.4,RapidFreight,Container,Standard,24104.2,82344,Delivered
SHP-000936,2024-01-09,09/01/2024,2024-01-14,Mumbai,patna,1883.0,TransIndia Logistics,Container,Express,17980.4 kg,"INR 87,336",Delivered
SHP-000823,2024-11-28,2024-11-28,02-12-2024,Mumbai,Lucknow,1498.8,SafeHaul,Truck,Standard,4415.9,37604,Delivered
SHP-000867,15/11/2024,2024-11-17,2024-11-19,Hyderabad,Bengaluru,638.2,BharatCargo,Truck,Standard,1364.3,17299,Delivered
SHP-000047,2024-10-28,2024-10-30,2024-11-02,Mumbai,Hyderabad,867.8,RapidFreight,Truck,Standard,5892.3,22113,Delivered
SHP-001374,2024-05-24,2024-05-25,2024-05-29,Hyderabad,Kolkata,1529.0,RapidFreight,Truck,Standard,5428.6,36700,Delivered
SHP-001746,2024-03-05,2024-03-06,2024-03-11,Kolkata,Delhi,1605.6,TransIndia Logistics,Truck,Standard,9791.3,"₹36,049",Delivered
SHP-000992,2024-06-09,2024-06-09,2024-06-14,Chennai,Patna,1897.2,SafeHaul,Truck,Standard,5789.6,47702,Delivered
SHP-000877,2024-04-13,2024-04-14,2024-04-15,Mumbai,Hyderabad,807.5,TransIndia Logistics,Air Cargo,Standard,204.8,"INR 25,372",Delivered
SHP-000774,2024-12-30,2024-12-31,,Hyderabad,Lucknow,1376.6,RapidFreight,Mini Truck,Standard,279.6,16876,In Transit
SHP-001220,12-11-2024,14-11-2024,2024-11-23,Delhi,Bengaluru,2260.1,-,Mini Truck,Standard,507.9,32718,delivered
SHP-001569,2024-03-22,2024-03-22,2024-03-24,Bengaluru,Chennai,388.1,BHARATCARGO,Mini Truck,Standard,1617.3,6505,Delivered
SHP-000005,2024-09-28,2024-10-01,02/10/2024,delhi,Jaipur,318.0,TransIndia Logistics,Truck,Standard,9668.7,11433,Delivered
SHP-001004,2024-04-07,2024-04-08,2024-04-12,Delhi,pune,1572.9,SafeHaul,Container,Standard,18861.9,48313,Delivered
SHP-001762,2024-09-05,2024-09-08,2024-09-13,Delhi,Calcutta,1660.2,BharatCargo,Truck,Standard,N/A,43705,Delivered
SHP-000264,2024-06-20,2024-06-22,-,DELHI,ahmedabad,941.2,RapidFreight,Container,Standard,,"₹40,986",Delivered
SHP-001603,2024-05-03,2024-05-04,2024-05-10,chennai,Delhi,NA,BharatCargo,Container,Express,12933.7,119943,Delivered
SHP-001873,2024-03-02,04/03/2024,2024-03-07,Ahmedabad,Pune,627.8,RapidFreight ,Truck,Standard,2008.6,16241,Delivered
SHP-000444,21-01-2024,21-01-2024,2024-01-26,Delhi ,Hyderabad,NA,RapidFreight,Truck,Standard,3049.4,37958,Delivered
SHP-001003,2024-07-23,24-07-2024,2024-07-30,Delhi,Pune,1513.4,SafeHaul,Truck,Standard,4236.8,"₹33,378",Delivered
SHP-001078,2024-02-03,2024-02-04,2024-02-10,Bengaluru,Delhi,2258.8,TransIndia Logistics,Container,Express,7811.4,"₹99,298",Delivered
SHP-000838,22-05-2024,2024-05-22,2024-05-25,Ahmedabad,Delhi,975.5,BharatCargo,Truck,Express,N/A,374259,Delivered
SHP-001832,2024-09-11,13-09-2024,14-09-2024,Ahmedabad,Mumbai,589.4,SafeHaul,Air Cargo,Standard,88.0,20506,Delivered
SHP-000305,2024-10-06,2024-10-07,09/10/2024,Hyderabad,Pune,665.4,BharatCargo,Truck,Standard,N/A,17346,Delivered
SHP-001366,2024-10-07,2024-10-07,2024-10-11,Bengaluru,Mumbai,1154.7,BharatCargo,Truck,Standard,14508.9,37217,Delivered
SHP-001992,2024-12-30,2024-12-30,2024-12-31,Chennai,Hyderabad,622.2,TransIndia Logistics,Air Cargo,Express,89.8,25122,Delivered
SHP-000314,20/08/2024,2024-08-20,25-08-2024,Mumbai,Delhi,1418.9,RapidFreight,Container,Standard,9620.0,"₹58,346",Delivered
SHP-000150,2024-10-22,2024-10-23,2024-10-28,Delhi,Bengaluru,2247.0,SafeHaul,Container,Standard,14999.2,83862,Delivered
SHP-001149,30/09/2024,2024-10-01,2024-10-03,Bengaluru,Chennai,384.8,TransIndia Logistics,Mini Truck,Express,1234.0,7824,Delivered
SHP-001214,04/07/2024,2024-07-04,06-07-2024,Mumbai,pune,154.8,TransIndia Logistics,Truck,Standard,18000.0,14091,Delivered
SHP-000575,2024-05-03,2024-05-05,2024-05-09,Hyderabad,Ahmedabad,1145.7,TransIndia Logistics,Mini Truck,Standard,1106.6,15526,Delivered
SHP-000051,14/07/2024,2024-07-14,2024-07-17,Delhi,Bengaluru,2249.7,BharatCargo,Air Cargo,Standard,70.4,"₹69,320",Delivered
SHP-001959,2024-09-08,2024-09-08,2024-09-10,hyderabad,Pune,608.3,RapidFreight ,Mini Truck,Express,758.3,11023,Returned
SHP-000727,2024-07-17,2024-07-18,19/07/2024,Mumbai,Delhi,1468.7,TransIndia Logistics,Air Cargo,Express,87.2,62052,Delivered
SHP-000834,2024-10-04,06-10-2024,11/10/2024,Chennai,Kolkata,1802.8,RapidFreight,Truck,Standard,11140.7,45772,Delivered
SHP-001378,2024-10-28,2024-10-28,01-11-2024,Hyderabad,kolkata,1533.1,BharatCargo,Truck,Express,6586.2,"₹54,873",Delivered
SHP-001116,2024-12-02,2024-12-04,2024-12-09,Delhi,Chennai,2231.3,RapidFreight,Container,Standard,8548.8,"₹85,025",DELIVERED
SHP-001167,2024-01-22,2024-01-22,2024-01-25,Hyderabad,Ahmedabad,1115.6,RapidFreight,Truck,Standard,4386.3,27632,Delivered
SHP-000471,2024-10-11,2024-10-11,2024-10-14,Bengaluru,Hyderabad,666.4,SafeHaul,Truck,Standard,8258.1,"₹16,979",Delivered
SHP-000972,2024-07-27,28-07-2024,2024-07-30,Delhi,Bengaluru,2082.5,RAPIDFREIGHT,Air Cargo,Express,270.8,87227,Delivered
SHP-000654,2024-06-22,2024-06-23,2024-06-26,Mumbai,Chennai,1268.5,BharatCargo,Container,Standard,11138.9,50236,Delivered
SHP-000400,2024-11-22,2024-11-24,N/A,Bengaluru,Pune,869.7,TransIndia Logistics,Mini Truck,Standard,601.3,12109,Delivered
SHP-000512,2024-02-06,08/02/2024,2024-02-12,Hyderabad,Patna,1528.1,SafeHaul,Truck,Standard,NA,35532,Delivered
SHP-000321,2024-07-28,2024-07-29,2024-08-05,Ahmedabad,patna,1734.8,SafeHaul,Container,Standard,9824.2,61965,delivered
SHP-000020,03/07/2024,03/07/2024,2024-07-08,Kolkata,Pune,1991.7,BharatCargo,Container,Standard,9187.1,"₹61,080",Delivered
SHP-000685,2024-05-19,2024-05-20,2024-05-22,Kolkata,Patna,583.0,GreenLine Carriers,Container,Standard,10552.0,22845,Delivered
SHP-000036,01/02/2024,2024-02-02,2024-02-06,Delhi,Mumbai,1587.8,RapidFreight,Truck,Standard,18000.0,43874,Delivered
SHP-000903,2024-12-07,10-12-2024,2024-12-14,Delhi,pune,1517.8,RapidFreight,Container,Standard,-,"₹56,011",Delivered
SHP-001819,24/10/2024,2024-10-25,2024-10-27,Bengaluru,Chennai,375.7,BharatCargo,Mini Truck,Standard,1409.5,"₹6,563",Delivered
SHP-000828,2024-11-07,2024-11-07,2024-11-13,Mumbai,Patna,1826.5,GreenLine Carriers,Truck,Standard,4691.4,"INR 47,992",Delivered
SHP-001839,12-09-2024,14-09-2024,2024-09-20,Chennai,Kolkata,1554.2,BharatCargo,Truck,Standard,NA,33912,Delivered
SHP-000408,2024-05-28,2024-05-29,,Hyderabad ,Mumbai,783.6,transindia logistics,Mini Truck,Standard,970.2,"₹11,434",Delivered
SHP-000921,2024-10-23,24/10/2024,2024-10-25,Delhi,Lucknow,526.1,-,Air Cargo,Standard,634.7,27096,Delivered
SHP-000538,2024-05-03,2024-05-03,2024-05-07,Delhi,Ahmedabad,931.6,BharatCargo,Container,Standard,8815.5,37347,Delivered
SHP-000759,25/10/2024,2024-10-25,29/10/2024,Delhi,Hyderabad,1601.5, RapidFreight,Container,Express,26250.6,87846,Delivered
SHP-001949,2024-12-10,2024-12-10,12-12-2024,Delhi,Lucknow,539.4,TransIndia Logistics,Truck,Standard,6781.9,186806,Delivered
SHP-001063,2024-01-15,2024-01-15,2024-01-16,Mumbai,Pune,150.0,RAPIDFREIGHT,Mini Truck,Standard,663.3,2662,Returned
SHP-001200,2024-10-25,2024-10-25,30-10-2024,Chennai,Lucknow,1989.4,TransIndia Logistics,Truck,Express,14011.4,"₹75,067",Delivered
SHP-000246,2024-06-18,2024-06-18,2024-06-22,Hyderabad,kolkata,1551.3,BharatCargo,Truck,Standard,7408.6,34504,Delivered
SHP-001417,2024-08-21,2024-08-21,2024-08-23,Bengaluru,Chennai,379.7,SafeHaul,Mini Truck,Express,1007.3,"₹6,991",Delivered
SHP-001128,2024-01-29,2024-01-30,2024-02-04,Chennai,Patna,1914.8,TransIndia Logistics,Container,Standard,7290.9,"₹74,822",Delivered
SHP-000785,01-10-2024,2024-10-03,2024-10-06,Ahmedabad,Jaipur,704.5,BharatCargo,Truck,Standard,4132.7,19052,DELIVERED
SHP-001782,2024-03-11,2024-03-12,2024-03-15,Hyderabad,Mumbai,776.2,SafeHaul,Mini Truck,Express,1055.5,"₹12,897",Delivered
SHP-000490,2024-03-30,2024-03-30,04-04-2024,Kolkata,Bengaluru,2082.7,BharatCargo,Container,Standard,16462.1,NA,DELIVERED
SHP-000155,2024-07-23,2024-07-25,2024-07-31,Delhi,Chennai,2165.8,BHARATCARGO,Truck,Standard,6289.2,"INR 48,032",Delivered
SHP-000962,2024-10-06,2024-10-09,2024-10-15,Bengaluru,Patna,2113.1,BharatCargo,Truck,Standard,5237.6,48738,Delivered
SHP-000854,2024-07-04,2024-07-07,2024-07-10,ahmedabad,DELHI,979.9,BharatCargo,Truck,Standard,5554.1,26324,Delivered
SHP-001312,2024-08-27,2024-08-28,2024-09-02,Ahmedabad,Lucknow,1221.5,TransIndia Logistics,Truck,Express,6765.2,35441,Delivered
SHP-000626,2024-05-23,23-05-2024,2024-05-26,Bengaluru,Chennai,380.6,RapidFreight,Mini Truck,Express,677.4,6656,DELIVERED
SHP-000686,2024-09-17,2024-09-17,2024-09-19,Mumbai,Ahmedabad,570.1,null,Truck,Standard,4852.3,14468,Delivered
SHP-001595,2024-01-15,2024-01-15,2024-01-19,Hyderabad,Jaipur,1412.4,TransIndia Logistics,Container,Express,15538.1,"₹70,723",Delivered
SHP-000570,2024-09-19,2024-09-20,2024-09-26,Bengaluru,Kolkata,2048.5,GreenLine Carriers,Container,Standard,21664.1,80150,Delivered
SHP-001953,2024-12-24,25/12/2024,2024-12-28,Chennai,Mumbai,1304.2,BharatCargo,Container,Express,7792.3,55447,Delivered
SHP-000018,2024-03-11,2024-03-12,2024-03-17,Delhi,Kolkata,1590.3,SafeHaul,Truck,Standard,3602.5,38985,Delivered
SHP-000128,2024-02-07,2024-02-08,2024-02-12,Delhi,Mumbai,1537.7,BharatCargo,Truck,Standard,9170.4,"₹35,128",Delivered
SHP-001347,2024-10-09,2024-10-09,2024-10-11,Bengaluru,Hyderabad,614.9,TransIndia Logistics ,Mini Truck,Standard,1205.5,8392,Delivered
SHP-001280,2024-03-28,2024-03-29,2024-04-03,Kolkata,Mumbai,2164.1,RapidFreight,Container,Standard,7605.7,88786,Delivered
SHP-000585,2024-07-13,2024-07-13,17/07/2024,Ahmedabad,Hyderabad,1122.8,TransIndia Logistics,Mini Truck,Express,1313.8,17855,Delivered
SHP-000928,2024-01-23,2024-01-25,2024-01-29,Hyderabad,Patna,1392.2,SafeHaul,Truck,Standard,10050.5,31744,Delivered
SHP-000981,2024-02-05,2024-02-05,2024-02-06,Ahmedabad,Lucknow ,1146.8,RapidFreight,Air Cargo,Standard,null,39236,Delivered
SHP-001324,2024-10-29,31-10-2024,2024-11-01,Chennai,Bangalore,, TransIndia Logistics,-,Standard,2160.5,8160,Delivered
SHP-000191,2024-06-15,16-06-2024,21-06-2024,ahmedabad,Bengaluru,1617.7,BHARATCARGO,Container,Standard,13586.9,58802,Delivered
SHP-001140,2024-07-27,2024-07-29,-,Chennai,Lucknow,1949.4,SafeHaul,Container,Standard,20932.0,"₹77,147",Delivered
SHP-000993,2024-12-01,02-12-2024,2024-12-06,Hyderabad,Lucknow,1435.8,RapidFreight,Truck,Standard,11351.5,"₹45,282",Delivered
SHP-001861,17/04/2024,2024-04-17,2024-04-20,Kolkata,Patna,597.5,GreenLine Carriers ,Truck,Standard,4296.3,17429,Delivered
SHP-001693,10/02/2024,2024-02-10,2024-02-13,Mumbai,jaipur,1196.0,,Truck,Standard,3166.8,null,DELIVERED
SHP-000607,2024-05-05,07-05-2024,2024-05-11,Hyderabad,Kolkata,1464.0,GreenLine Carriers,Truck,Standard,4741.8,32592,Delivered
SHP-000181,2024-01-21,2024-01-21,2024-01-23,Hyderabad,Pune,666.4,SafeHaul,Truck,Express,14718.2,29650,Delivered
SHP-000302,2024-04-29,2024-04-29,-,Delhi ,Pune,1471.8,BharatCargo ,Container,Standard,14366.3,62636,delivered
SHP-000497,2024-11-21,2024-11-22,2024-11-24,Bengaluru,Chennai,383.7,RapidFreight,Mini Truck,Express,619.0,6582,Delivered
SHP-001733,2024-03-19,2024-03-20,27-03-2024,Chennai,Jaipur,2129.9,SafeHaul,Container,Express,28000.0,"INR 109,709",Delivered
SHP-001747,2024-04-20,2024-04-20,2024-04-22,Chennai,Hyderabad,630.6,TransIndia Logistics,Truck,Standard,3098.2,16360,Delivered
SHP-001698,2024-05-17,2024-05-18,21-05-2024,Hyderabad,Ahmedabad,1046.3,SafeHaul,Truck,Express,7715.0,30568,Delivered
SHP-001673,2024-11-08,2024-11-08,2024-11-14,Chennai,lucknow,1976.9,TransIndia Logistics,Mini Truck,Standard,792.5,25812,delivered
SHP-000518,2024-02-11,12/02/2024,2024-02-19,Chennai,Delhi,2105.1,SafeHaul,Mini Truck,Express,706.2,33801,Delivered
SHP-000030,2024-05-28,2024-05-28,30-05-2024,Chennai,Hyderabad,NA,SafeHaul,Mini Truck,Standard,716.7,8848,Delivered 
SHP-001070,2024-10-09,2024-10-10,2024-10-16,Bengaluru,Lucknow,2047.9,TRANSINDIA LOGISTICS,Truck,Express,6153.8,"INR 66,890",Delivered
SHP-000477,2024-03-03,2024-03-05,12-03-2024,bangalore,Lucknow,2022.4,RapidFreight,Truck,Standard,NA,44354,Delivered
SHP-000158,2024-07-08,09-07-2024,2024-07-16,Kolkata,Bengaluru,2096.6,BharatCargo,Truck,Standard,2897.8,44445,Delivered
SHP-001244,14/09/2024,14/09/2024,2024-09-16,Delhi,Lucknow,542.3,TransIndia Logistics,Truck,Express,10435.7,23032,Delivered
SHP-001196,2024-04-22,2024-04-22,2024-04-26,Delhi ,hyderabad,1593.2,SafeHaul,Truck,Express,6754.2,46276,Delivered
SHP-000017,2024-11-21,2024-11-23,2052-11-28,Kolkata,Chennai,1819.8,SafeHaul,Truck,Standard,5676.6,41932,Delivered
SHP-001536,2024-08-24,26-08-2024,2024-08-29,Bengaluru,Pune,1032.0,rapidfreight,Truck,Standard,3465.6,N/A,Delivered
SHP-001073,2024-01-10,2024-01-10,,Bengaluru,Mumbai,1068.8,SafeHaul,Mini Truck,Standard,297.2,"₹11,858",Delivered
SHP-000747,2024-04-19,2024-04-19,21/04/2024,Mumbai,ahmedabad,564.1,GreenLine Carriers,Truck,Express,3642.3,19909,Delivered
SHP-000547,2024-07-18,18-07-2024,2024-07-23,Mumbai,PATNA,1860.9,TRANSINDIA LOGISTICS,Container,Standard,15050.3,"INR 80,252",Delivered
SHP-001540,2024-04-21,2024-04-22,2024-04-24,Bengaluru,lucknow,2170.4,BharatCargo,Air Cargo,Standard,125.5,66501,Delivered
SHP-000659,2024-04-28,2024-04-29,01-05-2024,Kolkata,Hyderabad,1594.9,RapidFreight,Air Cargo,Standard,2000.0,85115,Delivered
SHP-001660,20-05-2024,2024-05-21,2024-05-24,Delhi,Ahmedabad,1002.5,SafeHaul,Truck,Express,18000.0,"₹38,089",Delivered
SHP-001020,2024-02-12,2024-02-13,2024-02-17,Bengaluru,pune,938.2,SafeHaul,Mini Truck,Express,1128.6,N/A,Delivered
SHP-001901,2024-09-09,09-09-2024,-,Kolkata,Lucknow,1098.1,TransIndia Logistics,Truck,Standard,7183.7,29400,Delivered
SHP-001505,2024-10-29,2024-10-30,2024-11-01,Hyderabad,Patna,1511.2,TransIndia Logistics,Air Cargo,Standard,643.8 kg,"INR 62,419",Delivered
SHP-000960,2024-06-05,2024-06-06,null,Bengaluru,Lucknow,1836.1,RapidFreight,Container,Standard,21732.4,75685,DELIVERED
SHP-001926,2024-04-16,2024-04-16,2024-04-20,Delhi,Kolkata,1633.0,RapidFreight,Container,Standard,12380.5,null,Delivered
SHP-000284,2024-06-26,27-06-2024,2024-06-29,Mumbai,Hyderabad,752.8,BharatCargo,Truck,Standard,6851.5,17678,Delivered
SHP-001633,2024-04-30,2024-05-02,2024-05-04,Kolkata,patna,,SafeHaul,Container,Standard,9286.5,26969,Delivered
SHP-000798,11-06-2024,2024-06-11,-,delhi,Kolkata,1619.2,BharatCargo,Air Cargo,Express,41.6,63102,Delivered
SHP-001661,2024-06-15,2024-06-16,21/06/2024,Delhi,Kolkata,1648.8,RapidFreight,Container,Standard,-,69343,Delivered
SHP-000226,12-03-2024,2024-03-13,NA,Ahmedabad,Mumbai,529.5,TransIndia Logistics,Truck,Standard,11141.5,18003,Delivered
SHP-000027,2024-09-18,2024-09-19,2024-09-27,Bengaluru,Calcutta,2153.6,TransIndia Logistics,Truck,Standard,3632.7,52121,Delivered
SHP-001811,31/10/2024,2024-10-31,2024-11-01,Mumbai,Pune,153.7,SafeHaul,Mini Truck,Standard,559.7,2998,Delivered
SHP-000438,2024-11-01,2024-11-02,2024-11-07,Bengaluru,Lucknow,2005.0,RapidFreight,Container,Standard,13922.9,"₹76,267",Delivered
SHP-001994,2024-06-23,2024-06-25,2024-06-29,Delhi,Pune,1572.7,TransIndia Logistics,Truck,Standard,14429.4,"₹42,247",Delivered
SHP-001389,2024-09-19,2024-09-20,2024-09-22,Ahmedabad,Bengaluru,1589.5,GreenLine Carriers,Air Cargo,Standard,null,"₹52,135",Delivered
SHP-000230,2024-01-06,2024-01-08,2024-01-12,Delhi,Mumbai,1501.0,BharatCargo,Truck,Standard,7379.1,"₹35,000",Delivered
SHP-000038,2024-05-08,2024-05-09,2024-05-12,Bengaluru,Pune,979.3,BharatCargo,Container,Express,10424.8,null,Delivered
SHP-000750,2024-12-07,2024-12-08,10-12-2024,Hyderabad ,Chennai,663.1,SafeHaul,Truck,Standard,2180.6,15777,Delivered
SHP-001046,2024-11-03,2024-11-04,08-11-2024,Mumbai,Bengaluru,1114.3,TransIndia Logistics,Mini Truck,Express,256.2,"₹15,854",Delivered
SHP-001399,2024-03-14,2024-03-14,17/03/2024,Kolkata,Lucknow,1080.8,TransIndia Logistics,Truck,Standard,3306.9,26859,Delivered
SHP-000470,19/12/2024,2024-12-21,2024-12-25,Bengaluru,Ahmedabad,1538.0, SafeHaul,Container,Standard,12389.8,55100,Delivered
SHP-001730,15/11/2024,2024-11-16,2024-11-20,Bombay,Hyderabad,812.7,RapidFreight,Mini Truck,Standard,313.4,"INR 12,341",Delivered
SHP-001119,2024-06-17,2024-06-18,2024-06-21,Bombay,Jaipur,1173.0,RapidFreight,Truck,Standard,18000.0,"₹39,545",Delivered
SHP-000688,2024-01-11,2024-01-11,,Ahmedabad,Calcutta,2099.1,SafeHaul,Container,Standard,8404.0,71920,Delivered
SHP-001886,2024-11-15,16-11-2024,2024-11-20,Mumbai,Jaipur,1205.1,TransIndia Logistics,Truck,Standard,3977.3,26935,delivered
SHP-000640,2024-10-03,03-10-2024,2024-10-07,Hyderabad,lucknow,null,RapidFreight,Container,Standard,13181.1 kg,"INR 57,916",DELIVERED
SHP-001750,2024-04-27,2024-04-29,2024-05-02,Bengaluru,Mumbai,1055.1,TransIndia Logistics,Truck,Standard,2947.5,27621,Delivered
SHP-001219,2024-05-10,2024-05-11,2024-05-18,Chennai,Delhi ,2378.0,RapidFreight,Container,Standard,12991.0,92176,Delivered
SHP-001159,2024-08-01,2024-08-03,2024-08-06,Bengaluru ,Mumbai,1084.8,BharatCargo,Truck,Standard,5545.5,29201,Delivered
SHP-001416,26/11/2024,29/11/2024,01/12/2024,Hyderabad,Kolkata,1538.0,BharatCargo,Air Cargo,Standard,179.3,49499,Delivered
SHP-001528,2024-11-01,03/11/2024,2024-11-05,Bengaluru,Chennai,377.6,TransIndia Logistics,Truck,Standard,9375.5,13145,Delivered
SHP-001691,2024-07-10,2024-07-11,,Chennai,Bangalore,384.5,SafeHaul,Mini Truck,Standard,391.9,5195,Delivered
SHP-001301,20-10-2024,2024-10-21,2024-10-25,Mumbai,Delhi,1551.1,TransIndia Logistics,Truck,Standard,5336.0,35204,Returned
SHP-001865,2024-04-08,2024-04-09,2024-04-07,Kolkata,Lucknow ,1173.4,SafeHaul,Truck,Standard,2400.8,31179,Delivered
SHP-000801,2024-11-02,2024-11-04,09-11-2024,Chennai,Pune,1152.7,TransIndia Logistics,Mini Truck,Standard,549.7,"INR 11,276",Delivered
SHP-001604,21-08-2024,2024-08-21,2024-08-22,Hyderabad,Bengaluru,616.1,BharatCargo,Air Cargo,Standard,165.1,21478,Delivered
SHP-000161,2024-04-12,2024-04-12,2024-04-17,Delhi,Hyderabad,1556.6,GreenLine Carriers,Truck,Standard,11595.9,41062,Delivered
SHP-000957,2024-02-19,20-02-2024,2024-02-23,Chennai,Mumbai,1284.3,TransIndia Logistics,Container,Standard,21245.4,"INR 47,170",Delivered
SHP-001187,2024-10-15,2024-10-16,2024-10-19,Mumbai,jaipur,1143.1,BharatCargo,Truck,Standard,7307.6,"INR 29,705",Delivered
SHP-000822,2024-09-01,2024-09-01,2024-09-07,Kolkata,Pune,1997.2, BharatCargo,Container,Express,17598.0,"₹89,495",Delivered
SHP-001719,2024-12-09,2024-12-11,2024-12-15,Kolkata,New Delhi,1734.5,RapidFreight,Container,Standard,,"INR 73,636",Delivered
SHP-000878,2024-02-14,2024-02-16,2024-02-19,Mumbai,hyderabad,803.2,GreenLine Carriers,Mini Truck,Standard,590.7,9427,Delivered
SHP-000914,2024-05-24,2024-05-24,2024-05-29,Ahmedabad,Patna,,BharatCargo,Truck,Standard,2367.5,42394,Delivered
SHP-000153,2024-11-01,01-11-2024,2024-11-03,Delhi,Lucknow,549.4,BharatCargo ,Mini Truck,Standard,628.2,"₹7,790",delivered
SHP-001879,2024-08-24,25/08/2024,2024-08-29,bangalore,Pune,926.1,BharatCargo,Truck,Standard,6202.2,"INR 25,864",Delivered
SHP-001817,01-03-2024,03-03-2024,05/03/2024,Chennai,Hyderabad,613.4,BharatCargo,Truck,Standard,9763.1,20415,Delivered
SHP-000510,2024-07-13,13-07-2024,2024-07-16,New Delhi,Lucknow,534.9,TransIndia Logistics,Mini Truck,Standard,790.8,"₹7,648",Delivered
SHP-001136,2024-10-11,12-10-2024,2024-10-18,Mumbai,Delhi,1462.9,RapidFreight,Truck,Standard,2874.4,32319,Delivered
SHP-001251,2024-10-12,2024-10-14,2024-10-19,Delhi,Kolkata,1825.5,BharatCargo,Container,Standard,18917.5,74409,Delivered
SHP-001799,2024-05-11,2024-05-14,16-05-2024,kolkata,Patna,592.8,RapidFreight,N/A,Standard,1085.0,"₹13,104",Delivered
SHP-000104,2024-02-17,2024-02-19,22/02/2024,Ahmedabad,Delhi,998.5,TransIndia Logistics,Truck,Standard,4289.1,"INR 24,372",Delivered
SHP-001446,2024-07-11,2024-07-14,20-07-2024,Kolkata,Bengaluru,1959.9,SafeHaul,Container,Standard,17729.1,1163131,Delivered
SHP-001444,2024-08-15,2024-08-18,2024-08-19,New Delhi,Jaipur,282.7,RapidFreight,Mini Truck,Standard,642.2,4142,Delivered 
SHP-001778,2024-11-25,2024-11-25,2024-11-28,Bengaluru,Mumbai ,1100.5,BharatCargo,Truck,Standard,6522.8,"₹28,647",Delivered
SHP-000587,2024-01-03,2024-01-06,2024-01-12,Delhi,Chennai,2306.3,TransIndia Logistics,Truck,Standard,6448.6,57037,Delivered
SHP-001809,2024-04-20,2024-04-20,23/04/2024,Bengaluru,Hyderabad,636.6,TransIndia Logistics,Mini Truck,Standard,318.9,8397,Delivered
SHP-001144,2024-12-08,2024-12-08,2024-12-12,hyderabad,Patna,1310.4,TransIndia Logistics,Mini Truck,Express,290.6,20654,Delivered
SHP-000054,2024-04-29,29/04/2024,2024-05-04,Kolkata,Jaipur,1751.8,SafeHaul,Truck,Express,9772.6,NA,Delivered
SHP-000152,26-02-2024,2024-02-26,2024-03-02,Hyderabad,patna,1435.8,GreenLine Carriers,Mini Truck,Express,948.7,22644,Delivered
SHP-000404,2024-01-11,2024-01-12,2024-01-14,Delhi,Lucknow,528.3,BharatCargo,Truck,Express,4587.4,19045,Returned
SHP-001988,2024-11-21,2024-11-22,29/11/2024,Chennai,Patna,1870.6,GreenLine Carriers,Truck,Standard,5912.6,47506,Delivered
SHP-000208,2024-11-16,2024-11-18,24-11-2024,Chennai,Lucknow,1947.1,GreenLine Carriers,Container,Standard,13578.4,68579,Delivered 
SHP-001939,30/05/2024,01-06-2024,2024-06-03,Mumbai,Lucknow,1540.3,RapidFreight,Air Cargo,Standard,NA,47992,Delivered
SHP-001683,2024-08-11,2024-08-14,2024-08-17,Chennai,Bangalore,396.6,BharatCargo,Mini Truck,Standard,1282.8,6485,Delivered
SHP-001123,2024-11-02,2024-11-04,2024-11-06,Hyderabad,Pune,655.9,SafeHaul,Truck,Standard,7329.6,16013,Delivered
SHP-001790,2024-03-14,2024-03-17,19-03-2024,Delhi,Lucknow ,N/A,BharatCargo,Truck,Standard,8186.6,19265,Returned
SHP-000009,2024-01-22,24-01-2024,2024-01-29,Delhi,Kolkata,1752.7,BharatCargo,Truck,Standard,5563.3,42823,Returned
SHP-001015,2024-06-19,2024-06-20,21/06/2024,Mumbai,Pune,142.1,RapidFreight,Mini Truck,Express,555.0,NA,Delivered
SHP-001838,2024-02-10,2024-02-12,2024-02-18,Bengaluru,Delhi,2244.4,SafeHaul,Truck,Standard,12596.8,56427,Delivered
SHP-001061,21-03-2024,2024-03-22,2024-03-25,Ahmedabad,Hyderabad,1094.4,SafeHaul,Truck,Standard,8565.1,29343,Delivered
SHP-000453,14-11-2024,2024-11-14,2024-11-16,chennai,hyderabad,670.8,GreenLine Carriers,Mini Truck,Express,727.7,12437,Delivered
SHP-001676,2024-10-11,2024-10-12,2024-10-17,Ahmedabad,Kolkata,1977.4,TransIndia Logistics,Container,Express,19471.5,94418,Delivered
SHP-000254,2024-03-15,16-03-2024,2024-03-20,Mumbai,Bengaluru,1039.6,GreenLine Carriers,Truck,Standard,6557.0,"INR 26,657",Delivered
SHP-001328,21-12-2024,22/12/2024,2024-12-24,Kolkata,Chennai,1758.7,SafeHaul,Air Cargo,Express,105.5,"₹68,723",Delivered
SHP-000897,2024-03-14,2024-03-16,19-03-2024,Mumbai,jaipur,1124.7,BharatCargo,Truck,Standard,5677.7,"₹31,318",Delivered
SHP-001928,2024-03-13,2024-03-13,2024-03-15,Chennai,Patna,1775.2,BharatCargo,Air Cargo,Standard,792.2,63701,Delivered
SHP-000881,2024-07-30,2024-08-01,-,Bengaluru,Chennai,368.3,TransIndia Logistics,Mini Truck,Standard,505.8,5162,Delivered
SHP-001596,2024-02-28,2024-02-29,2024-03-02,chennai,Bengaluru,361.5,RapidFreight,Mini Truck,Express,1724.2,8421,Delivered
SHP-001933,2024-11-28,2024-11-28,2024-11-30,Chennai,Bangalore,373.2,SafeHaul,Mini Truck,Standard,511.7,"INR 5,270",Delivered
SHP-000624,2024-01-23,2024-01-24,2024-01-30,Bengaluru,Delhi,2207.8,RapidFreight,Container,Standard,6545.6,83877,Delivered
SHP-000346,16/11/2024,2024-11-18,2024-11-23,Hyderabad,Patna,1418.5,SafeHaul,N/A,Standard,627.2,17221,Delivered
SHP-001740,2024-03-06,2024-03-08,2024-03-14,Chennai,Delhi,2297.4,RapidFreight,Container,Standard,5000.0,88824,Delivered
SHP-000263,2024-01-22,2024-01-23,2024-01-27,mumbai,Chennai,1378.7,N/A,Mini Truck,Express,305.8,22212,Delivered
SHP-001635,2024-01-11,2024-01-13,15-01-2024,Ahmedabad,Pune,667.8, TransIndia Logistics,Truck,Standard,4949.0,18519,Delivered
SHP-001322,2024-08-27,2024-08-27,2024-09-03,Bengaluru,Jaipur,1935.3,TransIndia Logistics,Truck,Standard,6187.9,46109,Delivered
SHP-001439,2024-10-09,2024-10-09,2024-10-11,Ahmedabad,Bengaluru,1545.8,BharatCargo,Air Cargo,Express,242.3,65895,Delivered
SHP-000151,2024-10-16,2024-10-16,2024-10-18,Hyderabad,Chennai,645.7,SafeHaul,Mini Truck,Express,598.1,10322,Delivered
SHP-000473,2024-11-16,17-11-2024,2024-11-21,Delhi,Hyderabad,1526.8,BHARATCARGO,Truck,Standard,13656.8,"₹40,307",Delivered
SHP-000641,2024-10-05,2024-10-08,2024-10-13,Chennai,jaipur,2051.0,RapidFreight,Container,Standard,16298.9,77710,Delivered
SHP-000965,2024-02-06,2024-02-07,2024-02-11,Ahmedabad,Lucknow,1297.4,RapidFreight,Truck,Standard,5351.7,34182,Delivered
SHP-001927,2024-04-04,2024-04-04,2024-04-05,Bombay,Ahmedabad,557.3,null,Air Cargo,Express,465.9,33027,Delivered
SHP-000551,2024-12-04,2024-12-05,2024-12-12,Bengaluru,Delhi,2343.3,BharatCargo,Container,Standard,13207.0,-,Delivered
SHP-001834,08-12-2024,2024-12-10,2024-12-17,Delhi,chennai,2158.3,RapidFreight,Truck,Standard,4257.7,47979,Delivered
SHP-000929,2024-12-31,2025-01-01,,Kolkata,Mumbai,2177.6,SafeHaul,Air Cargo,Standard,42.5,70481,In Transit
SHP-000489,16-05-2024,2024-05-17,2024-05-22,kolkata,Pune,2006.2,GreenLine Carriers,Container,Standard,11999.1,69172,Delivered
SHP-001854,2024-07-01,2024-07-02,2024-07-05,Chennai,Pune,1108.5,GreenLine Carriers,Container,Express,13888.0,53638,Delivered
SHP-001172,2024-10-23,2024-10-23,2024-10-25,Chennai,hyderabad,650.2,SafeHaul,Mini Truck,Express,1277.8,10379,delivered
SHP-000147,2024-10-17,2024-10-17,2024-10-20,Mumbai,Hyderabad,828.0,BharatCargo,Truck,Standard,6152.6,"₹20,468",Delivered
SHP-001742,2024-02-25,2024-02-25,2024-02-26,mumbai,Pune,155.9,bharatcargo,Mini Truck,Standard,707.5,2832,delivered
SHP-001974,2024-12-13,2024-12-13,2024-12-17,Mumbai,Delhi,1514.6,BharatCargo,Truck,Standard,7921.1,35393,delivered
SHP-000403,2024-02-12,14/02/2024,2024-02-16,Chennai,Bengaluru,367.8,SafeHaul,Mini Truck,Standard,396.4,"INR 4,666",Delivered
SHP-000955,07/12/2024,2024-12-07,2024-12-11,Ahmedabad,Madras,1727.0,TransIndia Logistics,Container,Standard,15452.7,64603,Delivered
SHP-001922,2024-06-12,2024-06-12,2024-06-15,mumbai,ahmedabad,557.0,BharatCargo,Mini Truck,Express,567.7,"₹10,310",Returned
SHP-000660,03-03-2024,2024-03-03,06-03-2024,Mumbai,Hyderabad,852.0,RapidFreight,Truck,Express,7292.1,"₹28,368",Delivered
SHP-001373,2024-11-05,2024-11-06,2024-11-08,Bengaluru,Madras,372.0,RapidFreight,Mini Truck,Express,468.4,6611,Delivered
SHP-000464,2024-11-19,2024-11-19,2024-11-20,mumbai,Pune,148.7,BharatCargo,Mini Truck,Standard,1044.5,2874,Delivered
SHP-001350,08-01-2024,2024-01-08,11-01-2024,Delhi,Patna,-,GreenLine Carriers,Truck,Express,2659.3,32018,Delivered
SHP-000187,2024-01-26,27/01/2024,2024-02-01,Mumbai,Chennai,1256.6,SafeHaul,Mini Truck,Standard,,NA,Delivered
SHP-001148,01-12-2024,2024-12-04,2024-12-08,Hyderabad,Jaipur,1463.9,RapidFreight,Truck,Standard,8675.0,39063,Delivered
SHP-001225,17-03-2024,2024-03-18,21-03-2024,Delhi,Patna,1151.0,BharatCargo,Truck,Standard,2906.0,26859,Delivered
SHP-000609,2024-10-14,2024-10-14,2024-10-19,Chennai,Jaipur,2086.0,TransIndia Logistics,Container,Standard,16476.1,NA,Delivered
SHP-000144,2024-12-30,30-12-2024,,Kolkata,Hyderabad,1512.8,GreenLine Carriers,Truck,Express,12436.0,47176,In Transit
SHP-000752,2024-01-07,2024-01-07,2024-01-12,Mumbai,Kolkata,2028.2,TransIndia Logistics,Container,Express,12591.1 kg,93589,Delivered
SHP-001535,2024-10-25,2024-10-25,2024-10-29,Delhi,Mumbai ,1450.0,TransIndia Logistics,Container,Express,10680.3,-,Delivered
SHP-000982,2024-09-17,2024-09-18,2024-09-21,Hyderabad,lucknow,1262.5,BharatCargo,Container,Standard,20059.8,52719,Delivered
SHP-000198,2024-04-26,2024-04-26,2024-04-29,hyderabad,Mumbai,816.0,GreenLine Carriers,Mini Truck,Standard,178.4,11437,Delivered
SHP-001634,2024-02-08,2024-02-08,2024-02-10,Chennai,Kolkata,1524.8,SafeHaul,Air Cargo,Standard,103.6,54331,Delivered
SHP-000884,2024-04-02,04-04-2024,2024-04-07,bangalore,Mumbai,1079.4,RapidFreight,Truck,Standard,3386.9,24270,Delivered
SHP-000280,2024-11-03,04/11/2024,2024-11-09,Hyderabad,Jaipur,1441.3,RapidFreight,Mini Truck,Express,814.0,"₹22,575",Delivered
SHP-000294,2024-03-19,2024-03-20,2024-03-25,Delhi,Mumbai,1414.7,TransIndia Logistics,Truck,Standard,5715.8,null,Delivered
SHP-001866,2024-08-06,2024-08-07,2024-08-11,Hyderabad,Patna,1437.2,BharatCargo,Truck,Express,2747.8,41389,Delivered
SHP-000401,05-04-2024,2024-04-06,09-04-2024,Mumbai,Bengaluru,1064.9,TransIndia Logistics,Container,Express,10804.9,53469,Delivered
SHP-000123,2024-09-05,2024-09-05,07-09-2024,Delhi,Lucknow,509.3,SafeHaul,Mini Truck,Express,291.4,7429,Delivered
SHP-001208,2024-10-24,2024-10-24,2024-10-28,Bengaluru,ahmedabad,1573.9,SafeHaul,Truck,Standard,5768.3,45202,Delivered 
SHP-000203,2024-11-12,2024-11-14,2024-11-15,Bengaluru,Chennai,355.2,BharatCargo,Truck,Standard,12531.3,14859,Delivered
SHP-001463,05-08-2024,2024-08-05,2024-08-09,Delhi,Ahmedabad,1002.9,BharatCargo,Truck,Express,,33420,Delivered
SHP-000836,2024-10-20,2024-10-20,2024-10-23,kolkata,Patna,622.1,BharatCargo,Mini Truck,Standard,459.7,7623,Delivered
SHP-000247,2024-02-13,13-02-2024,2024-02-17,Kolkata,Chennai,1764.9,BharatCargo,Container,Standard,13725.8,71624,Delivered
SHP-001440,2024-01-05,2024-01-07,NA,Ahmedabad,Hyderabad,1074.4,SafeHaul,Mini Truck,Standard,162.5,14311,DELIVERED
SHP-001734,2024-04-23,2024-04-24,2024-04-27,Mumbai ,Hyderabad,836.2,RapidFreight,Truck,Standard,4436.0,"₹20,966",Delivered
SHP-001870,2024-06-15,2024-06-16,2024-06-18,Hyderabad,Pune,645.9,BharatCargo,Truck,Standard,7481.1,17631,delivered
SHP-001946,22/02/2024,23-02-2024,2024-02-25,Ahmedabad,Mumbai ,574.1,BharatCargo,Truck,Standard,5649.2,"₹15,938",delivered
SHP-001708,11-09-2024,2024-09-12,2024-09-14,Bengaluru,Chennai,394.6, RapidFreight,Mini Truck,Standard,1462.7,6668,Delivered
SHP-001925,2024-12-27,2024-12-29,02/01/2025,Mumbai,Lucknow,1489.9,null,Container,Standard,13096.4,59590,Delivered
SHP-001154,01/04/2024,2024-04-03,2024-04-07,Delhi,Pune,1451.7,TransIndia Logistics,Truck,Standard,7199.5,37768,Delivered
SHP-001662,2024-05-18,2024-05-19,21/05/2024,Kolkata,Chennai,1791.1,BharatCargo,Air Cargo,Standard,203.3,"₹56,412",Delivered
SHP-001427,27-07-2024,2024-07-28,2024-07-29,Delhi,Jaipur,324.4,RapidFreight,Truck,Express,2595.0,9603,Delivered
SHP-000385,2024-01-16,2024-01-16,2024-01-19,Mumbai,Bengaluru,1053.1,BharatCargo,Container,Standard,20801.7,NA,Delivered
SHP-001798,2024-11-16,2024-11-17,2024-11-18,Mumbai,Pune,153.3,SafeHaul,Mini Truck,Standard,621.6,2619,Delivered
SHP-001760,2024-11-02,2024-11-02,2024-11-05,ahmedabad,Delhi,1003.5,BharatCargo,Mini Truck,Standard,1041.0 kg,14019,Delivered
SHP-000855,2024-04-08,2024-04-08,2024-04-12,mumbai,Delhi,1471.0,RapidFreight,Truck,Express,3388.0,40428,Delivered 
SHP-001590,20-09-2024,2024-09-20,2024-09-21,Delhi,Jaipur,299.2,BharatCargo,Mini Truck,Express,347.3,4872,Delivered
SHP-000220,2024-11-23,2024-11-24,2024-11-26,Mumbai,Kolkata,2152.6,BharatCargo,Air Cargo,Express,143.4,89340,Delivered
SHP-000642,2024-03-14,14-03-2024,18/03/2024,hyderabad,Delhi,1567.9,RAPIDFREIGHT,Truck,Express,2435.1,"₹45,805",Delivered
SHP-000002,2024-08-26,2024-08-26,2024-08-31,Bengaluru,jaipur,1938.2,RapidFreight,Truck,Standard,6452.7,45479,Delivered
SHP-000113,15-10-2024,2024-10-16,2024-10-22,Mumbai,Calcutta,-,BharatCargo,Truck,Standard,4371.4,51516,Delivered
SHP-000699,2024-09-11,2024-09-13,2024-09-18,kolkata,Bengaluru,2092.8,GREENLINE CARRIERS,Container,Standard,13507.9,77422,Delivered
SHP-001961,2024-12-25,2024-12-28,,Kolkata,Mumbai ,2046.6,SafeHaul,Truck,Standard,2432.7,42800,In Transit
SHP-000952,22-08-2024,24/08/2024,2024-08-29,Bombay,Delhi,1424.1,TransIndia Logistics,Truck,Standard,4629.9,"₹33,409",Delivered
SHP-001649,08-05-2024,09-05-2024,2024-05-10,Ahmedabad,Lucknow,1249.5,GreenLine Carriers,Air Cargo,Standard,142.2 kg,45838,delivered
SHP-001637,2024-02-09,2024-02-10,2024-02-15,Bengaluru,Kolkata,2033.3,TransIndia Logistics,Container,Express,19363.5,103885,delivered
SHP-001788,2024-06-11,2024-06-12,2024-06-13,chennai,Pune,1041.7,GreenLine Carriers,Air Cargo,Standard,11.1,N/A,Delivered
SHP-001411,2024-04-04,05/04/2024,2024-04-09,Hyderabad,Delhi,1575.8,TransIndia Logistics,Container,Standard,11148.5,61100,Delivered
SHP-001410,2024-06-08,2024-06-09,2024-06-15,Chennai,Ahmedabad,1750.3,RapidFreight,Truck,Standard,9479.8,"₹43,322",Delivered
SHP-001534,28-10-2024,2024-10-29,2024-10-30,Chennai,Hyderabad,659.2,GreenLine Carriers,Air Cargo,Standard,299.1,"₹23,043",Delivered
SHP-001292,2024-04-14,16/04/2024,2024-04-22,Kolkata,Jaipur,1689.3,SafeHaul,Container,Standard,12121.9,67773,Delivered
SHP-001851,23-10-2024,2024-10-25,2024-10-30,Mumbai,Kolkata,2143.7,TransIndia Logistics,Container,Standard,15650.8,,Delivered
SHP-000442,2024-08-31,31-08-2024,2024-09-07,Delhi,Bengaluru,2225.9,RapidFreight,Truck,Standard,5080.0,46509,Delivered
SHP-001521,2024-05-08,2024-05-08,2024-05-11,Mumbai,Hyderabad,807.6,TransIndia Logistics,Truck,Express,3020.8,23678,Delivered
SHP-001137,2024-01-28,2024-01-29,2024-01-31,Bengaluru ,Hyderabad,582.8,BharatCargo,Container,Standard,10398.7,26127,Delivered
SHP-001716,2024-02-29,2024-03-03,05/03/2024,chennai,Hyderabad,664.0,,Truck,Standard,5312.5,"₹18,475",Delivered
SHP-001257,2024-11-03,2024-11-04,2024-11-11,Madras,New Delhi,2437.9,BharatCargo,Truck,Standard,8833.9,54238,Delivered
SHP-001907,2024-11-04,2024-11-05,2024-11-08,Bengaluru,Hyderabad,N/A,TransIndia Logistics,Truck,Express,4941.1,21869,Delivered
SHP-001632,05-04-2024,2024-04-06,2024-04-10,Hyderabad,Patna,1492.7,SafeHaul,Truck,Standard,4956.5,36320,Delivered
SHP-001696,2024-07-25,2024-07-25,2024-07-31,Bengaluru,Delhi,2164.4,GreenLine Carriers,Container,Standard,9825.7,"INR 91,683",Delivered
SHP-001398,19-09-2024,21-09-2024,29-09-2024,Ahmedabad,Chennai,1885.0,RapidFreight,Truck,Standard,4990.4,"₹49,499",Delivered
SHP-000664,2024-02-16,2024-02-17,2024-02-19,Delhi,Bengaluru,2188.5,GreenLine Carriers,Air Cargo,Express,101.0,85459,Delivered
SHP-001878,2024-10-14,2024-10-16,20/10/2024,Mumbai,Chennai,1326.2,RapidFreight,Truck,Standard,4498.8,"₹33,425",Delivered
SHP-001258,2024-06-20,2024-06-21,2024-06-23,Hyderabad,Calcutta,1574.1,RapidFreight,Air Cargo,Express,287.1,60657,Delivered
SHP-001814,2024-10-12,2024-10-13,2024-10-19,Mumbai,Lucknow ,1575.3,SafeHaul,Mini Truck,Standard,585.4,19151,Delivered
SHP-001701,28-10-2024,29-10-2024,2024-11-03,Ahmedabad,Patna,1591.6,RapidFreight,Truck,Standard,,"₹42,903",Delivered
SHP-000318,2024-06-19,2024-06-21,null,Chennai,Hyderabad,689.8,GreenLine Carriers,Air Cargo,Standard,526.4,0,Delivered
SHP-000649,2024-11-09,2024-11-11,16-11-2024,Chennai,Kolkata,1881.3,SafeHaul,Truck,Standard,4553.2,-,Delivered
SHP-001435,12-12-2024,2024-12-13,2052-12-20,Mumbai,patna,1846.2,BharatCargo,Mini Truck,Standard,1220.8,22992,Delivered
SHP-001480,2024-05-23,2024-05-24,2024-05-30,Bengaluru,Patna,2122.9,TransIndia Logistics,Truck,Express,17648.9,"₹79,667",Delivered
SHP-000710,2024-05-19,2024-05-19,2024-05-21,Bengaluru,hyderabad,637.2,BharatCargo,Container,Standard,9960.9,"₹26,134",Delivered
SHP-001383,2024-10-14,2024-10-14,2024-10-16,bangalore,Chennai,371.2,NA,Mini Truck,Standard,275.5,"₹4,664",Delivered
SHP-001283,2024-11-30,2024-12-02,08-12-2024,Bengaluru,jaipur,2108.8,RapidFreight,Truck,Standard,N/A,48711,Delivered
SHP-001769,2024-01-16,2024-01-18,2024-01-22,Delhi,Hyderabad,-1.0,RapidFreight,Container,Standard,13372.1,72157,Delivered 
SHP-000973,2024-02-17,2024-02-17,2024-02-18,DELHI,Jaipur,330.3,TransIndia Logistics,Mini Truck,Express,1021.2,6281,Delivered
SHP-000628,22/11/2024,22/11/2024,2024-11-27,Delhi,Kolkata,1716.2,BharatCargo,Truck,Standard,3880.2,41038,Delivered
SHP-000633,2024-02-08,10/02/2024,2024-02-16,Delhi,Chennai,2397.9,TransIndia Logistics,Truck,Standard,10738.1,62414,Delivered 
SHP-001307,2024-01-30,2024-01-30,2024-02-05,Kolkata,Bengaluru,2048.9,RapidFreight,Truck,Standard,5566.0,47057,Delivered 
SHP-001401,2024-11-25,2024-11-25,2024-11-30,Bengaluru,Jaipur,2080.2,RapidFreight,Container,Express,17961.7,"₹102,160",Delivered
SHP-001409,2024-07-05,2024-07-07,2024-07-11,Hyderabad,Patna,1529.0,BharatCargo,Container,Standard,9844.1,61113,DELIVERED
SHP-001249,2024-02-07,2024-02-08,2024-02-12,Hyderabad ,Lucknow,1390.9,GreenLine Carriers,Truck,Standard,12713.1,43950,Delivered
SHP-001998,2024-10-13,2024-10-13,-,Mumbai,Lucknow,1571.0,BharatCargo,Truck,Express,3227.7,43521,delivered
SHP-001255,2024-02-11,2024-02-12,2024-02-18,Delhi,Bengaluru,2193.9,BHARATCARGO,Truck,Standard,2758.6,54179,Delivered
SHP-001497,2024-09-12,14/09/2024,2024-09-17,Hyderabad ,ahmedabad,1058.3,TransIndia Logistics,Container,Standard,13199.6,"INR 39,910",Delivered
SHP-001372,2024-02-24,2024-02-25,2024-02-27,Ahmedabad,Pune,663.3,BharatCargo,Mini Truck,Standard,782.9,9679,Delivered
SHP-001530,2024-07-13,2024-07-13,2024-07-18,Mumbai,Delhi,1532.3,BharatCargo,Truck,Standard,2211.6 kg,35358,Returned
SHP-001664,2024-02-23,2024-02-25,2024-02-27,Mumbai,Hyderabad,783.3,RapidFreight,Container,Standard,10327.9,30986,Delivered
SHP-001355,25-06-2024,2024-06-25,2024-06-28,Hyderabad,Ahmedabad,1094.9,RapidFreight,Truck,Express,6962.7,31093,Delivered
SHP-001822,2024-01-10,2024-01-10,2024-01-14,Bengaluru,Ahmedabad,1696.2,BharatCargo,Container,Express,8685.5,78281,Delivered
SHP-001971,2024-06-13,2024-06-13,15-06-2024,Mumbai,Ahmedabad,566.4,TransIndia Logistics,Mini Truck,Express,885.0,10187,Delivered
SHP-001945,2024-02-18,2024-02-18,N/A,Hyderabad,Kolkata,1548.3,RapidFreight,Air Cargo,Express,113.7,63418,Delivered
SHP-001644,10-02-2024,2024-02-11,12-02-2024,Mumbai,Pune,148.7,rapidfreight,Mini Truck,Standard,403.6,2511,Delivered
SHP-001892,04/11/2024,2024-11-07,2024-11-10,Chennai,Hyderabad,679.5,GreenLine Carriers,NA,Standard,13991.8,27278,Delivered
SHP-000796,2024-12-16,2024-12-16,2024-12-21,Mumbai ,Kolkata,2141.1,RapidFreight,Container,Standard,null,84245,Delivered
SHP-000646,18-02-2024,2024-02-20,2024-02-24,hyderabad,Bangalore,653.7,GreenLine Carriers,Mini Truck,Standard,931.1,8609,Delivered
SHP-001013,2024-02-29,2024-03-01,N/A,Bengaluru,Patna,2057.2,SafeHaul,Container,Express,13979.5,97385,delivered
SHP-001882,31-05-2024,2024-06-01,2024-06-04,Kolkata,Lucknow ,11429.0,SafeHaul,Truck,Standard,null,"₹27,022",Delivered
SHP-000557,2024-08-26,2024-08-27,03/09/2024,Mumbai,Kolkata,2097.1,BharatCargo,Mini Truck,Express,388.7,30351,Delivered
SHP-000682,2024-04-01,02-04-2024,04-04-2024,Mumbai,Kolkata,1960.3,RapidFreight,Air Cargo,Standard,221.8,"INR 62,462",Delivered
SHP-000578,2024-09-19,2024-09-20,29/09/2024,Kolkata,Mumbai,2160.4,GreenLine Carriers,Truck,Standard,7351.1,46799,Delivered
SHP-001820,2024-10-05,2024-10-05,2024-10-07,Kolkata,Patna,611.9,RapidFreight,Truck,Standard,4919.2,"₹17,353",Delivered
SHP-001110,2024-04-14,14-04-2024,null,Delhi,Chennai,2244.4,BharatCargo,Container,Standard,13668.0,85525,Delivered
SHP-001267,2024-03-28,2024-03-28,2024-04-02,Delhi ,Patna,1106.4,BharatCargo,Mini Truck,Standard,323.4,"INR 11,329",delivered
SHP-001723,2024-10-10,2024-10-11,2024-10-14,Chennai,Pune,1166.3,RapidFreight,Truck,Standard,7635.5,31455,Delivered
SHP-001184,2024-03-13,2024-03-13,2024-03-14,Delhi,Jaipur,314.4,BharatCargo,Truck,Express,3385.5,"₹11,890",Returned
SHP-000525,04/04/2024,2024-04-05,06-04-2024,Delhi,Jaipur,289.5,TransIndia Logistics,Truck,Standard,2466.9,8271,Delivered
SHP-001060,2024-10-26,2024-10-29,2024-10-30,Chennai,Pune,1155.9,BharatCargo,Air Cargo,Standard,211.8,"₹34,608",Delivered
SHP-000541,2024-05-10,2024-05-10,2024-05-15,ahmedabad,Hyderabad,1150.3,SafeHaul,Truck,Express,5030.1,34968,Delivered
SHP-001195,2024-12-18,2024-12-21,23-12-2024,Hyderabad,Chennai,651.5,BharatCargo,Truck,Standard,2618.4,15667,Delivered
SHP-001679,2024-02-13,13-02-2024,2024-02-15,Hyderabad,Pune,697.7,RapidFreight,Container,Standard,12375.3,29351,Delivered
SHP-000749,2024-08-02,03-08-2024,10-08-2024,Chennai,Jaipur,2103.2,BharatCargo,Container,Standard,15596.4,72971,Delivered
SHP-001895,19-10-2024,21-10-2024,26/10/2024,Mumbai,Patna,1841.3, RapidFreight,Container,Standard,13039.6,67358,delivered
SHP-001431,12/02/2024,2024-02-12,2024-02-13,Ahmedabad,Lucknow,1181.8,SafeHaul,Air Cargo,Standard,90.3,"INR 41,423",Delivered
SHP-000485,2024-05-11,2024-05-11,16-05-2024,Delhi,Hyderabad,1667.7,TransIndia Logistics,Truck,Standard,4545.8 kg,"₹37,648",Delivered
SHP-001758,2024-08-06,2024-08-06,2024-08-09,ahmedabad,Hyderabad,1175.4,GreenLine Carriers,Truck,Express,6868.6,38996,Delivered
SHP-000096,20-11-2024,21-11-2024,2024-11-23,Kolkata,Patna,579.6,SafeHaul,Truck,Express,5046.0,20983,Delivered
SHP-001021,2024-05-04,04-05-2024,2024-05-08,Hyderabad,Jaipur,1379.0,BharatCargo,NA,Express,12981.7,"₹76,827",Delivered
SHP-000564,2024-08-03,2024-08-04,2024-08-06,Kolkata,Mumbai,2202.1,RapidFreight,Air Cargo,Express,98.1,94140,Delivered
SHP-001265,07/07/2024,2024-07-09,2024-07-13,Kolkata,jaipur,1623.3, GreenLine Carriers,Container,Standard,16544.2,61890,Delivered
SHP-000743,2024-02-21,2024-02-21,2024-02-23,Hyderabad ,Bengaluru,689.9,BharatCargo,Truck,Express,9398.3,"INR 26,533",delivered
SHP-000864,2024-06-30,2024-07-01,06-07-2024,Kolkata,Ahmedabad,1934.3,TransIndia Logistics,Container,Express,17078.6,95867,Delivered
SHP-001599,18-10-2024,2024-10-19,2024-10-22,Hyderabad,Ahmedabad,1138.6,TransIndia Logistics,Truck,Express,6778.0,40054,delivered
SHP-001715,12-02-2024,13-02-2024,2024-02-18,Mumbai,Lucknow,1482.4,TransIndia Logistics,Container,Standard,14389.1,59300,Delivered
SHP-001485,10/09/2024,10-09-2024,2024-09-13,Kolkata,Patna,607.3,SafeHaul,Truck,Standard,10134.1,23383,Returned
SHP-000892,26-11-2024,27/11/2024,2024-11-30,Ahmedabad,Hyderabad,1110.7,SafeHaul,Truck,Standard,5788.2,24230,Delivered
SHP-001578,2024-06-30,2024-07-02,2024-07-06,Hyderabad,Lucknow,-,TransIndia Logistics,Mini Truck,Standard,853.3,"₹19,647",Delivered
SHP-001039,2024-05-02,2024-05-04,2024-05-09,Bengaluru,Lucknow,2043.5,RapidFreight,Container,Standard,11064.5,79183,Delivered
SHP-000207,19/07/2024,2024-07-20,2024-07-22,Delhi,Lucknow,575.7,TransIndia Logistics,Truck,Standard,10100.7,"₹19,280",delivered
SHP-000393,08-09-2024,2024-09-08,2024-09-10,Kolkata,Delhi,1687.3,SafeHaul,Air Cargo,Express,264.3,65664,Delivered
SHP-000795,2024-08-27,2024-08-27,02/09/2024,Delhi,Bengaluru,2282.9,SafeHaul,Truck,Standard,11172.0,55233,Delivered
SHP-000871,24-10-2024,2024-10-26,2024-10-30,Chennai,Mumbai,1338.6,TransIndia Logistics,Truck,Standard,2753.1,37544,delivered
SHP-000398,31-07-2024,2024-08-01,2024-08-07,Mumbai ,Chennai,1323.7,BharatCargo,Truck,Standard,4211.5,"₹28,748",Delivered
SHP-000767,2024-04-07,2024-04-09,2024-04-04,Delhi,Patna,1038.9,RapidFreight,Truck,Standard,7886.7,"INR 29,478",Delivered
SHP-001884,2024-06-10,2024-06-11,2024-06-16,Chennai,Kolkata,1869.2,RapidFreight,Container,Express,14225.0,"₹98,537",Delivered
SHP-001242,2024-08-15,16-08-2024,2024-08-20,Mumbai,Jaipur,1127.3,GreenLine Carriers,Container,Express,18236.1,60415,Delivered
SHP-001029,2024-06-05,2024-06-06,2024-06-12,Chennai,ahmedabad,1850.1,TransIndia Logistics,Container,Express,17120.4,89901,Delivered
SHP-001793,2024-02-12,12-02-2024,2024-02-16,Mumbai,Bangalore,1131.0,TransIndia Logistics,NA,Standard,1098.3,14011,Delivered
SHP-000643,2024-11-19,21-11-2024,2024-11-23,Delhi,Lucknow,493.1,TransIndia Logistics,Mini Truck,Standard,143.8,"₹5,979",Delivered
SHP-001936,2024-02-16,2024-02-16,2024-02-23,Delhi,Chennai,2440.8,BharatCargo,Truck,Express,8253.1,NA,Delivered
SHP-000613,2024-06-08,2024-06-11,2024-06-13,Ahmedabad,Pune,645.9,RapidFreight,Truck,Standard,2697.9,15298,Delivered
SHP-001763,2024-10-08,2024-10-09,2024-10-14,Mumbai,Kolkata,2147.7,SafeHaul,Container,Standard,19051.9,82149,Delivered
SHP-000961,2024-08-07,2024-08-07,2024-08-12,Bengaluru,Madras,0.0,BharatCargo,Mini Truck,Express,825.1,"₹5,195",Delivered
SHP-001571,2024-12-15,2024-12-16,2024-12-21,bangalore,Ahmedabad,1633.6,SAFEHAUL,Mini Truck,Standard,315.6,"₹22,086",Delivered
SHP-000726,2024-12-31,2024-12-31,,Delhi,Hyderabad,1548.7,BharatCargo,Truck,Standard,5974.5,40333,In Transit
SHP-000684,2024-07-26,2024-07-28,04-08-2024,Bengaluru,Delhi,2332.7,RapidFreight,Container,Standard,11310.3,"₹96,274",Delivered
SHP-000099,2024-12-13,2024-12-14,17/12/2024,Delhi,Ahmedabad,1015.7,GreenLine Carriers,Truck,Standard,8398.3,"INR 26,017",Delivered
SHP-000805,2024-08-29,2024-08-29,2024-09-03,Delhi,pune,1593.6,TransIndia Logistics,Container,Standard,N/A,60211,Delivered
SHP-001752,2024-12-30,2024-12-31,,Bombay,chennai,1288.3,TransIndia Logistics,Container,Standard,22856.2,"₹52,948",In Transit
SHP-001598,2024-07-08,2024-07-08,2024-07-10,Delhi,Pune,1555.4,TransIndia Logistics,Air Cargo,Standard,N/A,49457,Delivered
SHP-000407,03/10/2024,03/10/2024,2024-10-07,Mumbai,Chennai,1236.5,SafeHaul,Truck,Standard,2350.9,28665,Delivered
SHP-000503,2024-06-21,2024-06-24,28-06-2024,Ahmedabad,Lucknow ,-,RapidFreight,Truck,Standard,5755.2,34464,Delivered
SHP-001072,2024-12-25,2024-12-25,2024-12-27,Kolkata,Patna,634.1,BharatCargo,Truck,Standard,12915.4,21914,Delivered
SHP-001057,2024-06-07,2024-06-08,2024-06-12,Ahmedabad,Lucknow,1166.7,BharatCargo,Mini Truck,Standard,1346.4,16822,Delivered
SHP-000930,05/12/2024,05-12-2024,2024-12-10,chennai,Kolkata,1656.1,RapidFreight,null,Express,7591.1,48649,Delivered 
SHP-000780,2024-10-29,2024-10-30,2024-11-03,Hyderabad,Delhi,1597.5,GreenLine Carriers ,Container,Express,12115.4,70578,Delivered
SHP-001864,2024-02-22,2024-02-23,2024-02-28,Bengaluru,Kolkata,2025.7,RapidFreight,Container,Express,14039.7,93225,Delivered
SHP-000201,2024-06-26,2024-06-27,2024-06-30,Chennai,Pune,1141.0,RapidFreight,Container,Standard,10173.1,42912,Delivered
SHP-000135,2024-02-01,2024-02-03,2024-02-08,kolkata,Lucknow,1154.7,TransIndia Logistics,Container,Standard,12166.6,45749,Delivered
SHP-001052,2024-10-24,2024-10-25,27-10-2024,Delhi ,Kolkata,1614.5,BharatCargo,Air Cargo,Standard,851.2,63672,Delivered
SHP-000041,2024-02-04,2024-02-07,2024-02-08,Bengaluru,Chennai,-,SafeHaul,Container,Standard,12460.9,17711,Delivered
SHP-001018,16/09/2024,17-09-2024,23/09/2024,Hyderabad,Patna,1420.8,GreenLine Carriers,Mini Truck,Standard,450.2,16604,Delivered
SHP-000231,03-10-2024,04/10/2024,08/10/2024,Delhi,Mumbai,1508.2,SafeHaul,Truck,Express,8509.4,43936,DELIVERED
SHP-001514,2024-12-04,05-12-2024,2024-12-10,Chennai,jaipur,2091.9,RapidFreight,-,Express,10803.5,NA,Delivered
SHP-001797,2024-12-06,2024-12-06,2024-12-08,Kolkata,jaipur,1714.5,SafeHaul,Air Cargo,Express,133.2,68903,Delivered
SHP-000379,2024-06-25,2024-06-25,01-07-2024,Mumbai,Kolkata,-,BharatCargo,Container,Standard,25155.7,"₹87,082",Delivered
SHP-000289,30-11-2024,2024-12-01,2024-12-03,Bengaluru ,ahmedabad,1588.5,TransIndia Logistics,Air Cargo,Express,291.1,70992,Delivered
SHP-000419,18-07-2024,2024-07-20,24/07/2024,Delhi ,Ahmedabad,1009.6,BharatCargo,Container,Standard,12940.2,43135,DELIVERED
SHP-001699,2024-10-08,2024-10-11,2024-10-13,Ahmedabad,Pune,621.6,TransIndia Logistics,Container,Standard,7449.2,27411,Delivered
SHP-000392,2024-11-15,2024-11-16,2024-11-17,Delhi,jaipur,311.8,BHARATCARGO,Mini Truck,Standard,929.0,4418,Delivered
SHP-000593,14-06-2024,16-06-2024,2024-06-20,Mumbai,Delhi,1560.6,SafeHaul,Container,Standard,14984.2,52760,Delivered
SHP-001523,2024-09-30,2024-09-30,2024-10-04,Hyderabad,Ahmedabad,1236.7,RapidFreight,Truck,Standard,4503.1 kg,28467,Delivered
SHP-001163,2024-02-04,2024-02-04,2024-02-08,Hyderabad,Kolkata,1406.5,SafeHaul,Truck,Express,4514.6,41399,delivered
SHP-001087,16-12-2024,2024-12-16,N/A,Chennai,Jaipur,2057.4,SafeHaul,Truck,Standard,14125.6,59378,DELIVERED
SHP-001496,2024-10-20,20/10/2024,2024-10-26,Kolkata,Mumbai,2101.2,SafeHaul,Truck,Standard,13765.1,53984,Delivered 
SHP-000648,03-12-2024,2024-12-03,2024-12-09,Bengaluru,Delhi,2284.1,RapidFreight,Truck,Standard,14666.9,59172,Delivered
SHP-001153,2024-09-26,2024-09-27,2024-10-04,Delhi,Chennai,2245.4,RapidFreight,-,Standard,8230.8 kg,"₹59,844",Delivered
SHP-001368,2024-11-24,2024-11-24,2024-11-27,Delhi,Patna,1073.1,BharatCargo,Truck,Express,4686.8,32752,Delivered
SHP-000521,2024-02-07,2024-02-07,11/02/2024,Hyderabad,Lucknow,null,TransIndia Logistics,Truck,Express,3793.4,452538,Delivered
SHP-001863,2024-06-07,2024-06-08,11/06/2024,ahmedabad,Hyderabad,1085.9,BharatCargo,Truck,Standard,7776.2,26045,Delivered
SHP-001881,23-01-2024,2024-01-23,26-01-2024,Bengaluru,Mumbai,1080.4,BharatCargo,Truck,Standard,4875.3,26776,Delivered
SHP-000065,2024-04-04,2024-04-07,2024-04-13,Kolkata,Ahmedabad,2265.0,GreenLine Carriers,Truck,Standard,4285.3,49198,Delivered
SHP-001837,2024-12-15,2024-12-16,2024-12-17,Delhi,Jaipur,320.1,RapidFreight,,Standard,3849.1,"₹9,843",Delivered
SHP-000015,24-09-2024,2024-09-27,03-10-2024,Bengaluru,Kolkata,2031.4,BharatCargo,Truck,Standard,,44055,Delivered
SHP-001181,2024-01-20,2024-01-20,2024-01-26,Chennai,Jaipur,2102.0,GreenLine Carriers,Truck,Express,14949.8,"₹67,133",Delivered
SHP-001065,08-11-2024,2024-11-10,12/11/2024,Mumbai,Patna,1841.3,RapidFreight,Air Cargo,Standard,316.2,55397,Delivered
SHP-000493,2024-07-21,2024-07-23,2024-07-25,Kolkata,Pune,2045.7,TransIndia Logistics,Air Cargo,Standard,298.1,66654,Delivered
SHP-000380,26-05-2024,2024-05-26,2024-05-31,Madras,lucknow,1948.3,RapidFreight,Truck,Standard,3896.6,"INR 43,350",Delivered
SHP-000188,2024-05-24,26/05/2024,2024-06-01,Delhi,Chennai,2277.2,BharatCargo,Truck,Standard,7806.5,"INR 56,117",Delivered
SHP-000764,2024-04-12,14/04/2024,2024-04-20,Delhi,Chennai,2184.4,RapidFreight,Truck,Standard,10048.2,NA,Delivered
SHP-000217,2024-10-27,30-10-2024,2024-11-01,Delhi,Hyderabad ,1622.3,BharatCargo,Air Cargo,Standard,208.7,47852,Delivered 
SHP-000792,2024-09-06,2024-09-08,2024-09-11,Bengaluru,Lucknow,2017.5,RapidFreight,Air Cargo,Standard,1278.4,83033,Delivered
SHP-001077,2024-01-29,2024-01-30,2024-02-01,Bengaluru,Chennai,389.3,RapidFreight,Mini Truck,Standard,552.3,5796,Delivered
SHP-000879,2024-10-11,2024-10-13,2024-10-18,Kolkata,pune,1990.9,BharatCargo,Truck,Standard,8223.1,48764,Delivered
SHP-000338,2024-10-03,2024-10-03,2024-10-05,Chennai,Bengaluru,388.0,TransIndia Logistics,Mini Truck,Express,288.2,"₹6,230",Delivered
SHP-001773,17-08-2024,2024-08-18,2024-08-24,Kolkata,Hyderabad,1548.2,GreenLine Carriers,Mini Truck,Standard,659.2,"₹19,376",Delivered
SHP-000720,2024-07-30,2024-07-30,2024-08-01,ahmedabad,Mumbai ,581.5,BharatCargo,Truck,Standard,3133.4,12846,Delivered
SHP-001749,2024-12-11,2024-12-11,2024-12-16,Bengaluru,Lucknow,2033.9,BharatCargo,Container,Standard,11458.0,70669,Delivered
SHP-000296,05-08-2024,2024-08-05,09-08-2024,Ahmedabad,Lucknow,1240.5,BharatCargo,Mini Truck,Express,522.2,21002,Delivered
SHP-001726,2024-04-18,2024-04-21,2024-04-26,Delhi,Bengaluru ,2171.3,RapidFreight,Container,Standard,13711.9,89733,Delivered
SHP-001017,2024-09-02,2024-09-03,06/09/2024,Chennai,Delhi,2243.6,RapidFreight,Air Cargo,Standard,781.3,87967,Delivered
SHP-001276,2024-09-07,2024-09-09,2024-09-13,Mumbai,Chennai,1382.0,TransIndia Logistics,Mini Truck,Standard,1352.1,16567,Returned
SHP-001751,2024-07-23,2024-07-26,2024-07-28,Kolkata,jaipur,1694.0,SafeHaul,Air Cargo,Standard,124.6,"₹50,459",Delivered
SHP-001486,2024-04-11,2024-04-13,2024-04-19,Delhi,Kolkata,1692.8,RapidFreight,Container,Standard,11693.4,64515,Delivered 
SHP-000456,16-11-2024,2024-11-18,22-11-2024,Delhi,Mumbai,1377.5,BharatCargo,Truck,Standard,18000.0,42171,Delivered
SHP-001928,2024-03-13,2024-03-13,2024-03-15,Chennai,Patna,1775.2,BHARATCARGO,Air Cargo,Standard,792.2,63701,Delivered
SHP-000816,2024-04-24,2024-04-25,2024-04-30,Hyderabad,Kolkata,1469.3,BharatCargo ,Mini Truck,Standard,1092.5,18113,Delivered
SHP-001887,2024-01-14,2024-01-15,2024-01-17,New Delhi,Lucknow,504.2,GreenLine Carriers,Truck,Standard,13954.0,"₹21,348",Delivered
SHP-000270,2024-12-07,2024-12-10,2024-12-14,Delhi,Patna,1079.1,SafeHaul,Mini Truck,Standard,NA,"₹14,897",Delivered
SHP-000996,2024-09-28,2024-09-29,2024-10-04,Bengaluru,Calcutta,1883.1,BharatCargo,Container,Express,11497.0,89609,delivered
SHP-000202,2024-04-03,2024-04-04,2024-04-06,Ahmedabad,Pune,649.1,BharatCargo,Container,Standard,15750.1,26916,Delivered
SHP-000162,03-08-2024,2024-08-03,2024-08-08,Ahmedabad,chennai,1884.3,BharatCargo,Truck,Express,2762.1,50219,Delivered
SHP-001580,2024-10-04,2024-10-07,2024-10-09,Hyderabad,Chennai,693.1,RapidFreight,Truck,Standard,4271.2 kg,"₹17,386",Delivered
SHP-000730,2024-04-06,2024-04-09,2024-04-12,Bengaluru,Pune,924.5,TransIndia Logistics,Container,Standard,9309.9,N/A,Delivered 
SHP-000402,2024-10-16,2024-10-17,2024-10-19,ahmedabad,Mumbai,563.6,RapidFreight,Truck,Express,11980.8 kg,"₹24,355",Delivered
SHP-000703,2024-10-10,2024-10-12,15/10/2024,delhi,Patna,1036.1,TransIndia Logistics,Mini Truck,Standard,1342.7,13713,Delivered
SHP-001501,2024-07-25,2024-07-25,2024-08-01,chennai,Lucknow ,1991.6,NA,Truck,Standard,,48329,Delivered 
SHP-001846,2024-10-17,2024-10-20,null,Kolkata,Mumbai,2111.1,TransIndia Logistics,Air Cargo,Standard,108.5,68768,DELIVERED
SHP-001796,2024-11-21,21/11/2024,2024-11-22,Mumbai,Chennai,1339.9,TransIndia Logistics,Air Cargo,Express,463.0,62223,Returned
SHP-001130,2024-05-20,2024-05-22,2024-05-26,Ahmedabad,Patna,1626.7,safehaul,Container,Standard,10603.3,61029,Delivered
SHP-000566,2024-08-16,2024-08-17,2024-08-19,Chennai,Bengaluru,368.5,greenline carriers,Mini Truck,Standard,358.9,"INR 5,591",Delivered
SHP-001414,2024-02-02,05-02-2024,2024-02-07,Ahmedabad,Jaipur,667.4,SafeHaul,Truck,Standard,15351.8,25399,Delivered
SHP-001022,2024-01-08,10-01-2024,12-01-2024,Chennai,Hyderabad,660.2,SafeHaul,Truck,Standard,N/A,"INR 26,026",Delivered
SHP-001026,2024-03-09,2024-03-10,NA,Mumbai,Kolkata,2063.9,GreenLine Carriers,Air Cargo,Express,89.1,77225,Delivered
SHP-001412,2024-03-30,2024-03-31,2024-04-02,Ahmedabad,Bengaluru,1547.6,RapidFreight,Air Cargo,Express,239.7,65182,Delivered
SHP-001896,02/09/2024,2024-09-02,2024-09-07,Delhi,Ahmedabad,1043.9,GreenLine Carriers,Container,Standard,null,"₹45,950",Delivered
SHP-001586,2024-09-01,02-09-2024,2024-09-05,Ahmedabad,Pune,655.4,SafeHaul,NA,Express,5157.5,"₹23,498",Delivered
SHP-001956,2024-10-11,11-10-2024,13/10/2024,Ahmedabad,Pune,658.5,RapidFreight,Truck,Standard,14161.2,23741,Returned
SHP-001105,2024-02-05,2024-02-06,11-02-2024,Delhi,Kolkata,1667.1,RapidFreight,Mini Truck,Standard,703.1,NA,Delivered
SHP-000206,2024-08-12,2024-08-14,2024-08-19,Mumbai,Jaipur,1203.0,SafeHaul,Mini Truck,Standard,1183.8,"INR 14,783",Delivered
SHP-000035,2024-09-27,2024-09-28,2024-09-30,Bengaluru,Hyderabad,622.0,RapidFreight,Container,Express,-,35260,Delivered
SHP-000776,04/11/2024,2024-11-05,2024-11-09,Hyderabad,Delhi,1597.8,SafeHaul,Container,Express,13680.8,"₹72,663",Delivered
SHP-000509,04/06/2024,2024-06-04,2024-06-10,Bengaluru,Kolkata,2001.4,SafeHaul,Truck,Standard,9111.7,"₹47,126",Delivered
SHP-001452,2024-09-23,2024-09-24,2024-10-01,Kolkata,Ahmedabad,2131.7,RapidFreight,Mini Truck,Express,1175.8,"₹35,960",Delivered
SHP-001479,2024-06-20,2024-06-22,2024-06-28,Bengaluru,Delhi,2214.6,GreenLine Carriers,Container,Standard,6517.8,"₹71,894",Delivered
SHP-000276,2024-05-05,2024-05-06,2024-05-08,Mumbai,Ahmedabad,585.2,SafeHaul,Truck,Standard,6505.2,16598,Delivered
SHP-001391,21-12-2024,2024-12-21,2024-12-23,ahmedabad,Mumbai,564.9,RapidFreight,Mini Truck,Standard,570.1,7035,Delivered
SHP-000092,2024-08-30,2024-08-30,2024-09-01,Chennai,Delhi,2231.9,RapidFreight,Air Cargo,Standard,444.9,"INR 75,094",Delivered
SHP-001364,13-11-2024,2024-11-13,2024-11-14,Delhi,Jaipur,297.7,BharatCargo,Mini Truck,Express,384.4,"₹4,519",Delivered
SHP-000898,2024-05-02,03/05/2024,2024-05-07,Mumbai,Patna,1787.6,BharatCargo,Container,Express,9496.9,88201,Delivered
SHP-000565,2024-08-16,2024-08-17,2024-08-22,Kolkata,Jaipur,1812.2,BharatCargo,Container,Standard,16823.4,62106,Delivered
SHP-001370,2024-06-13,2024-06-14,17-06-2024,Mumbai,Chennai,1284.4,TransIndia Logistics,Container,Standard,9404.3,44653,Delivered
SHP-000777,2024-05-29,29/05/2024,2024-06-03,Kolkata,Bengaluru,1975.4,SafeHaul,Container,Standard,17473.4,76609,Delivered
SHP-000242,2024-12-19,2024-12-19,2024-12-23,Hyderabad ,Kolkata,1560.4,BharatCargo,Container,Standard,8548.7,61698,Delivered
SHP-000014,2024-02-08,08-02-2024,2024-02-10,Hyderabad,Bengaluru,680.4,bharatcargo,,Standard,-,18926,Delivered
SHP-000316,11-03-2024,2024-03-13,17-03-2024,Bombay,Chennai,1368.8,RapidFreight,Truck,Standard,3354.6 kg,32491,Delivered
SHP-000601,2024-08-28,2024-08-30,2024-09-05,Bengaluru,Lucknow,2054.2,BharatCargo,Truck,Standard,1444.1,"₹47,747",Delivered
SHP-000388,2024-01-10,2024-01-10,13-01-2024,Ahmedabad,Delhi,929.1,BharatCargo,Container,Express,16223.6,51073,Delivered
SHP-001298,05/06/2024,2024-06-06,2024-06-08,Delhi,Pune,1570.7,RapidFreight,Air Cargo,Standard,43.5,46239,Delivered
SHP-000167,2024-07-12,12/07/2024,2024-07-15,Hyderabad,Bengaluru,654.6,RapidFreight,Mini Truck,Express,542.3 kg,11476,Delivered 
SHP-000841,2024-10-10,2024-10-10,14-10-2024,DELHI,Ahmedabad,1014.6,BharatCargo,Mini Truck,Express,656.9,"₹16,194",Delivered
SHP-000021,2024-06-24,25-06-2024,2024-06-27,Chennai,Mumbai ,1189.5,RapidFreight,Air Cargo,Express,53.4,46630,Delivered
SHP-000647,2024-11-13,14/11/2024,2024-11-17,Delhi,ahmedabad,939.8,BharatCargo,Container,Standard,11650.3,42636,Delivered
SHP-001843,2024-08-12,2024-08-13,2024-08-17,Delhi,Patna,1123.7,GreenLine Carriers,Container,Standard,8286.0,"₹42,293",Delivered
SHP-001509,2024-12-18,2024-12-18,2024-12-23,Mumbai ,Patna,1699.0,BharatCargo,Truck,Standard,6702.4,46921,Delivered
SHP-001155,2024-07-28,2024-07-28,2024-08-03,Bengaluru,Jaipur,1861.3,RapidFreight,Mini Truck,Standard,968.6,21806,Delivered
SHP-001529,2024-08-14,2024-08-17,2024-08-21,Delhi,Mumbai,1465.3, RapidFreight,Truck,Standard,6409.2,39069,delivered
SHP-000832,29-06-2024,2024-06-29,07/07/2024,Kolkata,Mumbai,2111.7,RapidFreight,Mini Truck,Express,406.7,30394,Delivered
SHP-001268,2024-06-24,2024-06-25,2024-06-30,Ahmedabad,PATNA,1616.2,TransIndia Logistics,Truck,Standard,557730.0,"INR 37,812",Delivered
SHP-001591,2024-04-05,07/04/2024,11/04/2024,Delhi,Mumbai,1472.9,BharatCargo,Truck,Standard,6057.0,"INR 35,876",Delivered
SHP-001900,2024-01-14,2024-01-14,2024-01-15,Delhi,Jaipur,287.8,SafeHaul,Truck,Express,3006.7,9178,Delivered
SHP-000563,2024-06-21,2024-06-22,2024-06-27,Hyderabad,Delhi,1604.3,RapidFreight,Truck,Express,3578.1,"INR 47,010",Delivered
SHP-001997,17/07/2024,19-07-2024,2024-07-20,Mumbai,Jaipur,1227.5,RapidFreight,Air Cargo,Standard,132.9,41102,Delivered
SHP-000687,2024-04-02,2024-04-03,2024-04-08,Bengaluru,lucknow,,RapidFreight,Container,Express,11784.5,"₹85,274",Delivered
SHP-000958,2024-10-05,07-10-2024,2024-10-08,Bengaluru,Chennai,353.9,RapidFreight,Truck,Standard,2943.0,10426,Delivered
SHP-000190,2024-02-21,2024-02-21,2024-02-25,Mumbai,Lucknow,1571.3,NA,Truck,Standard,1637.7,30517,Delivered
SHP-001807,2024-09-08,2024-09-10,2024-09-16,Delhi,Hyderabad,1603.9,SafeHaul,Truck,Standard,18000.0,NA,Delivered
SHP-000976,2024-11-01,2024-11-01,2024-11-06,Kolkata,Jaipur,1664.9,SafeHaul,Truck,Standard,2173.2,"₹41,963",Delivered
SHP-000700,2024-05-11,2024-05-13,17/05/2024,Mumbai,Delhi,1430.1,TransIndia Logistics,Container,Standard,13890.6,52979,Delivered
SHP-001500,11/07/2024,2024-07-11,2024-07-16,Kolkata,Delhi,1703.6,null,Truck,Express,4524.7,43753,Delivered
SHP-001706,2024-01-02,2024-01-03,2024-01-05,Ahmedabad,jaipur,679.1,GreenLine Carriers,Mini Truck,Express,342.1,"INR 10,833",Delivered
SHP-000511,09-10-2024,2024-10-10,2024-10-12,Delhi,Chennai,2213.6,BharatCargo,Air Cargo,Standard,36.9,67748,Delivered
SHP-001083,2024-07-31,01/08/2024,02/08/2024,Ahmedabad,Delhi,988.5,SafeHaul,N/A,Standard,16.7,30250,Delivered
SHP-000475,2024-06-29,2024-07-02,2024-06-30,Mumbai,jaipur,1256.4,RapidFreight,Air Cargo,Standard,17.9,35987,delivered
SHP-001585,2024-02-27,28/02/2024,NA,Kolkata,hyderabad,1503.7,TransIndia Logistics,Container,Standard,8748.6,65641,Delivered
SHP-000857,2024-03-16,2024-03-18,2024-03-20,Chennai,Jaipur,2016.4,SafeHaul,Air Cargo,Standard,676.8 kg,74217,Delivered
SHP-000748,2024-11-20,21/11/2024,2024-11-26,Bengaluru,Kolkata,1947.1,TransIndia Logistics,Container,Standard,14022.1,76083,Delivered
SHP-000253,2024-09-04,2024-09-05,2024-09-07,Bengaluru,Lucknow ,1914.9,RapidFreight,Air Cargo,Standard,152.9,69837,Delivered
SHP-000022,27-05-2024,2024-05-28,01-06-2024,Mumbai,Delhi ,1343.5,SafeHaul,Mini Truck,Standard,291.5,"INR 14,578",Delivered
SHP-001338,2024-01-12,13/01/2024,2024-01-15,Kolkata,patna,569.3,TransIndia Logistics,Truck,Standard,7665.8,16889,Delivered
SHP-000460,21-05-2024,2024-05-21,2024-05-26,kolkata,Pune,1951.3,RapidFreight,Truck,Standard,3247.8,"₹47,828",Delivered
SHP-001185,2024-04-23,2024-04-23,2024-04-26,Delhi ,Ahmedabad,1031.7,RapidFreight,Container,Standard,21889.3,45345,Delivered
SHP-000277,2024-09-09,10-09-2024,14-09-2024,Mumbai,Delhi,1436.2,RapidFreight,Container,Express,26301.7,"₹69,741",Delivered
SHP-000956,2024-01-22,2024-01-23,25-01-2024,Hyderabad,Mumbai,786.4,SafeHaul,Container,Standard,16987.3 kg,35755,Delivered
SHP-001216,2024-07-02,2024-07-02,2024-07-08,Bengaluru,Kolkata,1988.4,SafeHaul,Mini Truck,Standard,743.1,24638,Delivered
SHP-000386,2024-02-03,2024-02-03,2024-02-05,Ahmedabad,pune,693.2,TransIndia Logistics,Mini Truck,Standard,544.0,"₹8,094",Delivered
SHP-000806,2024-11-02,2024-11-02,2024-11-05,DELHI,Ahmedabad,966.2,TransIndia Logistics,Truck,Express,1960.4,"INR 26,544",Delivered
SHP-001438,2024-03-03,04-03-2024,2024-03-10,Bengaluru,Delhi,2088.1,BharatCargo,Container,Standard,NA,81139,Delivered
SHP-001516,2024-03-05,2024-03-05,2024-03-06,Mumbai,Pune,162.9,GreenLine Carriers,Truck,Express,2993.1,6875,Delivered
SHP-000344,2024-01-15,2024-01-16,2024-01-21,Kolkata,Chennai,1805.3,TransIndia Logistics,Truck,Standard,,N/A,Delivered
SHP-000770,2024-08-10,2024-08-10,2024-08-15,Kolkata,Delhi,1618.9,GreenLine Carriers,Truck,Standard,13686.9,"INR 41,963",Delivered
SHP-001333,30-04-2024,2024-05-01,2052-05-03,Bengaluru,Chennai,364.9,RapidFreight,Mini Truck,Standard,,5512,Delivered
SHP-001686,2024-01-12,12-01-2024,2024-01-15,Mumbai,Hyderabad,NA,RapidFreight,Truck,Standard,6815.4,23322,Delivered
SHP-000131,2024-08-01,2024-08-01,06-08-2024,Delhi,Mumbai,1478.5,BharatCargo,Mini Truck,Express,N/A,23448,Delivered
SHP-001688,2024-01-22,2024-01-24,2024-01-29,Bengaluru,Kolkata,1909.3,TransIndia Logistics,Truck,Standard,3506.0,43406,Delivered
SHP-000872,2024-03-25,2024-03-25,2024-03-28,Delhi ,Lucknow,554.6,GreenLine Carriers,Mini Truck,Standard,347.0,"₹7,713",Delivered
SHP-001124,23-01-2024,2024-01-23,28-01-2024,New Delhi,pune,1552.9,BharatCargo,Truck,Standard,12598.3,44680,delivered
SHP-001397,2024-08-24,2024-08-24,29/08/2024,Bengaluru,Lucknow,1882.2,GreenLine Carriers,Truck,Standard,11826.3,"₹54,674",Delivered
SHP-000088,26/07/2024,2024-07-27,2024-08-01,Bengaluru,Lucknow,1926.4,TransIndia Logistics,Container,Express,155515.0,"₹90,836",Delivered
SHP-001483,2024-09-28,2024-09-28,2024-10-03,Kolkata,Bengaluru,1928.4,SafeHaul,Truck,Standard,-,44281,DELIVERED
SHP-000331,2024-11-07,2024-11-08,13-11-2024,Chennai,Mumbai,1407.9,RapidFreight,Mini Truck,Standard,,18455,Delivered
SHP-001239,2024-08-25,2024-08-25,2024-08-27,Delhi ,Lucknow,546.5,RapidFreight,Container,Standard,16924.7,27673,Delivered
SHP-000467,06-10-2024,2024-10-07,13/10/2024,Kolkata,Ahmedabad,2030.9,BharatCargo,Truck,Standard,8377.1,51718,Delivered 
SHP-000122,2024-02-22,2024-02-22,26/02/2024,Calcutta,Lucknow,1114.5,BharatCargo,Mini Truck,Standard,928.4,,Delivered
SHP-001639,2024-11-22,2024-11-23,2024-11-25,Mumbai ,Kolkata,2256.2,RapidFreight,Air Cargo,Standard,20.6,"INR 68,296",Delivered
SHP-001045,13-05-2024,2024-05-15,2024-05-16,Delhi,Jaipur,297.8,RapidFreight,Truck,Standard,3646.5,9424,Delivered
SHP-001725,2024-01-15,2024-01-16,2024-01-23,Bengaluru,Kolkata,-,SafeHaul,Truck,Standard,4298.0,50219,Delivered
SHP-001096,2024-09-10,2024-09-11,2024-09-15,Bengaluru,Mumbai,1074.8,RapidFreight,Truck,Standard,8908.4,30174,delivered
SHP-001131,2024-12-27,2024-12-27,2025-01-02,Ahmedabad,Madras,1711.9,RapidFreight,Truck,Standard,5365.2,40721,Delivered
SHP-001295,2024-10-27,2024-10-29,2024-11-02,Mumbai,Lucknow,16485.0,SafeHaul,Container,Standard,12489.0,"₹65,640",Delivered
SHP-000861,2024-08-01,2024-08-03,10-08-2024,Chennai,Delhi,2312.1,BharatCargo,Truck,Standard,5908.4,"INR 50,758",Delivered 
SHP-001460,2024-03-22,2024-03-23,2024-03-26,mumbai,Jaipur,1127.0,RapidFreight,Container,Standard,13536.6,45081,Delivered
SHP-001127,2024-07-22,22/07/2024,28-07-2024,Bengaluru,Kolkata,1989.8,RapidFreight,null,Standard,786.4,23654,Delivered
